ISO-10303-21;
HEADER;
FILE_DESCRIPTION(('KiCad electronic assembly'),'2;1');
FILE_NAME('Vibe Bot - Display Device - DZ.step','2026-03-01T10:43:52',(
    'Pcbnew'),('Kicad'),'Open CASCADE STEP processor 7.8',
  'KiCad to STEP converter','Unknown');
FILE_SCHEMA(('AUTOMOTIVE_DESIGN { 1 0 10303 214 1 1 1 1 }'));
ENDSEC;
DATA;
#1 = APPLICATION_PROTOCOL_DEFINITION('international standard',
  'automotive_design',2000,#2);
#2 = APPLICATION_CONTEXT(
  'core data for automotive mechanical design processes');
#3 = SHAPE_DEFINITION_REPRESENTATION(#4,#10);
#4 = PRODUCT_DEFINITION_SHAPE('','',#5);
#5 = PRODUCT_DEFINITION('design','',#6,#9);
#6 = PRODUCT_DEFINITION_FORMATION('','',#7);
#7 = PRODUCT('Vibe Bot - Display Device - DZ 1',
  'Vibe Bot - Display Device - DZ 1','',(#8));
#8 = PRODUCT_CONTEXT('',#2,'mechanical');
#9 = PRODUCT_DEFINITION_CONTEXT('part definition',#2,'design');
#10 = SHAPE_REPRESENTATION('',(#11,#15,#19,#23,#27,#31,#35,#39),#43);
#11 = AXIS2_PLACEMENT_3D('',#12,#13,#14);
#12 = CARTESIAN_POINT('',(0.,0.,0.));
#13 = DIRECTION('',(0.,0.,1.));
#14 = DIRECTION('',(1.,0.,-0.));
#15 = AXIS2_PLACEMENT_3D('',#16,#17,#18);
#16 = CARTESIAN_POINT('',(-48.5,-31.54,1.595));
#17 = DIRECTION('',(0.,0.,1.));
#18 = DIRECTION('',(-1.,1.224646799147E-16,0.));
#19 = AXIS2_PLACEMENT_3D('',#20,#21,#22);
#20 = CARTESIAN_POINT('',(-55.325,-36.54,1.595));
#21 = DIRECTION('',(0.,0.,1.));
#22 = DIRECTION('',(1.,0.,0.));
#23 = AXIS2_PLACEMENT_3D('',#24,#25,#26);
#24 = CARTESIAN_POINT('',(-64.5,-44.54,1.595));
#25 = DIRECTION('',(0.,-0.,1.));
#26 = DIRECTION('',(1.110223024625E-16,1.,0.));
#27 = AXIS2_PLACEMENT_3D('',#28,#29,#30);
#28 = CARTESIAN_POINT('',(-98.5,-36.,1.595));
#29 = DIRECTION('',(0.,0.,1.));
#30 = DIRECTION('',(1.,0.,0.));
#31 = AXIS2_PLACEMENT_3D('',#32,#33,#34);
#32 = CARTESIAN_POINT('',(-79.,-43.,1.595));
#33 = DIRECTION('',(0.,0.,1.));
#34 = DIRECTION('',(1.,0.,0.));
#35 = AXIS2_PLACEMENT_3D('',#36,#37,#38);
#36 = CARTESIAN_POINT('',(-98.5,-28.54,1.595));
#37 = DIRECTION('',(0.,0.,1.));
#38 = DIRECTION('',(-1.,1.224646799147E-16,0.));
#39 = AXIS2_PLACEMENT_3D('',#40,#41,#42);
#40 = CARTESIAN_POINT('',(0.,0.,0.));
#41 = DIRECTION('',(0.,0.,1.));
#42 = DIRECTION('',(1.,0.,-0.));
#43 = ( GEOMETRIC_REPRESENTATION_CONTEXT(3) 
GLOBAL_UNCERTAINTY_ASSIGNED_CONTEXT((#47)) GLOBAL_UNIT_ASSIGNED_CONTEXT(
(#44,#45,#46)) REPRESENTATION_CONTEXT('Context #1',
  '3D Context with UNIT and UNCERTAINTY') );
#44 = ( LENGTH_UNIT() NAMED_UNIT(*) SI_UNIT(.MILLI.,.METRE.) );
#45 = ( NAMED_UNIT(*) PLANE_ANGLE_UNIT() SI_UNIT($,.RADIAN.) );
#46 = ( NAMED_UNIT(*) SI_UNIT($,.STERADIAN.) SOLID_ANGLE_UNIT() );
#47 = UNCERTAINTY_MEASURE_WITH_UNIT(LENGTH_MEASURE(1.E-07),#44,
  'distance_accuracy_value','confusion accuracy');
#48 = PRODUCT_RELATED_PRODUCT_CATEGORY('part',$,(#7));
#49 = SHAPE_DEFINITION_REPRESENTATION(#50,#56);
#50 = PRODUCT_DEFINITION_SHAPE('','',#51);
#51 = PRODUCT_DEFINITION('design','',#52,#55);
#52 = PRODUCT_DEFINITION_FORMATION('','',#53);
#53 = PRODUCT('PinHeader_1x04_P2.54mm_Vertical',
  'PinHeader_1x04_P2.54mm_Vertical','',(#54));
#54 = PRODUCT_CONTEXT('',#2,'mechanical');
#55 = PRODUCT_DEFINITION_CONTEXT('part definition',#2,'design');
#56 = ADVANCED_BREP_SHAPE_REPRESENTATION('',(#11,#57),#2837);
#57 = MANIFOLD_SOLID_BREP('',#58);
#58 = CLOSED_SHELL('',(#59,#99,#130,#161,#490,#819,#836,#853,#870,#887,
    #904,#921,#938,#955,#972,#989,#1006,#1023,#1040,#1057,#1074,#1091,
    #1108,#1125,#1142,#1159,#1176,#1193,#1205,#1236,#1260,#1284,#1301,
    #1332,#1356,#1380,#1397,#1428,#1452,#1476,#1493,#1524,#1548,#1572,
    #1589,#1620,#1644,#1668,#1685,#1716,#1740,#1764,#1781,#1812,#1836,
    #1860,#1877,#1908,#1932,#1956,#1973,#2004,#2028,#2052,#2069,#2100,
    #2124,#2148,#2165,#2196,#2220,#2244,#2261,#2292,#2316,#2340,#2357,
    #2388,#2412,#2436,#2453,#2484,#2508,#2532,#2549,#2580,#2604,#2628,
    #2645,#2676,#2700,#2724,#2741,#2753,#2765,#2777,#2789,#2801,#2813,
    #2825));
#59 = ADVANCED_FACE('',(#60),#94,.F.);
#60 = FACE_BOUND('',#61,.F.);
#61 = EDGE_LOOP('',(#62,#72,#80,#88));
#62 = ORIENTED_EDGE('',*,*,#63,.T.);
#63 = EDGE_CURVE('',#64,#66,#68,.T.);
#64 = VERTEX_POINT('',#65);
#65 = CARTESIAN_POINT('',(-1.016,1.27,0.));
#66 = VERTEX_POINT('',#67);
#67 = CARTESIAN_POINT('',(-1.016,1.27,2.54));
#68 = LINE('',#69,#70);
#69 = CARTESIAN_POINT('',(-1.016,1.27,0.));
#70 = VECTOR('',#71,1.);
#71 = DIRECTION('',(0.,0.,1.));
#72 = ORIENTED_EDGE('',*,*,#73,.T.);
#73 = EDGE_CURVE('',#66,#74,#76,.T.);
#74 = VERTEX_POINT('',#75);
#75 = CARTESIAN_POINT('',(-1.27,1.016,2.54));
#76 = LINE('',#77,#78);
#77 = CARTESIAN_POINT('',(-1.016,1.27,2.54));
#78 = VECTOR('',#79,1.);
#79 = DIRECTION('',(-0.707106781187,-0.707106781187,0.));
#80 = ORIENTED_EDGE('',*,*,#81,.F.);
#81 = EDGE_CURVE('',#82,#74,#84,.T.);
#82 = VERTEX_POINT('',#83);
#83 = CARTESIAN_POINT('',(-1.27,1.016,0.));
#84 = LINE('',#85,#86);
#85 = CARTESIAN_POINT('',(-1.27,1.016,0.));
#86 = VECTOR('',#87,1.);
#87 = DIRECTION('',(0.,0.,1.));
#88 = ORIENTED_EDGE('',*,*,#89,.F.);
#89 = EDGE_CURVE('',#64,#82,#90,.T.);
#90 = LINE('',#91,#92);
#91 = CARTESIAN_POINT('',(-1.016,1.27,0.));
#92 = VECTOR('',#93,1.);
#93 = DIRECTION('',(-0.707106781187,-0.707106781187,0.));
#94 = PLANE('',#95);
#95 = AXIS2_PLACEMENT_3D('',#96,#97,#98);
#96 = CARTESIAN_POINT('',(-1.016,1.27,0.));
#97 = DIRECTION('',(0.707106781187,-0.707106781187,0.));
#98 = DIRECTION('',(-0.707106781187,-0.707106781187,0.));
#99 = ADVANCED_FACE('',(#100),#125,.F.);
#100 = FACE_BOUND('',#101,.F.);
#101 = EDGE_LOOP('',(#102,#112,#118,#119));
#102 = ORIENTED_EDGE('',*,*,#103,.T.);
#103 = EDGE_CURVE('',#104,#106,#108,.T.);
#104 = VERTEX_POINT('',#105);
#105 = CARTESIAN_POINT('',(1.016,1.27,0.));
#106 = VERTEX_POINT('',#107);
#107 = CARTESIAN_POINT('',(1.016,1.27,2.54));
#108 = LINE('',#109,#110);
#109 = CARTESIAN_POINT('',(1.016,1.27,0.));
#110 = VECTOR('',#111,1.);
#111 = DIRECTION('',(0.,0.,1.));
#112 = ORIENTED_EDGE('',*,*,#113,.T.);
#113 = EDGE_CURVE('',#106,#66,#114,.T.);
#114 = LINE('',#115,#116);
#115 = CARTESIAN_POINT('',(1.016,1.27,2.54));
#116 = VECTOR('',#117,1.);
#117 = DIRECTION('',(-1.,0.,0.));
#118 = ORIENTED_EDGE('',*,*,#63,.F.);
#119 = ORIENTED_EDGE('',*,*,#120,.F.);
#120 = EDGE_CURVE('',#104,#64,#121,.T.);
#121 = LINE('',#122,#123);
#122 = CARTESIAN_POINT('',(1.016,1.27,0.));
#123 = VECTOR('',#124,1.);
#124 = DIRECTION('',(-1.,0.,0.));
#125 = PLANE('',#126);
#126 = AXIS2_PLACEMENT_3D('',#127,#128,#129);
#127 = CARTESIAN_POINT('',(1.016,1.27,0.));
#128 = DIRECTION('',(0.,-1.,0.));
#129 = DIRECTION('',(-1.,0.,0.));
#130 = ADVANCED_FACE('',(#131),#156,.F.);
#131 = FACE_BOUND('',#132,.F.);
#132 = EDGE_LOOP('',(#133,#134,#142,#150));
#133 = ORIENTED_EDGE('',*,*,#81,.T.);
#134 = ORIENTED_EDGE('',*,*,#135,.T.);
#135 = EDGE_CURVE('',#74,#136,#138,.T.);
#136 = VERTEX_POINT('',#137);
#137 = CARTESIAN_POINT('',(-1.27,-1.016,2.54));
#138 = LINE('',#139,#140);
#139 = CARTESIAN_POINT('',(-1.27,1.016,2.54));
#140 = VECTOR('',#141,1.);
#141 = DIRECTION('',(0.,-1.,0.));
#142 = ORIENTED_EDGE('',*,*,#143,.F.);
#143 = EDGE_CURVE('',#144,#136,#146,.T.);
#144 = VERTEX_POINT('',#145);
#145 = CARTESIAN_POINT('',(-1.27,-1.016,0.));
#146 = LINE('',#147,#148);
#147 = CARTESIAN_POINT('',(-1.27,-1.016,0.));
#148 = VECTOR('',#149,1.);
#149 = DIRECTION('',(0.,0.,1.));
#150 = ORIENTED_EDGE('',*,*,#151,.F.);
#151 = EDGE_CURVE('',#82,#144,#152,.T.);
#152 = LINE('',#153,#154);
#153 = CARTESIAN_POINT('',(-1.27,1.016,0.));
#154 = VECTOR('',#155,1.);
#155 = DIRECTION('',(0.,-1.,0.));
#156 = PLANE('',#157);
#157 = AXIS2_PLACEMENT_3D('',#158,#159,#160);
#158 = CARTESIAN_POINT('',(-1.27,1.016,0.));
#159 = DIRECTION('',(1.,0.,0.));
#160 = DIRECTION('',(0.,-1.,0.));
#161 = ADVANCED_FACE('',(#162,#349,#383,#417,#451),#485,.F.);
#162 = FACE_BOUND('',#163,.F.);
#163 = EDGE_LOOP('',(#164,#165,#166,#174,#182,#190,#198,#206,#214,#222,
    #230,#238,#246,#254,#262,#270,#278,#286,#294,#302,#310,#318,#326,
    #334,#342,#348));
#164 = ORIENTED_EDGE('',*,*,#89,.T.);
#165 = ORIENTED_EDGE('',*,*,#151,.T.);
#166 = ORIENTED_EDGE('',*,*,#167,.T.);
#167 = EDGE_CURVE('',#144,#168,#170,.T.);
#168 = VERTEX_POINT('',#169);
#169 = CARTESIAN_POINT('',(-1.016,-1.27,0.));
#170 = LINE('',#171,#172);
#171 = CARTESIAN_POINT('',(-1.27,-1.016,0.));
#172 = VECTOR('',#173,1.);
#173 = DIRECTION('',(0.707106781187,-0.707106781187,0.));
#174 = ORIENTED_EDGE('',*,*,#175,.T.);
#175 = EDGE_CURVE('',#168,#176,#178,.T.);
#176 = VERTEX_POINT('',#177);
#177 = CARTESIAN_POINT('',(-1.27,-1.524,0.));
#178 = LINE('',#179,#180);
#179 = CARTESIAN_POINT('',(-1.016,-1.27,0.));
#180 = VECTOR('',#181,1.);
#181 = DIRECTION('',(-0.707106781187,-0.707106781187,0.));
#182 = ORIENTED_EDGE('',*,*,#183,.T.);
#183 = EDGE_CURVE('',#176,#184,#186,.T.);
#184 = VERTEX_POINT('',#185);
#185 = CARTESIAN_POINT('',(-1.27,-3.556,0.));
#186 = LINE('',#187,#188);
#187 = CARTESIAN_POINT('',(-1.27,-1.524,0.));
#188 = VECTOR('',#189,1.);
#189 = DIRECTION('',(0.,-1.,0.));
#190 = ORIENTED_EDGE('',*,*,#191,.T.);
#191 = EDGE_CURVE('',#184,#192,#194,.T.);
#192 = VERTEX_POINT('',#193);
#193 = CARTESIAN_POINT('',(-1.016,-3.81,0.));
#194 = LINE('',#195,#196);
#195 = CARTESIAN_POINT('',(-1.27,-3.556,0.));
#196 = VECTOR('',#197,1.);
#197 = DIRECTION('',(0.707106781187,-0.707106781187,0.));
#198 = ORIENTED_EDGE('',*,*,#199,.T.);
#199 = EDGE_CURVE('',#192,#200,#202,.T.);
#200 = VERTEX_POINT('',#201);
#201 = CARTESIAN_POINT('',(-1.27,-4.064,0.));
#202 = LINE('',#203,#204);
#203 = CARTESIAN_POINT('',(-1.016,-3.81,0.));
#204 = VECTOR('',#205,1.);
#205 = DIRECTION('',(-0.707106781187,-0.707106781187,0.));
#206 = ORIENTED_EDGE('',*,*,#207,.T.);
#207 = EDGE_CURVE('',#200,#208,#210,.T.);
#208 = VERTEX_POINT('',#209);
#209 = CARTESIAN_POINT('',(-1.27,-6.096,0.));
#210 = LINE('',#211,#212);
#211 = CARTESIAN_POINT('',(-1.27,-4.064,0.));
#212 = VECTOR('',#213,1.);
#213 = DIRECTION('',(0.,-1.,0.));
#214 = ORIENTED_EDGE('',*,*,#215,.T.);
#215 = EDGE_CURVE('',#208,#216,#218,.T.);
#216 = VERTEX_POINT('',#217);
#217 = CARTESIAN_POINT('',(-1.016,-6.35,0.));
#218 = LINE('',#219,#220);
#219 = CARTESIAN_POINT('',(-1.27,-6.096,0.));
#220 = VECTOR('',#221,1.);
#221 = DIRECTION('',(0.707106781187,-0.707106781187,0.));
#222 = ORIENTED_EDGE('',*,*,#223,.T.);
#223 = EDGE_CURVE('',#216,#224,#226,.T.);
#224 = VERTEX_POINT('',#225);
#225 = CARTESIAN_POINT('',(-1.27,-6.604,0.));
#226 = LINE('',#227,#228);
#227 = CARTESIAN_POINT('',(-1.016,-6.35,0.));
#228 = VECTOR('',#229,1.);
#229 = DIRECTION('',(-0.707106781187,-0.707106781187,0.));
#230 = ORIENTED_EDGE('',*,*,#231,.T.);
#231 = EDGE_CURVE('',#224,#232,#234,.T.);
#232 = VERTEX_POINT('',#233);
#233 = CARTESIAN_POINT('',(-1.27,-8.636,0.));
#234 = LINE('',#235,#236);
#235 = CARTESIAN_POINT('',(-1.27,-6.604,0.));
#236 = VECTOR('',#237,1.);
#237 = DIRECTION('',(0.,-1.,0.));
#238 = ORIENTED_EDGE('',*,*,#239,.T.);
#239 = EDGE_CURVE('',#232,#240,#242,.T.);
#240 = VERTEX_POINT('',#241);
#241 = CARTESIAN_POINT('',(-1.016,-8.89,0.));
#242 = LINE('',#243,#244);
#243 = CARTESIAN_POINT('',(-1.27,-8.636,0.));
#244 = VECTOR('',#245,1.);
#245 = DIRECTION('',(0.707106781187,-0.707106781187,0.));
#246 = ORIENTED_EDGE('',*,*,#247,.T.);
#247 = EDGE_CURVE('',#240,#248,#250,.T.);
#248 = VERTEX_POINT('',#249);
#249 = CARTESIAN_POINT('',(1.016,-8.89,0.));
#250 = LINE('',#251,#252);
#251 = CARTESIAN_POINT('',(-1.016,-8.89,0.));
#252 = VECTOR('',#253,1.);
#253 = DIRECTION('',(1.,0.,0.));
#254 = ORIENTED_EDGE('',*,*,#255,.T.);
#255 = EDGE_CURVE('',#248,#256,#258,.T.);
#256 = VERTEX_POINT('',#257);
#257 = CARTESIAN_POINT('',(1.27,-8.636,0.));
#258 = LINE('',#259,#260);
#259 = CARTESIAN_POINT('',(1.016,-8.89,0.));
#260 = VECTOR('',#261,1.);
#261 = DIRECTION('',(0.707106781187,0.707106781187,0.));
#262 = ORIENTED_EDGE('',*,*,#263,.T.);
#263 = EDGE_CURVE('',#256,#264,#266,.T.);
#264 = VERTEX_POINT('',#265);
#265 = CARTESIAN_POINT('',(1.27,-6.604,0.));
#266 = LINE('',#267,#268);
#267 = CARTESIAN_POINT('',(1.27,-8.636,0.));
#268 = VECTOR('',#269,1.);
#269 = DIRECTION('',(0.,1.,0.));
#270 = ORIENTED_EDGE('',*,*,#271,.T.);
#271 = EDGE_CURVE('',#264,#272,#274,.T.);
#272 = VERTEX_POINT('',#273);
#273 = CARTESIAN_POINT('',(1.016,-6.35,0.));
#274 = LINE('',#275,#276);
#275 = CARTESIAN_POINT('',(1.27,-6.604,0.));
#276 = VECTOR('',#277,1.);
#277 = DIRECTION('',(-0.707106781187,0.707106781187,0.));
#278 = ORIENTED_EDGE('',*,*,#279,.T.);
#279 = EDGE_CURVE('',#272,#280,#282,.T.);
#280 = VERTEX_POINT('',#281);
#281 = CARTESIAN_POINT('',(1.27,-6.096,0.));
#282 = LINE('',#283,#284);
#283 = CARTESIAN_POINT('',(1.016,-6.35,0.));
#284 = VECTOR('',#285,1.);
#285 = DIRECTION('',(0.707106781187,0.707106781187,0.));
#286 = ORIENTED_EDGE('',*,*,#287,.T.);
#287 = EDGE_CURVE('',#280,#288,#290,.T.);
#288 = VERTEX_POINT('',#289);
#289 = CARTESIAN_POINT('',(1.27,-4.064,0.));
#290 = LINE('',#291,#292);
#291 = CARTESIAN_POINT('',(1.27,-6.096,0.));
#292 = VECTOR('',#293,1.);
#293 = DIRECTION('',(0.,1.,0.));
#294 = ORIENTED_EDGE('',*,*,#295,.T.);
#295 = EDGE_CURVE('',#288,#296,#298,.T.);
#296 = VERTEX_POINT('',#297);
#297 = CARTESIAN_POINT('',(1.016,-3.81,0.));
#298 = LINE('',#299,#300);
#299 = CARTESIAN_POINT('',(1.27,-4.064,0.));
#300 = VECTOR('',#301,1.);
#301 = DIRECTION('',(-0.707106781187,0.707106781187,0.));
#302 = ORIENTED_EDGE('',*,*,#303,.T.);
#303 = EDGE_CURVE('',#296,#304,#306,.T.);
#304 = VERTEX_POINT('',#305);
#305 = CARTESIAN_POINT('',(1.27,-3.556,0.));
#306 = LINE('',#307,#308);
#307 = CARTESIAN_POINT('',(1.016,-3.81,0.));
#308 = VECTOR('',#309,1.);
#309 = DIRECTION('',(0.707106781187,0.707106781187,0.));
#310 = ORIENTED_EDGE('',*,*,#311,.T.);
#311 = EDGE_CURVE('',#304,#312,#314,.T.);
#312 = VERTEX_POINT('',#313);
#313 = CARTESIAN_POINT('',(1.27,-1.524,0.));
#314 = LINE('',#315,#316);
#315 = CARTESIAN_POINT('',(1.27,-3.556,0.));
#316 = VECTOR('',#317,1.);
#317 = DIRECTION('',(0.,1.,0.));
#318 = ORIENTED_EDGE('',*,*,#319,.T.);
#319 = EDGE_CURVE('',#312,#320,#322,.T.);
#320 = VERTEX_POINT('',#321);
#321 = CARTESIAN_POINT('',(1.016,-1.27,0.));
#322 = LINE('',#323,#324);
#323 = CARTESIAN_POINT('',(1.27,-1.524,0.));
#324 = VECTOR('',#325,1.);
#325 = DIRECTION('',(-0.707106781187,0.707106781187,0.));
#326 = ORIENTED_EDGE('',*,*,#327,.T.);
#327 = EDGE_CURVE('',#320,#328,#330,.T.);
#328 = VERTEX_POINT('',#329);
#329 = CARTESIAN_POINT('',(1.27,-1.016,0.));
#330 = LINE('',#331,#332);
#331 = CARTESIAN_POINT('',(1.016,-1.27,0.));
#332 = VECTOR('',#333,1.);
#333 = DIRECTION('',(0.707106781187,0.707106781187,0.));
#334 = ORIENTED_EDGE('',*,*,#335,.T.);
#335 = EDGE_CURVE('',#328,#336,#338,.T.);
#336 = VERTEX_POINT('',#337);
#337 = CARTESIAN_POINT('',(1.27,1.016,0.));
#338 = LINE('',#339,#340);
#339 = CARTESIAN_POINT('',(1.27,-1.016,0.));
#340 = VECTOR('',#341,1.);
#341 = DIRECTION('',(0.,1.,0.));
#342 = ORIENTED_EDGE('',*,*,#343,.T.);
#343 = EDGE_CURVE('',#336,#104,#344,.T.);
#344 = LINE('',#345,#346);
#345 = CARTESIAN_POINT('',(1.27,1.016,0.));
#346 = VECTOR('',#347,1.);
#347 = DIRECTION('',(-0.707106781187,0.707106781187,0.));
#348 = ORIENTED_EDGE('',*,*,#120,.T.);
#349 = FACE_BOUND('',#350,.F.);
#350 = EDGE_LOOP('',(#351,#361,#369,#377));
#351 = ORIENTED_EDGE('',*,*,#352,.F.);
#352 = EDGE_CURVE('',#353,#355,#357,.T.);
#353 = VERTEX_POINT('',#354);
#354 = CARTESIAN_POINT('',(0.32,-4.76,0.));
#355 = VERTEX_POINT('',#356);
#356 = CARTESIAN_POINT('',(-0.32,-4.76,0.));
#357 = LINE('',#358,#359);
#358 = CARTESIAN_POINT('',(-0.16,-4.76,0.));
#359 = VECTOR('',#360,1.);
#360 = DIRECTION('',(-1.,0.,0.));
#361 = ORIENTED_EDGE('',*,*,#362,.F.);
#362 = EDGE_CURVE('',#363,#353,#365,.T.);
#363 = VERTEX_POINT('',#364);
#364 = CARTESIAN_POINT('',(0.32,-5.4,0.));
#365 = LINE('',#366,#367);
#366 = CARTESIAN_POINT('',(0.32,-4.605,0.));
#367 = VECTOR('',#368,1.);
#368 = DIRECTION('',(0.,1.,0.));
#369 = ORIENTED_EDGE('',*,*,#370,.T.);
#370 = EDGE_CURVE('',#363,#371,#373,.T.);
#371 = VERTEX_POINT('',#372);
#372 = CARTESIAN_POINT('',(-0.32,-5.4,0.));
#373 = LINE('',#374,#375);
#374 = CARTESIAN_POINT('',(-0.16,-5.4,0.));
#375 = VECTOR('',#376,1.);
#376 = DIRECTION('',(-1.,0.,0.));
#377 = ORIENTED_EDGE('',*,*,#378,.T.);
#378 = EDGE_CURVE('',#371,#355,#379,.T.);
#379 = LINE('',#380,#381);
#380 = CARTESIAN_POINT('',(-0.32,-4.605,0.));
#381 = VECTOR('',#382,1.);
#382 = DIRECTION('',(0.,1.,0.));
#383 = FACE_BOUND('',#384,.F.);
#384 = EDGE_LOOP('',(#385,#395,#403,#411));
#385 = ORIENTED_EDGE('',*,*,#386,.F.);
#386 = EDGE_CURVE('',#387,#389,#391,.T.);
#387 = VERTEX_POINT('',#388);
#388 = CARTESIAN_POINT('',(0.32,-7.94,0.));
#389 = VERTEX_POINT('',#390);
#390 = CARTESIAN_POINT('',(0.32,-7.3,0.));
#391 = LINE('',#392,#393);
#392 = CARTESIAN_POINT('',(0.32,-5.875,0.));
#393 = VECTOR('',#394,1.);
#394 = DIRECTION('',(0.,1.,0.));
#395 = ORIENTED_EDGE('',*,*,#396,.T.);
#396 = EDGE_CURVE('',#387,#397,#399,.T.);
#397 = VERTEX_POINT('',#398);
#398 = CARTESIAN_POINT('',(-0.32,-7.94,0.));
#399 = LINE('',#400,#401);
#400 = CARTESIAN_POINT('',(-0.16,-7.94,0.));
#401 = VECTOR('',#402,1.);
#402 = DIRECTION('',(-1.,0.,0.));
#403 = ORIENTED_EDGE('',*,*,#404,.T.);
#404 = EDGE_CURVE('',#397,#405,#407,.T.);
#405 = VERTEX_POINT('',#406);
#406 = CARTESIAN_POINT('',(-0.32,-7.3,0.));
#407 = LINE('',#408,#409);
#408 = CARTESIAN_POINT('',(-0.32,-5.875,0.));
#409 = VECTOR('',#410,1.);
#410 = DIRECTION('',(0.,1.,0.));
#411 = ORIENTED_EDGE('',*,*,#412,.F.);
#412 = EDGE_CURVE('',#389,#405,#413,.T.);
#413 = LINE('',#414,#415);
#414 = CARTESIAN_POINT('',(-0.16,-7.3,0.));
#415 = VECTOR('',#416,1.);
#416 = DIRECTION('',(-1.,0.,0.));
#417 = FACE_BOUND('',#418,.F.);
#418 = EDGE_LOOP('',(#419,#429,#437,#445));
#419 = ORIENTED_EDGE('',*,*,#420,.F.);
#420 = EDGE_CURVE('',#421,#423,#425,.T.);
#421 = VERTEX_POINT('',#422);
#422 = CARTESIAN_POINT('',(0.32,-0.32,0.));
#423 = VERTEX_POINT('',#424);
#424 = CARTESIAN_POINT('',(0.32,0.32,0.));
#425 = LINE('',#426,#427);
#426 = CARTESIAN_POINT('',(0.32,-2.065,0.));
#427 = VECTOR('',#428,1.);
#428 = DIRECTION('',(0.,1.,0.));
#429 = ORIENTED_EDGE('',*,*,#430,.T.);
#430 = EDGE_CURVE('',#421,#431,#433,.T.);
#431 = VERTEX_POINT('',#432);
#432 = CARTESIAN_POINT('',(-0.32,-0.32,0.));
#433 = LINE('',#434,#435);
#434 = CARTESIAN_POINT('',(-0.16,-0.32,0.));
#435 = VECTOR('',#436,1.);
#436 = DIRECTION('',(-1.,0.,0.));
#437 = ORIENTED_EDGE('',*,*,#438,.T.);
#438 = EDGE_CURVE('',#431,#439,#441,.T.);
#439 = VERTEX_POINT('',#440);
#440 = CARTESIAN_POINT('',(-0.32,0.32,0.));
#441 = LINE('',#442,#443);
#442 = CARTESIAN_POINT('',(-0.32,-2.065,0.));
#443 = VECTOR('',#444,1.);
#444 = DIRECTION('',(0.,1.,0.));
#445 = ORIENTED_EDGE('',*,*,#446,.F.);
#446 = EDGE_CURVE('',#423,#439,#447,.T.);
#447 = LINE('',#448,#449);
#448 = CARTESIAN_POINT('',(-0.16,0.32,0.));
#449 = VECTOR('',#450,1.);
#450 = DIRECTION('',(-1.,0.,0.));
#451 = FACE_BOUND('',#452,.F.);
#452 = EDGE_LOOP('',(#453,#463,#471,#479));
#453 = ORIENTED_EDGE('',*,*,#454,.F.);
#454 = EDGE_CURVE('',#455,#457,#459,.T.);
#455 = VERTEX_POINT('',#456);
#456 = CARTESIAN_POINT('',(0.32,-2.22,0.));
#457 = VERTEX_POINT('',#458);
#458 = CARTESIAN_POINT('',(-0.32,-2.22,0.));
#459 = LINE('',#460,#461);
#460 = CARTESIAN_POINT('',(-0.16,-2.22,0.));
#461 = VECTOR('',#462,1.);
#462 = DIRECTION('',(-1.,0.,0.));
#463 = ORIENTED_EDGE('',*,*,#464,.F.);
#464 = EDGE_CURVE('',#465,#455,#467,.T.);
#465 = VERTEX_POINT('',#466);
#466 = CARTESIAN_POINT('',(0.32,-2.86,0.));
#467 = LINE('',#468,#469);
#468 = CARTESIAN_POINT('',(0.32,-3.335,0.));
#469 = VECTOR('',#470,1.);
#470 = DIRECTION('',(0.,1.,0.));
#471 = ORIENTED_EDGE('',*,*,#472,.T.);
#472 = EDGE_CURVE('',#465,#473,#475,.T.);
#473 = VERTEX_POINT('',#474);
#474 = CARTESIAN_POINT('',(-0.32,-2.86,0.));
#475 = LINE('',#476,#477);
#476 = CARTESIAN_POINT('',(-0.16,-2.86,0.));
#477 = VECTOR('',#478,1.);
#478 = DIRECTION('',(-1.,0.,0.));
#479 = ORIENTED_EDGE('',*,*,#480,.T.);
#480 = EDGE_CURVE('',#473,#457,#481,.T.);
#481 = LINE('',#482,#483);
#482 = CARTESIAN_POINT('',(-0.32,-3.335,0.));
#483 = VECTOR('',#484,1.);
#484 = DIRECTION('',(0.,1.,0.));
#485 = PLANE('',#486);
#486 = AXIS2_PLACEMENT_3D('',#487,#488,#489);
#487 = CARTESIAN_POINT('',(4.259053689278E-17,-3.81,0.));
#488 = DIRECTION('',(0.,0.,1.));
#489 = DIRECTION('',(1.,0.,-0.));
#490 = ADVANCED_FACE('',(#491,#678,#712,#746,#780),#814,.T.);
#491 = FACE_BOUND('',#492,.T.);
#492 = EDGE_LOOP('',(#493,#494,#495,#503,#511,#519,#527,#535,#543,#551,
    #559,#567,#575,#583,#591,#599,#607,#615,#623,#631,#639,#647,#655,
    #663,#671,#677));
#493 = ORIENTED_EDGE('',*,*,#73,.T.);
#494 = ORIENTED_EDGE('',*,*,#135,.T.);
#495 = ORIENTED_EDGE('',*,*,#496,.T.);
#496 = EDGE_CURVE('',#136,#497,#499,.T.);
#497 = VERTEX_POINT('',#498);
#498 = CARTESIAN_POINT('',(-1.016,-1.27,2.54));
#499 = LINE('',#500,#501);
#500 = CARTESIAN_POINT('',(-1.27,-1.016,2.54));
#501 = VECTOR('',#502,1.);
#502 = DIRECTION('',(0.707106781187,-0.707106781187,0.));
#503 = ORIENTED_EDGE('',*,*,#504,.T.);
#504 = EDGE_CURVE('',#497,#505,#507,.T.);
#505 = VERTEX_POINT('',#506);
#506 = CARTESIAN_POINT('',(-1.27,-1.524,2.54));
#507 = LINE('',#508,#509);
#508 = CARTESIAN_POINT('',(-1.016,-1.27,2.54));
#509 = VECTOR('',#510,1.);
#510 = DIRECTION('',(-0.707106781187,-0.707106781187,0.));
#511 = ORIENTED_EDGE('',*,*,#512,.T.);
#512 = EDGE_CURVE('',#505,#513,#515,.T.);
#513 = VERTEX_POINT('',#514);
#514 = CARTESIAN_POINT('',(-1.27,-3.556,2.54));
#515 = LINE('',#516,#517);
#516 = CARTESIAN_POINT('',(-1.27,-1.524,2.54));
#517 = VECTOR('',#518,1.);
#518 = DIRECTION('',(0.,-1.,0.));
#519 = ORIENTED_EDGE('',*,*,#520,.T.);
#520 = EDGE_CURVE('',#513,#521,#523,.T.);
#521 = VERTEX_POINT('',#522);
#522 = CARTESIAN_POINT('',(-1.016,-3.81,2.54));
#523 = LINE('',#524,#525);
#524 = CARTESIAN_POINT('',(-1.27,-3.556,2.54));
#525 = VECTOR('',#526,1.);
#526 = DIRECTION('',(0.707106781187,-0.707106781187,0.));
#527 = ORIENTED_EDGE('',*,*,#528,.T.);
#528 = EDGE_CURVE('',#521,#529,#531,.T.);
#529 = VERTEX_POINT('',#530);
#530 = CARTESIAN_POINT('',(-1.27,-4.064,2.54));
#531 = LINE('',#532,#533);
#532 = CARTESIAN_POINT('',(-1.016,-3.81,2.54));
#533 = VECTOR('',#534,1.);
#534 = DIRECTION('',(-0.707106781187,-0.707106781187,0.));
#535 = ORIENTED_EDGE('',*,*,#536,.T.);
#536 = EDGE_CURVE('',#529,#537,#539,.T.);
#537 = VERTEX_POINT('',#538);
#538 = CARTESIAN_POINT('',(-1.27,-6.096,2.54));
#539 = LINE('',#540,#541);
#540 = CARTESIAN_POINT('',(-1.27,-4.064,2.54));
#541 = VECTOR('',#542,1.);
#542 = DIRECTION('',(0.,-1.,0.));
#543 = ORIENTED_EDGE('',*,*,#544,.T.);
#544 = EDGE_CURVE('',#537,#545,#547,.T.);
#545 = VERTEX_POINT('',#546);
#546 = CARTESIAN_POINT('',(-1.016,-6.35,2.54));
#547 = LINE('',#548,#549);
#548 = CARTESIAN_POINT('',(-1.27,-6.096,2.54));
#549 = VECTOR('',#550,1.);
#550 = DIRECTION('',(0.707106781187,-0.707106781187,0.));
#551 = ORIENTED_EDGE('',*,*,#552,.T.);
#552 = EDGE_CURVE('',#545,#553,#555,.T.);
#553 = VERTEX_POINT('',#554);
#554 = CARTESIAN_POINT('',(-1.27,-6.604,2.54));
#555 = LINE('',#556,#557);
#556 = CARTESIAN_POINT('',(-1.016,-6.35,2.54));
#557 = VECTOR('',#558,1.);
#558 = DIRECTION('',(-0.707106781187,-0.707106781187,0.));
#559 = ORIENTED_EDGE('',*,*,#560,.T.);
#560 = EDGE_CURVE('',#553,#561,#563,.T.);
#561 = VERTEX_POINT('',#562);
#562 = CARTESIAN_POINT('',(-1.27,-8.636,2.54));
#563 = LINE('',#564,#565);
#564 = CARTESIAN_POINT('',(-1.27,-6.604,2.54));
#565 = VECTOR('',#566,1.);
#566 = DIRECTION('',(0.,-1.,0.));
#567 = ORIENTED_EDGE('',*,*,#568,.T.);
#568 = EDGE_CURVE('',#561,#569,#571,.T.);
#569 = VERTEX_POINT('',#570);
#570 = CARTESIAN_POINT('',(-1.016,-8.89,2.54));
#571 = LINE('',#572,#573);
#572 = CARTESIAN_POINT('',(-1.27,-8.636,2.54));
#573 = VECTOR('',#574,1.);
#574 = DIRECTION('',(0.707106781187,-0.707106781187,0.));
#575 = ORIENTED_EDGE('',*,*,#576,.T.);
#576 = EDGE_CURVE('',#569,#577,#579,.T.);
#577 = VERTEX_POINT('',#578);
#578 = CARTESIAN_POINT('',(1.016,-8.89,2.54));
#579 = LINE('',#580,#581);
#580 = CARTESIAN_POINT('',(-1.016,-8.89,2.54));
#581 = VECTOR('',#582,1.);
#582 = DIRECTION('',(1.,0.,0.));
#583 = ORIENTED_EDGE('',*,*,#584,.T.);
#584 = EDGE_CURVE('',#577,#585,#587,.T.);
#585 = VERTEX_POINT('',#586);
#586 = CARTESIAN_POINT('',(1.27,-8.636,2.54));
#587 = LINE('',#588,#589);
#588 = CARTESIAN_POINT('',(1.016,-8.89,2.54));
#589 = VECTOR('',#590,1.);
#590 = DIRECTION('',(0.707106781187,0.707106781187,0.));
#591 = ORIENTED_EDGE('',*,*,#592,.T.);
#592 = EDGE_CURVE('',#585,#593,#595,.T.);
#593 = VERTEX_POINT('',#594);
#594 = CARTESIAN_POINT('',(1.27,-6.604,2.54));
#595 = LINE('',#596,#597);
#596 = CARTESIAN_POINT('',(1.27,-8.636,2.54));
#597 = VECTOR('',#598,1.);
#598 = DIRECTION('',(0.,1.,0.));
#599 = ORIENTED_EDGE('',*,*,#600,.T.);
#600 = EDGE_CURVE('',#593,#601,#603,.T.);
#601 = VERTEX_POINT('',#602);
#602 = CARTESIAN_POINT('',(1.016,-6.35,2.54));
#603 = LINE('',#604,#605);
#604 = CARTESIAN_POINT('',(1.27,-6.604,2.54));
#605 = VECTOR('',#606,1.);
#606 = DIRECTION('',(-0.707106781187,0.707106781187,0.));
#607 = ORIENTED_EDGE('',*,*,#608,.T.);
#608 = EDGE_CURVE('',#601,#609,#611,.T.);
#609 = VERTEX_POINT('',#610);
#610 = CARTESIAN_POINT('',(1.27,-6.096,2.54));
#611 = LINE('',#612,#613);
#612 = CARTESIAN_POINT('',(1.016,-6.35,2.54));
#613 = VECTOR('',#614,1.);
#614 = DIRECTION('',(0.707106781187,0.707106781187,0.));
#615 = ORIENTED_EDGE('',*,*,#616,.T.);
#616 = EDGE_CURVE('',#609,#617,#619,.T.);
#617 = VERTEX_POINT('',#618);
#618 = CARTESIAN_POINT('',(1.27,-4.064,2.54));
#619 = LINE('',#620,#621);
#620 = CARTESIAN_POINT('',(1.27,-6.096,2.54));
#621 = VECTOR('',#622,1.);
#622 = DIRECTION('',(0.,1.,0.));
#623 = ORIENTED_EDGE('',*,*,#624,.T.);
#624 = EDGE_CURVE('',#617,#625,#627,.T.);
#625 = VERTEX_POINT('',#626);
#626 = CARTESIAN_POINT('',(1.016,-3.81,2.54));
#627 = LINE('',#628,#629);
#628 = CARTESIAN_POINT('',(1.27,-4.064,2.54));
#629 = VECTOR('',#630,1.);
#630 = DIRECTION('',(-0.707106781187,0.707106781187,0.));
#631 = ORIENTED_EDGE('',*,*,#632,.T.);
#632 = EDGE_CURVE('',#625,#633,#635,.T.);
#633 = VERTEX_POINT('',#634);
#634 = CARTESIAN_POINT('',(1.27,-3.556,2.54));
#635 = LINE('',#636,#637);
#636 = CARTESIAN_POINT('',(1.016,-3.81,2.54));
#637 = VECTOR('',#638,1.);
#638 = DIRECTION('',(0.707106781187,0.707106781187,0.));
#639 = ORIENTED_EDGE('',*,*,#640,.T.);
#640 = EDGE_CURVE('',#633,#641,#643,.T.);
#641 = VERTEX_POINT('',#642);
#642 = CARTESIAN_POINT('',(1.27,-1.524,2.54));
#643 = LINE('',#644,#645);
#644 = CARTESIAN_POINT('',(1.27,-3.556,2.54));
#645 = VECTOR('',#646,1.);
#646 = DIRECTION('',(0.,1.,0.));
#647 = ORIENTED_EDGE('',*,*,#648,.T.);
#648 = EDGE_CURVE('',#641,#649,#651,.T.);
#649 = VERTEX_POINT('',#650);
#650 = CARTESIAN_POINT('',(1.016,-1.27,2.54));
#651 = LINE('',#652,#653);
#652 = CARTESIAN_POINT('',(1.27,-1.524,2.54));
#653 = VECTOR('',#654,1.);
#654 = DIRECTION('',(-0.707106781187,0.707106781187,0.));
#655 = ORIENTED_EDGE('',*,*,#656,.T.);
#656 = EDGE_CURVE('',#649,#657,#659,.T.);
#657 = VERTEX_POINT('',#658);
#658 = CARTESIAN_POINT('',(1.27,-1.016,2.54));
#659 = LINE('',#660,#661);
#660 = CARTESIAN_POINT('',(1.016,-1.27,2.54));
#661 = VECTOR('',#662,1.);
#662 = DIRECTION('',(0.707106781187,0.707106781187,0.));
#663 = ORIENTED_EDGE('',*,*,#664,.T.);
#664 = EDGE_CURVE('',#657,#665,#667,.T.);
#665 = VERTEX_POINT('',#666);
#666 = CARTESIAN_POINT('',(1.27,1.016,2.54));
#667 = LINE('',#668,#669);
#668 = CARTESIAN_POINT('',(1.27,-1.016,2.54));
#669 = VECTOR('',#670,1.);
#670 = DIRECTION('',(0.,1.,0.));
#671 = ORIENTED_EDGE('',*,*,#672,.T.);
#672 = EDGE_CURVE('',#665,#106,#673,.T.);
#673 = LINE('',#674,#675);
#674 = CARTESIAN_POINT('',(1.27,1.016,2.54));
#675 = VECTOR('',#676,1.);
#676 = DIRECTION('',(-0.707106781187,0.707106781187,0.));
#677 = ORIENTED_EDGE('',*,*,#113,.T.);
#678 = FACE_BOUND('',#679,.T.);
#679 = EDGE_LOOP('',(#680,#690,#698,#706));
#680 = ORIENTED_EDGE('',*,*,#681,.F.);
#681 = EDGE_CURVE('',#682,#684,#686,.T.);
#682 = VERTEX_POINT('',#683);
#683 = CARTESIAN_POINT('',(0.32,-4.76,2.54));
#684 = VERTEX_POINT('',#685);
#685 = CARTESIAN_POINT('',(-0.32,-4.76,2.54));
#686 = LINE('',#687,#688);
#687 = CARTESIAN_POINT('',(-0.16,-4.76,2.54));
#688 = VECTOR('',#689,1.);
#689 = DIRECTION('',(-1.,0.,0.));
#690 = ORIENTED_EDGE('',*,*,#691,.F.);
#691 = EDGE_CURVE('',#692,#682,#694,.T.);
#692 = VERTEX_POINT('',#693);
#693 = CARTESIAN_POINT('',(0.32,-5.4,2.54));
#694 = LINE('',#695,#696);
#695 = CARTESIAN_POINT('',(0.32,-4.605,2.54));
#696 = VECTOR('',#697,1.);
#697 = DIRECTION('',(0.,1.,0.));
#698 = ORIENTED_EDGE('',*,*,#699,.T.);
#699 = EDGE_CURVE('',#692,#700,#702,.T.);
#700 = VERTEX_POINT('',#701);
#701 = CARTESIAN_POINT('',(-0.32,-5.4,2.54));
#702 = LINE('',#703,#704);
#703 = CARTESIAN_POINT('',(-0.16,-5.4,2.54));
#704 = VECTOR('',#705,1.);
#705 = DIRECTION('',(-1.,0.,0.));
#706 = ORIENTED_EDGE('',*,*,#707,.T.);
#707 = EDGE_CURVE('',#700,#684,#708,.T.);
#708 = LINE('',#709,#710);
#709 = CARTESIAN_POINT('',(-0.32,-4.605,2.54));
#710 = VECTOR('',#711,1.);
#711 = DIRECTION('',(0.,1.,0.));
#712 = FACE_BOUND('',#713,.T.);
#713 = EDGE_LOOP('',(#714,#724,#732,#740));
#714 = ORIENTED_EDGE('',*,*,#715,.F.);
#715 = EDGE_CURVE('',#716,#718,#720,.T.);
#716 = VERTEX_POINT('',#717);
#717 = CARTESIAN_POINT('',(0.32,-7.94,2.54));
#718 = VERTEX_POINT('',#719);
#719 = CARTESIAN_POINT('',(0.32,-7.3,2.54));
#720 = LINE('',#721,#722);
#721 = CARTESIAN_POINT('',(0.32,-5.875,2.54));
#722 = VECTOR('',#723,1.);
#723 = DIRECTION('',(0.,1.,0.));
#724 = ORIENTED_EDGE('',*,*,#725,.T.);
#725 = EDGE_CURVE('',#716,#726,#728,.T.);
#726 = VERTEX_POINT('',#727);
#727 = CARTESIAN_POINT('',(-0.32,-7.94,2.54));
#728 = LINE('',#729,#730);
#729 = CARTESIAN_POINT('',(-0.16,-7.94,2.54));
#730 = VECTOR('',#731,1.);
#731 = DIRECTION('',(-1.,0.,0.));
#732 = ORIENTED_EDGE('',*,*,#733,.T.);
#733 = EDGE_CURVE('',#726,#734,#736,.T.);
#734 = VERTEX_POINT('',#735);
#735 = CARTESIAN_POINT('',(-0.32,-7.3,2.54));
#736 = LINE('',#737,#738);
#737 = CARTESIAN_POINT('',(-0.32,-5.875,2.54));
#738 = VECTOR('',#739,1.);
#739 = DIRECTION('',(0.,1.,0.));
#740 = ORIENTED_EDGE('',*,*,#741,.F.);
#741 = EDGE_CURVE('',#718,#734,#742,.T.);
#742 = LINE('',#743,#744);
#743 = CARTESIAN_POINT('',(-0.16,-7.3,2.54));
#744 = VECTOR('',#745,1.);
#745 = DIRECTION('',(-1.,0.,0.));
#746 = FACE_BOUND('',#747,.T.);
#747 = EDGE_LOOP('',(#748,#758,#766,#774));
#748 = ORIENTED_EDGE('',*,*,#749,.F.);
#749 = EDGE_CURVE('',#750,#752,#754,.T.);
#750 = VERTEX_POINT('',#751);
#751 = CARTESIAN_POINT('',(0.32,-0.32,2.54));
#752 = VERTEX_POINT('',#753);
#753 = CARTESIAN_POINT('',(0.32,0.32,2.54));
#754 = LINE('',#755,#756);
#755 = CARTESIAN_POINT('',(0.32,-2.065,2.54));
#756 = VECTOR('',#757,1.);
#757 = DIRECTION('',(0.,1.,0.));
#758 = ORIENTED_EDGE('',*,*,#759,.T.);
#759 = EDGE_CURVE('',#750,#760,#762,.T.);
#760 = VERTEX_POINT('',#761);
#761 = CARTESIAN_POINT('',(-0.32,-0.32,2.54));
#762 = LINE('',#763,#764);
#763 = CARTESIAN_POINT('',(-0.16,-0.32,2.54));
#764 = VECTOR('',#765,1.);
#765 = DIRECTION('',(-1.,0.,0.));
#766 = ORIENTED_EDGE('',*,*,#767,.T.);
#767 = EDGE_CURVE('',#760,#768,#770,.T.);
#768 = VERTEX_POINT('',#769);
#769 = CARTESIAN_POINT('',(-0.32,0.32,2.54));
#770 = LINE('',#771,#772);
#771 = CARTESIAN_POINT('',(-0.32,-2.065,2.54));
#772 = VECTOR('',#773,1.);
#773 = DIRECTION('',(0.,1.,0.));
#774 = ORIENTED_EDGE('',*,*,#775,.F.);
#775 = EDGE_CURVE('',#752,#768,#776,.T.);
#776 = LINE('',#777,#778);
#777 = CARTESIAN_POINT('',(-0.16,0.32,2.54));
#778 = VECTOR('',#779,1.);
#779 = DIRECTION('',(-1.,0.,0.));
#780 = FACE_BOUND('',#781,.T.);
#781 = EDGE_LOOP('',(#782,#792,#800,#808));
#782 = ORIENTED_EDGE('',*,*,#783,.F.);
#783 = EDGE_CURVE('',#784,#786,#788,.T.);
#784 = VERTEX_POINT('',#785);
#785 = CARTESIAN_POINT('',(0.32,-2.22,2.54));
#786 = VERTEX_POINT('',#787);
#787 = CARTESIAN_POINT('',(-0.32,-2.22,2.54));
#788 = LINE('',#789,#790);
#789 = CARTESIAN_POINT('',(-0.16,-2.22,2.54));
#790 = VECTOR('',#791,1.);
#791 = DIRECTION('',(-1.,0.,0.));
#792 = ORIENTED_EDGE('',*,*,#793,.F.);
#793 = EDGE_CURVE('',#794,#784,#796,.T.);
#794 = VERTEX_POINT('',#795);
#795 = CARTESIAN_POINT('',(0.32,-2.86,2.54));
#796 = LINE('',#797,#798);
#797 = CARTESIAN_POINT('',(0.32,-3.335,2.54));
#798 = VECTOR('',#799,1.);
#799 = DIRECTION('',(0.,1.,0.));
#800 = ORIENTED_EDGE('',*,*,#801,.T.);
#801 = EDGE_CURVE('',#794,#802,#804,.T.);
#802 = VERTEX_POINT('',#803);
#803 = CARTESIAN_POINT('',(-0.32,-2.86,2.54));
#804 = LINE('',#805,#806);
#805 = CARTESIAN_POINT('',(-0.16,-2.86,2.54));
#806 = VECTOR('',#807,1.);
#807 = DIRECTION('',(-1.,0.,0.));
#808 = ORIENTED_EDGE('',*,*,#809,.T.);
#809 = EDGE_CURVE('',#802,#786,#810,.T.);
#810 = LINE('',#811,#812);
#811 = CARTESIAN_POINT('',(-0.32,-3.335,2.54));
#812 = VECTOR('',#813,1.);
#813 = DIRECTION('',(0.,1.,0.));
#814 = PLANE('',#815);
#815 = AXIS2_PLACEMENT_3D('',#816,#817,#818);
#816 = CARTESIAN_POINT('',(4.259053689278E-17,-3.81,2.54));
#817 = DIRECTION('',(0.,0.,1.));
#818 = DIRECTION('',(1.,0.,-0.));
#819 = ADVANCED_FACE('',(#820),#831,.F.);
#820 = FACE_BOUND('',#821,.F.);
#821 = EDGE_LOOP('',(#822,#828,#829,#830));
#822 = ORIENTED_EDGE('',*,*,#823,.T.);
#823 = EDGE_CURVE('',#336,#665,#824,.T.);
#824 = LINE('',#825,#826);
#825 = CARTESIAN_POINT('',(1.27,1.016,0.));
#826 = VECTOR('',#827,1.);
#827 = DIRECTION('',(0.,0.,1.));
#828 = ORIENTED_EDGE('',*,*,#672,.T.);
#829 = ORIENTED_EDGE('',*,*,#103,.F.);
#830 = ORIENTED_EDGE('',*,*,#343,.F.);
#831 = PLANE('',#832);
#832 = AXIS2_PLACEMENT_3D('',#833,#834,#835);
#833 = CARTESIAN_POINT('',(1.27,1.016,0.));
#834 = DIRECTION('',(-0.707106781187,-0.707106781187,0.));
#835 = DIRECTION('',(-0.707106781187,0.707106781187,0.));
#836 = ADVANCED_FACE('',(#837),#848,.F.);
#837 = FACE_BOUND('',#838,.F.);
#838 = EDGE_LOOP('',(#839,#840,#841,#847));
#839 = ORIENTED_EDGE('',*,*,#143,.T.);
#840 = ORIENTED_EDGE('',*,*,#496,.T.);
#841 = ORIENTED_EDGE('',*,*,#842,.F.);
#842 = EDGE_CURVE('',#168,#497,#843,.T.);
#843 = LINE('',#844,#845);
#844 = CARTESIAN_POINT('',(-1.016,-1.27,0.));
#845 = VECTOR('',#846,1.);
#846 = DIRECTION('',(0.,0.,1.));
#847 = ORIENTED_EDGE('',*,*,#167,.F.);
#848 = PLANE('',#849);
#849 = AXIS2_PLACEMENT_3D('',#850,#851,#852);
#850 = CARTESIAN_POINT('',(-1.27,-1.016,0.));
#851 = DIRECTION('',(0.707106781187,0.707106781187,0.));
#852 = DIRECTION('',(0.707106781187,-0.707106781187,0.));
#853 = ADVANCED_FACE('',(#854),#865,.F.);
#854 = FACE_BOUND('',#855,.F.);
#855 = EDGE_LOOP('',(#856,#862,#863,#864));
#856 = ORIENTED_EDGE('',*,*,#857,.T.);
#857 = EDGE_CURVE('',#328,#657,#858,.T.);
#858 = LINE('',#859,#860);
#859 = CARTESIAN_POINT('',(1.27,-1.016,0.));
#860 = VECTOR('',#861,1.);
#861 = DIRECTION('',(0.,0.,1.));
#862 = ORIENTED_EDGE('',*,*,#664,.T.);
#863 = ORIENTED_EDGE('',*,*,#823,.F.);
#864 = ORIENTED_EDGE('',*,*,#335,.F.);
#865 = PLANE('',#866);
#866 = AXIS2_PLACEMENT_3D('',#867,#868,#869);
#867 = CARTESIAN_POINT('',(1.27,-1.016,0.));
#868 = DIRECTION('',(-1.,0.,0.));
#869 = DIRECTION('',(0.,1.,0.));
#870 = ADVANCED_FACE('',(#871),#882,.F.);
#871 = FACE_BOUND('',#872,.F.);
#872 = EDGE_LOOP('',(#873,#874,#875,#881));
#873 = ORIENTED_EDGE('',*,*,#842,.T.);
#874 = ORIENTED_EDGE('',*,*,#504,.T.);
#875 = ORIENTED_EDGE('',*,*,#876,.F.);
#876 = EDGE_CURVE('',#176,#505,#877,.T.);
#877 = LINE('',#878,#879);
#878 = CARTESIAN_POINT('',(-1.27,-1.524,0.));
#879 = VECTOR('',#880,1.);
#880 = DIRECTION('',(0.,0.,1.));
#881 = ORIENTED_EDGE('',*,*,#175,.F.);
#882 = PLANE('',#883);
#883 = AXIS2_PLACEMENT_3D('',#884,#885,#886);
#884 = CARTESIAN_POINT('',(-1.016,-1.27,0.));
#885 = DIRECTION('',(0.707106781187,-0.707106781187,0.));
#886 = DIRECTION('',(-0.707106781187,-0.707106781187,0.));
#887 = ADVANCED_FACE('',(#888),#899,.F.);
#888 = FACE_BOUND('',#889,.F.);
#889 = EDGE_LOOP('',(#890,#896,#897,#898));
#890 = ORIENTED_EDGE('',*,*,#891,.T.);
#891 = EDGE_CURVE('',#320,#649,#892,.T.);
#892 = LINE('',#893,#894);
#893 = CARTESIAN_POINT('',(1.016,-1.27,0.));
#894 = VECTOR('',#895,1.);
#895 = DIRECTION('',(0.,0.,1.));
#896 = ORIENTED_EDGE('',*,*,#656,.T.);
#897 = ORIENTED_EDGE('',*,*,#857,.F.);
#898 = ORIENTED_EDGE('',*,*,#327,.F.);
#899 = PLANE('',#900);
#900 = AXIS2_PLACEMENT_3D('',#901,#902,#903);
#901 = CARTESIAN_POINT('',(1.016,-1.27,0.));
#902 = DIRECTION('',(-0.707106781187,0.707106781187,0.));
#903 = DIRECTION('',(0.707106781187,0.707106781187,0.));
#904 = ADVANCED_FACE('',(#905),#916,.F.);
#905 = FACE_BOUND('',#906,.F.);
#906 = EDGE_LOOP('',(#907,#908,#909,#915));
#907 = ORIENTED_EDGE('',*,*,#876,.T.);
#908 = ORIENTED_EDGE('',*,*,#512,.T.);
#909 = ORIENTED_EDGE('',*,*,#910,.F.);
#910 = EDGE_CURVE('',#184,#513,#911,.T.);
#911 = LINE('',#912,#913);
#912 = CARTESIAN_POINT('',(-1.27,-3.556,0.));
#913 = VECTOR('',#914,1.);
#914 = DIRECTION('',(0.,0.,1.));
#915 = ORIENTED_EDGE('',*,*,#183,.F.);
#916 = PLANE('',#917);
#917 = AXIS2_PLACEMENT_3D('',#918,#919,#920);
#918 = CARTESIAN_POINT('',(-1.27,-1.524,0.));
#919 = DIRECTION('',(1.,0.,0.));
#920 = DIRECTION('',(0.,-1.,0.));
#921 = ADVANCED_FACE('',(#922),#933,.F.);
#922 = FACE_BOUND('',#923,.F.);
#923 = EDGE_LOOP('',(#924,#930,#931,#932));
#924 = ORIENTED_EDGE('',*,*,#925,.T.);
#925 = EDGE_CURVE('',#312,#641,#926,.T.);
#926 = LINE('',#927,#928);
#927 = CARTESIAN_POINT('',(1.27,-1.524,0.));
#928 = VECTOR('',#929,1.);
#929 = DIRECTION('',(0.,0.,1.));
#930 = ORIENTED_EDGE('',*,*,#648,.T.);
#931 = ORIENTED_EDGE('',*,*,#891,.F.);
#932 = ORIENTED_EDGE('',*,*,#319,.F.);
#933 = PLANE('',#934);
#934 = AXIS2_PLACEMENT_3D('',#935,#936,#937);
#935 = CARTESIAN_POINT('',(1.27,-1.524,0.));
#936 = DIRECTION('',(-0.707106781187,-0.707106781187,0.));
#937 = DIRECTION('',(-0.707106781187,0.707106781187,0.));
#938 = ADVANCED_FACE('',(#939),#950,.F.);
#939 = FACE_BOUND('',#940,.F.);
#940 = EDGE_LOOP('',(#941,#942,#943,#949));
#941 = ORIENTED_EDGE('',*,*,#910,.T.);
#942 = ORIENTED_EDGE('',*,*,#520,.T.);
#943 = ORIENTED_EDGE('',*,*,#944,.F.);
#944 = EDGE_CURVE('',#192,#521,#945,.T.);
#945 = LINE('',#946,#947);
#946 = CARTESIAN_POINT('',(-1.016,-3.81,0.));
#947 = VECTOR('',#948,1.);
#948 = DIRECTION('',(0.,0.,1.));
#949 = ORIENTED_EDGE('',*,*,#191,.F.);
#950 = PLANE('',#951);
#951 = AXIS2_PLACEMENT_3D('',#952,#953,#954);
#952 = CARTESIAN_POINT('',(-1.27,-3.556,0.));
#953 = DIRECTION('',(0.707106781187,0.707106781187,0.));
#954 = DIRECTION('',(0.707106781187,-0.707106781187,0.));
#955 = ADVANCED_FACE('',(#956),#967,.F.);
#956 = FACE_BOUND('',#957,.F.);
#957 = EDGE_LOOP('',(#958,#964,#965,#966));
#958 = ORIENTED_EDGE('',*,*,#959,.T.);
#959 = EDGE_CURVE('',#304,#633,#960,.T.);
#960 = LINE('',#961,#962);
#961 = CARTESIAN_POINT('',(1.27,-3.556,0.));
#962 = VECTOR('',#963,1.);
#963 = DIRECTION('',(0.,0.,1.));
#964 = ORIENTED_EDGE('',*,*,#640,.T.);
#965 = ORIENTED_EDGE('',*,*,#925,.F.);
#966 = ORIENTED_EDGE('',*,*,#311,.F.);
#967 = PLANE('',#968);
#968 = AXIS2_PLACEMENT_3D('',#969,#970,#971);
#969 = CARTESIAN_POINT('',(1.27,-3.556,0.));
#970 = DIRECTION('',(-1.,0.,0.));
#971 = DIRECTION('',(0.,1.,0.));
#972 = ADVANCED_FACE('',(#973),#984,.F.);
#973 = FACE_BOUND('',#974,.F.);
#974 = EDGE_LOOP('',(#975,#976,#977,#983));
#975 = ORIENTED_EDGE('',*,*,#944,.T.);
#976 = ORIENTED_EDGE('',*,*,#528,.T.);
#977 = ORIENTED_EDGE('',*,*,#978,.F.);
#978 = EDGE_CURVE('',#200,#529,#979,.T.);
#979 = LINE('',#980,#981);
#980 = CARTESIAN_POINT('',(-1.27,-4.064,0.));
#981 = VECTOR('',#982,1.);
#982 = DIRECTION('',(0.,0.,1.));
#983 = ORIENTED_EDGE('',*,*,#199,.F.);
#984 = PLANE('',#985);
#985 = AXIS2_PLACEMENT_3D('',#986,#987,#988);
#986 = CARTESIAN_POINT('',(-1.016,-3.81,0.));
#987 = DIRECTION('',(0.707106781187,-0.707106781187,0.));
#988 = DIRECTION('',(-0.707106781187,-0.707106781187,0.));
#989 = ADVANCED_FACE('',(#990),#1001,.F.);
#990 = FACE_BOUND('',#991,.F.);
#991 = EDGE_LOOP('',(#992,#998,#999,#1000));
#992 = ORIENTED_EDGE('',*,*,#993,.T.);
#993 = EDGE_CURVE('',#296,#625,#994,.T.);
#994 = LINE('',#995,#996);
#995 = CARTESIAN_POINT('',(1.016,-3.81,0.));
#996 = VECTOR('',#997,1.);
#997 = DIRECTION('',(0.,0.,1.));
#998 = ORIENTED_EDGE('',*,*,#632,.T.);
#999 = ORIENTED_EDGE('',*,*,#959,.F.);
#1000 = ORIENTED_EDGE('',*,*,#303,.F.);
#1001 = PLANE('',#1002);
#1002 = AXIS2_PLACEMENT_3D('',#1003,#1004,#1005);
#1003 = CARTESIAN_POINT('',(1.016,-3.81,0.));
#1004 = DIRECTION('',(-0.707106781187,0.707106781187,0.));
#1005 = DIRECTION('',(0.707106781187,0.707106781187,0.));
#1006 = ADVANCED_FACE('',(#1007),#1018,.F.);
#1007 = FACE_BOUND('',#1008,.F.);
#1008 = EDGE_LOOP('',(#1009,#1010,#1011,#1017));
#1009 = ORIENTED_EDGE('',*,*,#978,.T.);
#1010 = ORIENTED_EDGE('',*,*,#536,.T.);
#1011 = ORIENTED_EDGE('',*,*,#1012,.F.);
#1012 = EDGE_CURVE('',#208,#537,#1013,.T.);
#1013 = LINE('',#1014,#1015);
#1014 = CARTESIAN_POINT('',(-1.27,-6.096,0.));
#1015 = VECTOR('',#1016,1.);
#1016 = DIRECTION('',(0.,0.,1.));
#1017 = ORIENTED_EDGE('',*,*,#207,.F.);
#1018 = PLANE('',#1019);
#1019 = AXIS2_PLACEMENT_3D('',#1020,#1021,#1022);
#1020 = CARTESIAN_POINT('',(-1.27,-4.064,0.));
#1021 = DIRECTION('',(1.,0.,0.));
#1022 = DIRECTION('',(0.,-1.,0.));
#1023 = ADVANCED_FACE('',(#1024),#1035,.F.);
#1024 = FACE_BOUND('',#1025,.F.);
#1025 = EDGE_LOOP('',(#1026,#1032,#1033,#1034));
#1026 = ORIENTED_EDGE('',*,*,#1027,.T.);
#1027 = EDGE_CURVE('',#288,#617,#1028,.T.);
#1028 = LINE('',#1029,#1030);
#1029 = CARTESIAN_POINT('',(1.27,-4.064,0.));
#1030 = VECTOR('',#1031,1.);
#1031 = DIRECTION('',(0.,0.,1.));
#1032 = ORIENTED_EDGE('',*,*,#624,.T.);
#1033 = ORIENTED_EDGE('',*,*,#993,.F.);
#1034 = ORIENTED_EDGE('',*,*,#295,.F.);
#1035 = PLANE('',#1036);
#1036 = AXIS2_PLACEMENT_3D('',#1037,#1038,#1039);
#1037 = CARTESIAN_POINT('',(1.27,-4.064,0.));
#1038 = DIRECTION('',(-0.707106781187,-0.707106781187,0.));
#1039 = DIRECTION('',(-0.707106781187,0.707106781187,0.));
#1040 = ADVANCED_FACE('',(#1041),#1052,.F.);
#1041 = FACE_BOUND('',#1042,.F.);
#1042 = EDGE_LOOP('',(#1043,#1044,#1045,#1051));
#1043 = ORIENTED_EDGE('',*,*,#1012,.T.);
#1044 = ORIENTED_EDGE('',*,*,#544,.T.);
#1045 = ORIENTED_EDGE('',*,*,#1046,.F.);
#1046 = EDGE_CURVE('',#216,#545,#1047,.T.);
#1047 = LINE('',#1048,#1049);
#1048 = CARTESIAN_POINT('',(-1.016,-6.35,0.));
#1049 = VECTOR('',#1050,1.);
#1050 = DIRECTION('',(0.,0.,1.));
#1051 = ORIENTED_EDGE('',*,*,#215,.F.);
#1052 = PLANE('',#1053);
#1053 = AXIS2_PLACEMENT_3D('',#1054,#1055,#1056);
#1054 = CARTESIAN_POINT('',(-1.27,-6.096,0.));
#1055 = DIRECTION('',(0.707106781187,0.707106781187,0.));
#1056 = DIRECTION('',(0.707106781187,-0.707106781187,0.));
#1057 = ADVANCED_FACE('',(#1058),#1069,.F.);
#1058 = FACE_BOUND('',#1059,.F.);
#1059 = EDGE_LOOP('',(#1060,#1066,#1067,#1068));
#1060 = ORIENTED_EDGE('',*,*,#1061,.T.);
#1061 = EDGE_CURVE('',#280,#609,#1062,.T.);
#1062 = LINE('',#1063,#1064);
#1063 = CARTESIAN_POINT('',(1.27,-6.096,0.));
#1064 = VECTOR('',#1065,1.);
#1065 = DIRECTION('',(0.,0.,1.));
#1066 = ORIENTED_EDGE('',*,*,#616,.T.);
#1067 = ORIENTED_EDGE('',*,*,#1027,.F.);
#1068 = ORIENTED_EDGE('',*,*,#287,.F.);
#1069 = PLANE('',#1070);
#1070 = AXIS2_PLACEMENT_3D('',#1071,#1072,#1073);
#1071 = CARTESIAN_POINT('',(1.27,-6.096,0.));
#1072 = DIRECTION('',(-1.,0.,0.));
#1073 = DIRECTION('',(0.,1.,0.));
#1074 = ADVANCED_FACE('',(#1075),#1086,.F.);
#1075 = FACE_BOUND('',#1076,.F.);
#1076 = EDGE_LOOP('',(#1077,#1078,#1079,#1085));
#1077 = ORIENTED_EDGE('',*,*,#1046,.T.);
#1078 = ORIENTED_EDGE('',*,*,#552,.T.);
#1079 = ORIENTED_EDGE('',*,*,#1080,.F.);
#1080 = EDGE_CURVE('',#224,#553,#1081,.T.);
#1081 = LINE('',#1082,#1083);
#1082 = CARTESIAN_POINT('',(-1.27,-6.604,0.));
#1083 = VECTOR('',#1084,1.);
#1084 = DIRECTION('',(0.,0.,1.));
#1085 = ORIENTED_EDGE('',*,*,#223,.F.);
#1086 = PLANE('',#1087);
#1087 = AXIS2_PLACEMENT_3D('',#1088,#1089,#1090);
#1088 = CARTESIAN_POINT('',(-1.016,-6.35,0.));
#1089 = DIRECTION('',(0.707106781187,-0.707106781187,0.));
#1090 = DIRECTION('',(-0.707106781187,-0.707106781187,0.));
#1091 = ADVANCED_FACE('',(#1092),#1103,.F.);
#1092 = FACE_BOUND('',#1093,.F.);
#1093 = EDGE_LOOP('',(#1094,#1100,#1101,#1102));
#1094 = ORIENTED_EDGE('',*,*,#1095,.T.);
#1095 = EDGE_CURVE('',#272,#601,#1096,.T.);
#1096 = LINE('',#1097,#1098);
#1097 = CARTESIAN_POINT('',(1.016,-6.35,0.));
#1098 = VECTOR('',#1099,1.);
#1099 = DIRECTION('',(0.,0.,1.));
#1100 = ORIENTED_EDGE('',*,*,#608,.T.);
#1101 = ORIENTED_EDGE('',*,*,#1061,.F.);
#1102 = ORIENTED_EDGE('',*,*,#279,.F.);
#1103 = PLANE('',#1104);
#1104 = AXIS2_PLACEMENT_3D('',#1105,#1106,#1107);
#1105 = CARTESIAN_POINT('',(1.016,-6.35,0.));
#1106 = DIRECTION('',(-0.707106781187,0.707106781187,0.));
#1107 = DIRECTION('',(0.707106781187,0.707106781187,0.));
#1108 = ADVANCED_FACE('',(#1109),#1120,.F.);
#1109 = FACE_BOUND('',#1110,.F.);
#1110 = EDGE_LOOP('',(#1111,#1112,#1113,#1119));
#1111 = ORIENTED_EDGE('',*,*,#1080,.T.);
#1112 = ORIENTED_EDGE('',*,*,#560,.T.);
#1113 = ORIENTED_EDGE('',*,*,#1114,.F.);
#1114 = EDGE_CURVE('',#232,#561,#1115,.T.);
#1115 = LINE('',#1116,#1117);
#1116 = CARTESIAN_POINT('',(-1.27,-8.636,0.));
#1117 = VECTOR('',#1118,1.);
#1118 = DIRECTION('',(0.,0.,1.));
#1119 = ORIENTED_EDGE('',*,*,#231,.F.);
#1120 = PLANE('',#1121);
#1121 = AXIS2_PLACEMENT_3D('',#1122,#1123,#1124);
#1122 = CARTESIAN_POINT('',(-1.27,-6.604,0.));
#1123 = DIRECTION('',(1.,0.,0.));
#1124 = DIRECTION('',(0.,-1.,0.));
#1125 = ADVANCED_FACE('',(#1126),#1137,.F.);
#1126 = FACE_BOUND('',#1127,.F.);
#1127 = EDGE_LOOP('',(#1128,#1134,#1135,#1136));
#1128 = ORIENTED_EDGE('',*,*,#1129,.T.);
#1129 = EDGE_CURVE('',#264,#593,#1130,.T.);
#1130 = LINE('',#1131,#1132);
#1131 = CARTESIAN_POINT('',(1.27,-6.604,0.));
#1132 = VECTOR('',#1133,1.);
#1133 = DIRECTION('',(0.,0.,1.));
#1134 = ORIENTED_EDGE('',*,*,#600,.T.);
#1135 = ORIENTED_EDGE('',*,*,#1095,.F.);
#1136 = ORIENTED_EDGE('',*,*,#271,.F.);
#1137 = PLANE('',#1138);
#1138 = AXIS2_PLACEMENT_3D('',#1139,#1140,#1141);
#1139 = CARTESIAN_POINT('',(1.27,-6.604,0.));
#1140 = DIRECTION('',(-0.707106781187,-0.707106781187,0.));
#1141 = DIRECTION('',(-0.707106781187,0.707106781187,0.));
#1142 = ADVANCED_FACE('',(#1143),#1154,.F.);
#1143 = FACE_BOUND('',#1144,.F.);
#1144 = EDGE_LOOP('',(#1145,#1146,#1147,#1153));
#1145 = ORIENTED_EDGE('',*,*,#1114,.T.);
#1146 = ORIENTED_EDGE('',*,*,#568,.T.);
#1147 = ORIENTED_EDGE('',*,*,#1148,.F.);
#1148 = EDGE_CURVE('',#240,#569,#1149,.T.);
#1149 = LINE('',#1150,#1151);
#1150 = CARTESIAN_POINT('',(-1.016,-8.89,0.));
#1151 = VECTOR('',#1152,1.);
#1152 = DIRECTION('',(0.,0.,1.));
#1153 = ORIENTED_EDGE('',*,*,#239,.F.);
#1154 = PLANE('',#1155);
#1155 = AXIS2_PLACEMENT_3D('',#1156,#1157,#1158);
#1156 = CARTESIAN_POINT('',(-1.27,-8.636,0.));
#1157 = DIRECTION('',(0.707106781187,0.707106781187,0.));
#1158 = DIRECTION('',(0.707106781187,-0.707106781187,0.));
#1159 = ADVANCED_FACE('',(#1160),#1171,.F.);
#1160 = FACE_BOUND('',#1161,.F.);
#1161 = EDGE_LOOP('',(#1162,#1168,#1169,#1170));
#1162 = ORIENTED_EDGE('',*,*,#1163,.T.);
#1163 = EDGE_CURVE('',#256,#585,#1164,.T.);
#1164 = LINE('',#1165,#1166);
#1165 = CARTESIAN_POINT('',(1.27,-8.636,0.));
#1166 = VECTOR('',#1167,1.);
#1167 = DIRECTION('',(0.,0.,1.));
#1168 = ORIENTED_EDGE('',*,*,#592,.T.);
#1169 = ORIENTED_EDGE('',*,*,#1129,.F.);
#1170 = ORIENTED_EDGE('',*,*,#263,.F.);
#1171 = PLANE('',#1172);
#1172 = AXIS2_PLACEMENT_3D('',#1173,#1174,#1175);
#1173 = CARTESIAN_POINT('',(1.27,-8.636,0.));
#1174 = DIRECTION('',(-1.,0.,0.));
#1175 = DIRECTION('',(0.,1.,0.));
#1176 = ADVANCED_FACE('',(#1177),#1188,.F.);
#1177 = FACE_BOUND('',#1178,.F.);
#1178 = EDGE_LOOP('',(#1179,#1180,#1181,#1187));
#1179 = ORIENTED_EDGE('',*,*,#1148,.T.);
#1180 = ORIENTED_EDGE('',*,*,#576,.T.);
#1181 = ORIENTED_EDGE('',*,*,#1182,.F.);
#1182 = EDGE_CURVE('',#248,#577,#1183,.T.);
#1183 = LINE('',#1184,#1185);
#1184 = CARTESIAN_POINT('',(1.016,-8.89,0.));
#1185 = VECTOR('',#1186,1.);
#1186 = DIRECTION('',(0.,0.,1.));
#1187 = ORIENTED_EDGE('',*,*,#247,.F.);
#1188 = PLANE('',#1189);
#1189 = AXIS2_PLACEMENT_3D('',#1190,#1191,#1192);
#1190 = CARTESIAN_POINT('',(-1.016,-8.89,0.));
#1191 = DIRECTION('',(0.,1.,0.));
#1192 = DIRECTION('',(1.,0.,0.));
#1193 = ADVANCED_FACE('',(#1194),#1200,.F.);
#1194 = FACE_BOUND('',#1195,.F.);
#1195 = EDGE_LOOP('',(#1196,#1197,#1198,#1199));
#1196 = ORIENTED_EDGE('',*,*,#1182,.T.);
#1197 = ORIENTED_EDGE('',*,*,#584,.T.);
#1198 = ORIENTED_EDGE('',*,*,#1163,.F.);
#1199 = ORIENTED_EDGE('',*,*,#255,.F.);
#1200 = PLANE('',#1201);
#1201 = AXIS2_PLACEMENT_3D('',#1202,#1203,#1204);
#1202 = CARTESIAN_POINT('',(1.016,-8.89,0.));
#1203 = DIRECTION('',(-0.707106781187,0.707106781187,0.));
#1204 = DIRECTION('',(0.707106781187,0.707106781187,0.));
#1205 = ADVANCED_FACE('',(#1206),#1231,.T.);
#1206 = FACE_BOUND('',#1207,.T.);
#1207 = EDGE_LOOP('',(#1208,#1216,#1224,#1230));
#1208 = ORIENTED_EDGE('',*,*,#1209,.F.);
#1209 = EDGE_CURVE('',#1210,#353,#1212,.T.);
#1210 = VERTEX_POINT('',#1211);
#1211 = CARTESIAN_POINT('',(0.32,-4.76,-2.84));
#1212 = LINE('',#1213,#1214);
#1213 = CARTESIAN_POINT('',(0.32,-4.76,-3.));
#1214 = VECTOR('',#1215,1.);
#1215 = DIRECTION('',(0.,0.,1.));
#1216 = ORIENTED_EDGE('',*,*,#1217,.F.);
#1217 = EDGE_CURVE('',#1218,#1210,#1220,.T.);
#1218 = VERTEX_POINT('',#1219);
#1219 = CARTESIAN_POINT('',(-0.32,-4.76,-2.84));
#1220 = LINE('',#1221,#1222);
#1221 = CARTESIAN_POINT('',(-0.32,-4.76,-2.84));
#1222 = VECTOR('',#1223,1.);
#1223 = DIRECTION('',(1.,0.,0.));
#1224 = ORIENTED_EDGE('',*,*,#1225,.T.);
#1225 = EDGE_CURVE('',#1218,#355,#1226,.T.);
#1226 = LINE('',#1227,#1228);
#1227 = CARTESIAN_POINT('',(-0.32,-4.76,-3.));
#1228 = VECTOR('',#1229,1.);
#1229 = DIRECTION('',(0.,0.,1.));
#1230 = ORIENTED_EDGE('',*,*,#352,.F.);
#1231 = PLANE('',#1232);
#1232 = AXIS2_PLACEMENT_3D('',#1233,#1234,#1235);
#1233 = CARTESIAN_POINT('',(-0.32,-4.76,-3.));
#1234 = DIRECTION('',(0.,1.,0.));
#1235 = DIRECTION('',(0.,-0.,1.));
#1236 = ADVANCED_FACE('',(#1237),#1255,.F.);
#1237 = FACE_BOUND('',#1238,.F.);
#1238 = EDGE_LOOP('',(#1239,#1247,#1253,#1254));
#1239 = ORIENTED_EDGE('',*,*,#1240,.F.);
#1240 = EDGE_CURVE('',#1241,#371,#1243,.T.);
#1241 = VERTEX_POINT('',#1242);
#1242 = CARTESIAN_POINT('',(-0.32,-5.4,-2.84));
#1243 = LINE('',#1244,#1245);
#1244 = CARTESIAN_POINT('',(-0.32,-5.4,-3.));
#1245 = VECTOR('',#1246,1.);
#1246 = DIRECTION('',(0.,0.,1.));
#1247 = ORIENTED_EDGE('',*,*,#1248,.T.);
#1248 = EDGE_CURVE('',#1241,#1218,#1249,.T.);
#1249 = LINE('',#1250,#1251);
#1250 = CARTESIAN_POINT('',(-0.32,-5.4,-2.84));
#1251 = VECTOR('',#1252,1.);
#1252 = DIRECTION('',(0.,1.,0.));
#1253 = ORIENTED_EDGE('',*,*,#1225,.T.);
#1254 = ORIENTED_EDGE('',*,*,#378,.F.);
#1255 = PLANE('',#1256);
#1256 = AXIS2_PLACEMENT_3D('',#1257,#1258,#1259);
#1257 = CARTESIAN_POINT('',(-0.32,-5.4,-3.));
#1258 = DIRECTION('',(1.,0.,0.));
#1259 = DIRECTION('',(0.,0.,1.));
#1260 = ADVANCED_FACE('',(#1261),#1279,.F.);
#1261 = FACE_BOUND('',#1262,.F.);
#1262 = EDGE_LOOP('',(#1263,#1271,#1277,#1278));
#1263 = ORIENTED_EDGE('',*,*,#1264,.F.);
#1264 = EDGE_CURVE('',#1265,#363,#1267,.T.);
#1265 = VERTEX_POINT('',#1266);
#1266 = CARTESIAN_POINT('',(0.32,-5.4,-2.84));
#1267 = LINE('',#1268,#1269);
#1268 = CARTESIAN_POINT('',(0.32,-5.4,-3.));
#1269 = VECTOR('',#1270,1.);
#1270 = DIRECTION('',(0.,0.,1.));
#1271 = ORIENTED_EDGE('',*,*,#1272,.F.);
#1272 = EDGE_CURVE('',#1241,#1265,#1273,.T.);
#1273 = LINE('',#1274,#1275);
#1274 = CARTESIAN_POINT('',(-0.32,-5.4,-2.84));
#1275 = VECTOR('',#1276,1.);
#1276 = DIRECTION('',(1.,0.,0.));
#1277 = ORIENTED_EDGE('',*,*,#1240,.T.);
#1278 = ORIENTED_EDGE('',*,*,#370,.F.);
#1279 = PLANE('',#1280);
#1280 = AXIS2_PLACEMENT_3D('',#1281,#1282,#1283);
#1281 = CARTESIAN_POINT('',(-0.32,-5.4,-3.));
#1282 = DIRECTION('',(0.,1.,0.));
#1283 = DIRECTION('',(0.,-0.,1.));
#1284 = ADVANCED_FACE('',(#1285),#1296,.T.);
#1285 = FACE_BOUND('',#1286,.T.);
#1286 = EDGE_LOOP('',(#1287,#1288,#1294,#1295));
#1287 = ORIENTED_EDGE('',*,*,#1264,.F.);
#1288 = ORIENTED_EDGE('',*,*,#1289,.T.);
#1289 = EDGE_CURVE('',#1265,#1210,#1290,.T.);
#1290 = LINE('',#1291,#1292);
#1291 = CARTESIAN_POINT('',(0.32,-5.4,-2.84));
#1292 = VECTOR('',#1293,1.);
#1293 = DIRECTION('',(0.,1.,0.));
#1294 = ORIENTED_EDGE('',*,*,#1209,.T.);
#1295 = ORIENTED_EDGE('',*,*,#362,.F.);
#1296 = PLANE('',#1297);
#1297 = AXIS2_PLACEMENT_3D('',#1298,#1299,#1300);
#1298 = CARTESIAN_POINT('',(0.32,-5.4,-3.));
#1299 = DIRECTION('',(1.,0.,0.));
#1300 = DIRECTION('',(0.,0.,1.));
#1301 = ADVANCED_FACE('',(#1302),#1327,.T.);
#1302 = FACE_BOUND('',#1303,.T.);
#1303 = EDGE_LOOP('',(#1304,#1312,#1320,#1326));
#1304 = ORIENTED_EDGE('',*,*,#1305,.F.);
#1305 = EDGE_CURVE('',#1306,#387,#1308,.T.);
#1306 = VERTEX_POINT('',#1307);
#1307 = CARTESIAN_POINT('',(0.32,-7.94,-2.84));
#1308 = LINE('',#1309,#1310);
#1309 = CARTESIAN_POINT('',(0.32,-7.94,-3.));
#1310 = VECTOR('',#1311,1.);
#1311 = DIRECTION('',(0.,0.,1.));
#1312 = ORIENTED_EDGE('',*,*,#1313,.T.);
#1313 = EDGE_CURVE('',#1306,#1314,#1316,.T.);
#1314 = VERTEX_POINT('',#1315);
#1315 = CARTESIAN_POINT('',(0.32,-7.3,-2.84));
#1316 = LINE('',#1317,#1318);
#1317 = CARTESIAN_POINT('',(0.32,-7.94,-2.84));
#1318 = VECTOR('',#1319,1.);
#1319 = DIRECTION('',(0.,1.,0.));
#1320 = ORIENTED_EDGE('',*,*,#1321,.T.);
#1321 = EDGE_CURVE('',#1314,#389,#1322,.T.);
#1322 = LINE('',#1323,#1324);
#1323 = CARTESIAN_POINT('',(0.32,-7.3,-3.));
#1324 = VECTOR('',#1325,1.);
#1325 = DIRECTION('',(0.,0.,1.));
#1326 = ORIENTED_EDGE('',*,*,#386,.F.);
#1327 = PLANE('',#1328);
#1328 = AXIS2_PLACEMENT_3D('',#1329,#1330,#1331);
#1329 = CARTESIAN_POINT('',(0.32,-7.94,-3.));
#1330 = DIRECTION('',(1.,0.,0.));
#1331 = DIRECTION('',(0.,0.,1.));
#1332 = ADVANCED_FACE('',(#1333),#1351,.T.);
#1333 = FACE_BOUND('',#1334,.T.);
#1334 = EDGE_LOOP('',(#1335,#1336,#1344,#1350));
#1335 = ORIENTED_EDGE('',*,*,#1321,.F.);
#1336 = ORIENTED_EDGE('',*,*,#1337,.F.);
#1337 = EDGE_CURVE('',#1338,#1314,#1340,.T.);
#1338 = VERTEX_POINT('',#1339);
#1339 = CARTESIAN_POINT('',(-0.32,-7.3,-2.84));
#1340 = LINE('',#1341,#1342);
#1341 = CARTESIAN_POINT('',(-0.32,-7.3,-2.84));
#1342 = VECTOR('',#1343,1.);
#1343 = DIRECTION('',(1.,0.,0.));
#1344 = ORIENTED_EDGE('',*,*,#1345,.T.);
#1345 = EDGE_CURVE('',#1338,#405,#1346,.T.);
#1346 = LINE('',#1347,#1348);
#1347 = CARTESIAN_POINT('',(-0.32,-7.3,-3.));
#1348 = VECTOR('',#1349,1.);
#1349 = DIRECTION('',(0.,0.,1.));
#1350 = ORIENTED_EDGE('',*,*,#412,.F.);
#1351 = PLANE('',#1352);
#1352 = AXIS2_PLACEMENT_3D('',#1353,#1354,#1355);
#1353 = CARTESIAN_POINT('',(-0.32,-7.3,-3.));
#1354 = DIRECTION('',(0.,1.,0.));
#1355 = DIRECTION('',(0.,-0.,1.));
#1356 = ADVANCED_FACE('',(#1357),#1375,.F.);
#1357 = FACE_BOUND('',#1358,.F.);
#1358 = EDGE_LOOP('',(#1359,#1367,#1373,#1374));
#1359 = ORIENTED_EDGE('',*,*,#1360,.F.);
#1360 = EDGE_CURVE('',#1361,#397,#1363,.T.);
#1361 = VERTEX_POINT('',#1362);
#1362 = CARTESIAN_POINT('',(-0.32,-7.94,-2.84));
#1363 = LINE('',#1364,#1365);
#1364 = CARTESIAN_POINT('',(-0.32,-7.94,-3.));
#1365 = VECTOR('',#1366,1.);
#1366 = DIRECTION('',(0.,0.,1.));
#1367 = ORIENTED_EDGE('',*,*,#1368,.T.);
#1368 = EDGE_CURVE('',#1361,#1338,#1369,.T.);
#1369 = LINE('',#1370,#1371);
#1370 = CARTESIAN_POINT('',(-0.32,-7.94,-2.84));
#1371 = VECTOR('',#1372,1.);
#1372 = DIRECTION('',(0.,1.,0.));
#1373 = ORIENTED_EDGE('',*,*,#1345,.T.);
#1374 = ORIENTED_EDGE('',*,*,#404,.F.);
#1375 = PLANE('',#1376);
#1376 = AXIS2_PLACEMENT_3D('',#1377,#1378,#1379);
#1377 = CARTESIAN_POINT('',(-0.32,-7.94,-3.));
#1378 = DIRECTION('',(1.,0.,0.));
#1379 = DIRECTION('',(0.,0.,1.));
#1380 = ADVANCED_FACE('',(#1381),#1392,.F.);
#1381 = FACE_BOUND('',#1382,.F.);
#1382 = EDGE_LOOP('',(#1383,#1384,#1390,#1391));
#1383 = ORIENTED_EDGE('',*,*,#1305,.F.);
#1384 = ORIENTED_EDGE('',*,*,#1385,.F.);
#1385 = EDGE_CURVE('',#1361,#1306,#1386,.T.);
#1386 = LINE('',#1387,#1388);
#1387 = CARTESIAN_POINT('',(-0.32,-7.94,-2.84));
#1388 = VECTOR('',#1389,1.);
#1389 = DIRECTION('',(1.,0.,0.));
#1390 = ORIENTED_EDGE('',*,*,#1360,.T.);
#1391 = ORIENTED_EDGE('',*,*,#396,.F.);
#1392 = PLANE('',#1393);
#1393 = AXIS2_PLACEMENT_3D('',#1394,#1395,#1396);
#1394 = CARTESIAN_POINT('',(-0.32,-7.94,-3.));
#1395 = DIRECTION('',(0.,1.,0.));
#1396 = DIRECTION('',(0.,-0.,1.));
#1397 = ADVANCED_FACE('',(#1398),#1423,.T.);
#1398 = FACE_BOUND('',#1399,.T.);
#1399 = EDGE_LOOP('',(#1400,#1408,#1416,#1422));
#1400 = ORIENTED_EDGE('',*,*,#1401,.F.);
#1401 = EDGE_CURVE('',#1402,#421,#1404,.T.);
#1402 = VERTEX_POINT('',#1403);
#1403 = CARTESIAN_POINT('',(0.32,-0.32,-2.84));
#1404 = LINE('',#1405,#1406);
#1405 = CARTESIAN_POINT('',(0.32,-0.32,-3.));
#1406 = VECTOR('',#1407,1.);
#1407 = DIRECTION('',(0.,0.,1.));
#1408 = ORIENTED_EDGE('',*,*,#1409,.T.);
#1409 = EDGE_CURVE('',#1402,#1410,#1412,.T.);
#1410 = VERTEX_POINT('',#1411);
#1411 = CARTESIAN_POINT('',(0.32,0.32,-2.84));
#1412 = LINE('',#1413,#1414);
#1413 = CARTESIAN_POINT('',(0.32,-0.32,-2.84));
#1414 = VECTOR('',#1415,1.);
#1415 = DIRECTION('',(0.,1.,0.));
#1416 = ORIENTED_EDGE('',*,*,#1417,.T.);
#1417 = EDGE_CURVE('',#1410,#423,#1418,.T.);
#1418 = LINE('',#1419,#1420);
#1419 = CARTESIAN_POINT('',(0.32,0.32,-3.));
#1420 = VECTOR('',#1421,1.);
#1421 = DIRECTION('',(0.,0.,1.));
#1422 = ORIENTED_EDGE('',*,*,#420,.F.);
#1423 = PLANE('',#1424);
#1424 = AXIS2_PLACEMENT_3D('',#1425,#1426,#1427);
#1425 = CARTESIAN_POINT('',(0.32,-0.32,-3.));
#1426 = DIRECTION('',(1.,0.,0.));
#1427 = DIRECTION('',(0.,0.,1.));
#1428 = ADVANCED_FACE('',(#1429),#1447,.T.);
#1429 = FACE_BOUND('',#1430,.T.);
#1430 = EDGE_LOOP('',(#1431,#1432,#1440,#1446));
#1431 = ORIENTED_EDGE('',*,*,#1417,.F.);
#1432 = ORIENTED_EDGE('',*,*,#1433,.F.);
#1433 = EDGE_CURVE('',#1434,#1410,#1436,.T.);
#1434 = VERTEX_POINT('',#1435);
#1435 = CARTESIAN_POINT('',(-0.32,0.32,-2.84));
#1436 = LINE('',#1437,#1438);
#1437 = CARTESIAN_POINT('',(-0.32,0.32,-2.84));
#1438 = VECTOR('',#1439,1.);
#1439 = DIRECTION('',(1.,0.,0.));
#1440 = ORIENTED_EDGE('',*,*,#1441,.T.);
#1441 = EDGE_CURVE('',#1434,#439,#1442,.T.);
#1442 = LINE('',#1443,#1444);
#1443 = CARTESIAN_POINT('',(-0.32,0.32,-3.));
#1444 = VECTOR('',#1445,1.);
#1445 = DIRECTION('',(0.,0.,1.));
#1446 = ORIENTED_EDGE('',*,*,#446,.F.);
#1447 = PLANE('',#1448);
#1448 = AXIS2_PLACEMENT_3D('',#1449,#1450,#1451);
#1449 = CARTESIAN_POINT('',(-0.32,0.32,-3.));
#1450 = DIRECTION('',(0.,1.,0.));
#1451 = DIRECTION('',(0.,-0.,1.));
#1452 = ADVANCED_FACE('',(#1453),#1471,.F.);
#1453 = FACE_BOUND('',#1454,.F.);
#1454 = EDGE_LOOP('',(#1455,#1463,#1469,#1470));
#1455 = ORIENTED_EDGE('',*,*,#1456,.F.);
#1456 = EDGE_CURVE('',#1457,#431,#1459,.T.);
#1457 = VERTEX_POINT('',#1458);
#1458 = CARTESIAN_POINT('',(-0.32,-0.32,-2.84));
#1459 = LINE('',#1460,#1461);
#1460 = CARTESIAN_POINT('',(-0.32,-0.32,-3.));
#1461 = VECTOR('',#1462,1.);
#1462 = DIRECTION('',(0.,0.,1.));
#1463 = ORIENTED_EDGE('',*,*,#1464,.T.);
#1464 = EDGE_CURVE('',#1457,#1434,#1465,.T.);
#1465 = LINE('',#1466,#1467);
#1466 = CARTESIAN_POINT('',(-0.32,-0.32,-2.84));
#1467 = VECTOR('',#1468,1.);
#1468 = DIRECTION('',(0.,1.,0.));
#1469 = ORIENTED_EDGE('',*,*,#1441,.T.);
#1470 = ORIENTED_EDGE('',*,*,#438,.F.);
#1471 = PLANE('',#1472);
#1472 = AXIS2_PLACEMENT_3D('',#1473,#1474,#1475);
#1473 = CARTESIAN_POINT('',(-0.32,-0.32,-3.));
#1474 = DIRECTION('',(1.,0.,0.));
#1475 = DIRECTION('',(0.,0.,1.));
#1476 = ADVANCED_FACE('',(#1477),#1488,.F.);
#1477 = FACE_BOUND('',#1478,.F.);
#1478 = EDGE_LOOP('',(#1479,#1480,#1486,#1487));
#1479 = ORIENTED_EDGE('',*,*,#1401,.F.);
#1480 = ORIENTED_EDGE('',*,*,#1481,.F.);
#1481 = EDGE_CURVE('',#1457,#1402,#1482,.T.);
#1482 = LINE('',#1483,#1484);
#1483 = CARTESIAN_POINT('',(-0.32,-0.32,-2.84));
#1484 = VECTOR('',#1485,1.);
#1485 = DIRECTION('',(1.,0.,0.));
#1486 = ORIENTED_EDGE('',*,*,#1456,.T.);
#1487 = ORIENTED_EDGE('',*,*,#430,.F.);
#1488 = PLANE('',#1489);
#1489 = AXIS2_PLACEMENT_3D('',#1490,#1491,#1492);
#1490 = CARTESIAN_POINT('',(-0.32,-0.32,-3.));
#1491 = DIRECTION('',(0.,1.,0.));
#1492 = DIRECTION('',(0.,-0.,1.));
#1493 = ADVANCED_FACE('',(#1494),#1519,.T.);
#1494 = FACE_BOUND('',#1495,.T.);
#1495 = EDGE_LOOP('',(#1496,#1504,#1512,#1518));
#1496 = ORIENTED_EDGE('',*,*,#1497,.F.);
#1497 = EDGE_CURVE('',#1498,#455,#1500,.T.);
#1498 = VERTEX_POINT('',#1499);
#1499 = CARTESIAN_POINT('',(0.32,-2.22,-2.84));
#1500 = LINE('',#1501,#1502);
#1501 = CARTESIAN_POINT('',(0.32,-2.22,-3.));
#1502 = VECTOR('',#1503,1.);
#1503 = DIRECTION('',(0.,0.,1.));
#1504 = ORIENTED_EDGE('',*,*,#1505,.F.);
#1505 = EDGE_CURVE('',#1506,#1498,#1508,.T.);
#1506 = VERTEX_POINT('',#1507);
#1507 = CARTESIAN_POINT('',(-0.32,-2.22,-2.84));
#1508 = LINE('',#1509,#1510);
#1509 = CARTESIAN_POINT('',(-0.32,-2.22,-2.84));
#1510 = VECTOR('',#1511,1.);
#1511 = DIRECTION('',(1.,0.,0.));
#1512 = ORIENTED_EDGE('',*,*,#1513,.T.);
#1513 = EDGE_CURVE('',#1506,#457,#1514,.T.);
#1514 = LINE('',#1515,#1516);
#1515 = CARTESIAN_POINT('',(-0.32,-2.22,-3.));
#1516 = VECTOR('',#1517,1.);
#1517 = DIRECTION('',(0.,0.,1.));
#1518 = ORIENTED_EDGE('',*,*,#454,.F.);
#1519 = PLANE('',#1520);
#1520 = AXIS2_PLACEMENT_3D('',#1521,#1522,#1523);
#1521 = CARTESIAN_POINT('',(-0.32,-2.22,-3.));
#1522 = DIRECTION('',(0.,1.,0.));
#1523 = DIRECTION('',(0.,-0.,1.));
#1524 = ADVANCED_FACE('',(#1525),#1543,.F.);
#1525 = FACE_BOUND('',#1526,.F.);
#1526 = EDGE_LOOP('',(#1527,#1535,#1541,#1542));
#1527 = ORIENTED_EDGE('',*,*,#1528,.F.);
#1528 = EDGE_CURVE('',#1529,#473,#1531,.T.);
#1529 = VERTEX_POINT('',#1530);
#1530 = CARTESIAN_POINT('',(-0.32,-2.86,-2.84));
#1531 = LINE('',#1532,#1533);
#1532 = CARTESIAN_POINT('',(-0.32,-2.86,-3.));
#1533 = VECTOR('',#1534,1.);
#1534 = DIRECTION('',(0.,0.,1.));
#1535 = ORIENTED_EDGE('',*,*,#1536,.T.);
#1536 = EDGE_CURVE('',#1529,#1506,#1537,.T.);
#1537 = LINE('',#1538,#1539);
#1538 = CARTESIAN_POINT('',(-0.32,-2.86,-2.84));
#1539 = VECTOR('',#1540,1.);
#1540 = DIRECTION('',(0.,1.,0.));
#1541 = ORIENTED_EDGE('',*,*,#1513,.T.);
#1542 = ORIENTED_EDGE('',*,*,#480,.F.);
#1543 = PLANE('',#1544);
#1544 = AXIS2_PLACEMENT_3D('',#1545,#1546,#1547);
#1545 = CARTESIAN_POINT('',(-0.32,-2.86,-3.));
#1546 = DIRECTION('',(1.,0.,0.));
#1547 = DIRECTION('',(0.,0.,1.));
#1548 = ADVANCED_FACE('',(#1549),#1567,.F.);
#1549 = FACE_BOUND('',#1550,.F.);
#1550 = EDGE_LOOP('',(#1551,#1559,#1565,#1566));
#1551 = ORIENTED_EDGE('',*,*,#1552,.F.);
#1552 = EDGE_CURVE('',#1553,#465,#1555,.T.);
#1553 = VERTEX_POINT('',#1554);
#1554 = CARTESIAN_POINT('',(0.32,-2.86,-2.84));
#1555 = LINE('',#1556,#1557);
#1556 = CARTESIAN_POINT('',(0.32,-2.86,-3.));
#1557 = VECTOR('',#1558,1.);
#1558 = DIRECTION('',(0.,0.,1.));
#1559 = ORIENTED_EDGE('',*,*,#1560,.F.);
#1560 = EDGE_CURVE('',#1529,#1553,#1561,.T.);
#1561 = LINE('',#1562,#1563);
#1562 = CARTESIAN_POINT('',(-0.32,-2.86,-2.84));
#1563 = VECTOR('',#1564,1.);
#1564 = DIRECTION('',(1.,0.,0.));
#1565 = ORIENTED_EDGE('',*,*,#1528,.T.);
#1566 = ORIENTED_EDGE('',*,*,#472,.F.);
#1567 = PLANE('',#1568);
#1568 = AXIS2_PLACEMENT_3D('',#1569,#1570,#1571);
#1569 = CARTESIAN_POINT('',(-0.32,-2.86,-3.));
#1570 = DIRECTION('',(0.,1.,0.));
#1571 = DIRECTION('',(0.,-0.,1.));
#1572 = ADVANCED_FACE('',(#1573),#1584,.T.);
#1573 = FACE_BOUND('',#1574,.T.);
#1574 = EDGE_LOOP('',(#1575,#1576,#1582,#1583));
#1575 = ORIENTED_EDGE('',*,*,#1552,.F.);
#1576 = ORIENTED_EDGE('',*,*,#1577,.T.);
#1577 = EDGE_CURVE('',#1553,#1498,#1578,.T.);
#1578 = LINE('',#1579,#1580);
#1579 = CARTESIAN_POINT('',(0.32,-2.86,-2.84));
#1580 = VECTOR('',#1581,1.);
#1581 = DIRECTION('',(0.,1.,0.));
#1582 = ORIENTED_EDGE('',*,*,#1497,.T.);
#1583 = ORIENTED_EDGE('',*,*,#464,.F.);
#1584 = PLANE('',#1585);
#1585 = AXIS2_PLACEMENT_3D('',#1586,#1587,#1588);
#1586 = CARTESIAN_POINT('',(0.32,-2.86,-3.));
#1587 = DIRECTION('',(1.,0.,0.));
#1588 = DIRECTION('',(0.,0.,1.));
#1589 = ADVANCED_FACE('',(#1590),#1615,.T.);
#1590 = FACE_BOUND('',#1591,.T.);
#1591 = EDGE_LOOP('',(#1592,#1600,#1601,#1609));
#1592 = ORIENTED_EDGE('',*,*,#1593,.F.);
#1593 = EDGE_CURVE('',#682,#1594,#1596,.T.);
#1594 = VERTEX_POINT('',#1595);
#1595 = CARTESIAN_POINT('',(0.32,-4.76,8.38));
#1596 = LINE('',#1597,#1598);
#1597 = CARTESIAN_POINT('',(0.32,-4.76,-3.));
#1598 = VECTOR('',#1599,1.);
#1599 = DIRECTION('',(0.,0.,1.));
#1600 = ORIENTED_EDGE('',*,*,#681,.T.);
#1601 = ORIENTED_EDGE('',*,*,#1602,.T.);
#1602 = EDGE_CURVE('',#684,#1603,#1605,.T.);
#1603 = VERTEX_POINT('',#1604);
#1604 = CARTESIAN_POINT('',(-0.32,-4.76,8.38));
#1605 = LINE('',#1606,#1607);
#1606 = CARTESIAN_POINT('',(-0.32,-4.76,-3.));
#1607 = VECTOR('',#1608,1.);
#1608 = DIRECTION('',(0.,0.,1.));
#1609 = ORIENTED_EDGE('',*,*,#1610,.T.);
#1610 = EDGE_CURVE('',#1603,#1594,#1611,.T.);
#1611 = LINE('',#1612,#1613);
#1612 = CARTESIAN_POINT('',(-0.32,-4.76,8.38));
#1613 = VECTOR('',#1614,1.);
#1614 = DIRECTION('',(1.,0.,0.));
#1615 = PLANE('',#1616);
#1616 = AXIS2_PLACEMENT_3D('',#1617,#1618,#1619);
#1617 = CARTESIAN_POINT('',(-0.32,-4.76,-3.));
#1618 = DIRECTION('',(0.,1.,0.));
#1619 = DIRECTION('',(0.,-0.,1.));
#1620 = ADVANCED_FACE('',(#1621),#1639,.F.);
#1621 = FACE_BOUND('',#1622,.F.);
#1622 = EDGE_LOOP('',(#1623,#1631,#1632,#1633));
#1623 = ORIENTED_EDGE('',*,*,#1624,.F.);
#1624 = EDGE_CURVE('',#700,#1625,#1627,.T.);
#1625 = VERTEX_POINT('',#1626);
#1626 = CARTESIAN_POINT('',(-0.32,-5.4,8.38));
#1627 = LINE('',#1628,#1629);
#1628 = CARTESIAN_POINT('',(-0.32,-5.4,-3.));
#1629 = VECTOR('',#1630,1.);
#1630 = DIRECTION('',(0.,0.,1.));
#1631 = ORIENTED_EDGE('',*,*,#707,.T.);
#1632 = ORIENTED_EDGE('',*,*,#1602,.T.);
#1633 = ORIENTED_EDGE('',*,*,#1634,.F.);
#1634 = EDGE_CURVE('',#1625,#1603,#1635,.T.);
#1635 = LINE('',#1636,#1637);
#1636 = CARTESIAN_POINT('',(-0.32,-5.4,8.38));
#1637 = VECTOR('',#1638,1.);
#1638 = DIRECTION('',(0.,1.,0.));
#1639 = PLANE('',#1640);
#1640 = AXIS2_PLACEMENT_3D('',#1641,#1642,#1643);
#1641 = CARTESIAN_POINT('',(-0.32,-5.4,-3.));
#1642 = DIRECTION('',(1.,0.,0.));
#1643 = DIRECTION('',(0.,0.,1.));
#1644 = ADVANCED_FACE('',(#1645),#1663,.F.);
#1645 = FACE_BOUND('',#1646,.F.);
#1646 = EDGE_LOOP('',(#1647,#1655,#1656,#1657));
#1647 = ORIENTED_EDGE('',*,*,#1648,.F.);
#1648 = EDGE_CURVE('',#692,#1649,#1651,.T.);
#1649 = VERTEX_POINT('',#1650);
#1650 = CARTESIAN_POINT('',(0.32,-5.4,8.38));
#1651 = LINE('',#1652,#1653);
#1652 = CARTESIAN_POINT('',(0.32,-5.4,-3.));
#1653 = VECTOR('',#1654,1.);
#1654 = DIRECTION('',(0.,0.,1.));
#1655 = ORIENTED_EDGE('',*,*,#699,.T.);
#1656 = ORIENTED_EDGE('',*,*,#1624,.T.);
#1657 = ORIENTED_EDGE('',*,*,#1658,.T.);
#1658 = EDGE_CURVE('',#1625,#1649,#1659,.T.);
#1659 = LINE('',#1660,#1661);
#1660 = CARTESIAN_POINT('',(-0.32,-5.4,8.38));
#1661 = VECTOR('',#1662,1.);
#1662 = DIRECTION('',(1.,0.,0.));
#1663 = PLANE('',#1664);
#1664 = AXIS2_PLACEMENT_3D('',#1665,#1666,#1667);
#1665 = CARTESIAN_POINT('',(-0.32,-5.4,-3.));
#1666 = DIRECTION('',(0.,1.,0.));
#1667 = DIRECTION('',(0.,-0.,1.));
#1668 = ADVANCED_FACE('',(#1669),#1680,.T.);
#1669 = FACE_BOUND('',#1670,.T.);
#1670 = EDGE_LOOP('',(#1671,#1672,#1673,#1674));
#1671 = ORIENTED_EDGE('',*,*,#1648,.F.);
#1672 = ORIENTED_EDGE('',*,*,#691,.T.);
#1673 = ORIENTED_EDGE('',*,*,#1593,.T.);
#1674 = ORIENTED_EDGE('',*,*,#1675,.F.);
#1675 = EDGE_CURVE('',#1649,#1594,#1676,.T.);
#1676 = LINE('',#1677,#1678);
#1677 = CARTESIAN_POINT('',(0.32,-5.4,8.38));
#1678 = VECTOR('',#1679,1.);
#1679 = DIRECTION('',(0.,1.,0.));
#1680 = PLANE('',#1681);
#1681 = AXIS2_PLACEMENT_3D('',#1682,#1683,#1684);
#1682 = CARTESIAN_POINT('',(0.32,-5.4,-3.));
#1683 = DIRECTION('',(1.,0.,0.));
#1684 = DIRECTION('',(0.,0.,1.));
#1685 = ADVANCED_FACE('',(#1686),#1711,.T.);
#1686 = FACE_BOUND('',#1687,.T.);
#1687 = EDGE_LOOP('',(#1688,#1696,#1697,#1705));
#1688 = ORIENTED_EDGE('',*,*,#1689,.F.);
#1689 = EDGE_CURVE('',#716,#1690,#1692,.T.);
#1690 = VERTEX_POINT('',#1691);
#1691 = CARTESIAN_POINT('',(0.32,-7.94,8.38));
#1692 = LINE('',#1693,#1694);
#1693 = CARTESIAN_POINT('',(0.32,-7.94,-3.));
#1694 = VECTOR('',#1695,1.);
#1695 = DIRECTION('',(0.,0.,1.));
#1696 = ORIENTED_EDGE('',*,*,#715,.T.);
#1697 = ORIENTED_EDGE('',*,*,#1698,.T.);
#1698 = EDGE_CURVE('',#718,#1699,#1701,.T.);
#1699 = VERTEX_POINT('',#1700);
#1700 = CARTESIAN_POINT('',(0.32,-7.3,8.38));
#1701 = LINE('',#1702,#1703);
#1702 = CARTESIAN_POINT('',(0.32,-7.3,-3.));
#1703 = VECTOR('',#1704,1.);
#1704 = DIRECTION('',(0.,0.,1.));
#1705 = ORIENTED_EDGE('',*,*,#1706,.F.);
#1706 = EDGE_CURVE('',#1690,#1699,#1707,.T.);
#1707 = LINE('',#1708,#1709);
#1708 = CARTESIAN_POINT('',(0.32,-7.94,8.38));
#1709 = VECTOR('',#1710,1.);
#1710 = DIRECTION('',(0.,1.,0.));
#1711 = PLANE('',#1712);
#1712 = AXIS2_PLACEMENT_3D('',#1713,#1714,#1715);
#1713 = CARTESIAN_POINT('',(0.32,-7.94,-3.));
#1714 = DIRECTION('',(1.,0.,0.));
#1715 = DIRECTION('',(0.,0.,1.));
#1716 = ADVANCED_FACE('',(#1717),#1735,.T.);
#1717 = FACE_BOUND('',#1718,.T.);
#1718 = EDGE_LOOP('',(#1719,#1720,#1721,#1729));
#1719 = ORIENTED_EDGE('',*,*,#1698,.F.);
#1720 = ORIENTED_EDGE('',*,*,#741,.T.);
#1721 = ORIENTED_EDGE('',*,*,#1722,.T.);
#1722 = EDGE_CURVE('',#734,#1723,#1725,.T.);
#1723 = VERTEX_POINT('',#1724);
#1724 = CARTESIAN_POINT('',(-0.32,-7.3,8.38));
#1725 = LINE('',#1726,#1727);
#1726 = CARTESIAN_POINT('',(-0.32,-7.3,-3.));
#1727 = VECTOR('',#1728,1.);
#1728 = DIRECTION('',(0.,0.,1.));
#1729 = ORIENTED_EDGE('',*,*,#1730,.T.);
#1730 = EDGE_CURVE('',#1723,#1699,#1731,.T.);
#1731 = LINE('',#1732,#1733);
#1732 = CARTESIAN_POINT('',(-0.32,-7.3,8.38));
#1733 = VECTOR('',#1734,1.);
#1734 = DIRECTION('',(1.,0.,0.));
#1735 = PLANE('',#1736);
#1736 = AXIS2_PLACEMENT_3D('',#1737,#1738,#1739);
#1737 = CARTESIAN_POINT('',(-0.32,-7.3,-3.));
#1738 = DIRECTION('',(0.,1.,0.));
#1739 = DIRECTION('',(0.,-0.,1.));
#1740 = ADVANCED_FACE('',(#1741),#1759,.F.);
#1741 = FACE_BOUND('',#1742,.F.);
#1742 = EDGE_LOOP('',(#1743,#1751,#1752,#1753));
#1743 = ORIENTED_EDGE('',*,*,#1744,.F.);
#1744 = EDGE_CURVE('',#726,#1745,#1747,.T.);
#1745 = VERTEX_POINT('',#1746);
#1746 = CARTESIAN_POINT('',(-0.32,-7.94,8.38));
#1747 = LINE('',#1748,#1749);
#1748 = CARTESIAN_POINT('',(-0.32,-7.94,-3.));
#1749 = VECTOR('',#1750,1.);
#1750 = DIRECTION('',(0.,0.,1.));
#1751 = ORIENTED_EDGE('',*,*,#733,.T.);
#1752 = ORIENTED_EDGE('',*,*,#1722,.T.);
#1753 = ORIENTED_EDGE('',*,*,#1754,.F.);
#1754 = EDGE_CURVE('',#1745,#1723,#1755,.T.);
#1755 = LINE('',#1756,#1757);
#1756 = CARTESIAN_POINT('',(-0.32,-7.94,8.38));
#1757 = VECTOR('',#1758,1.);
#1758 = DIRECTION('',(0.,1.,0.));
#1759 = PLANE('',#1760);
#1760 = AXIS2_PLACEMENT_3D('',#1761,#1762,#1763);
#1761 = CARTESIAN_POINT('',(-0.32,-7.94,-3.));
#1762 = DIRECTION('',(1.,0.,0.));
#1763 = DIRECTION('',(0.,0.,1.));
#1764 = ADVANCED_FACE('',(#1765),#1776,.F.);
#1765 = FACE_BOUND('',#1766,.F.);
#1766 = EDGE_LOOP('',(#1767,#1768,#1769,#1770));
#1767 = ORIENTED_EDGE('',*,*,#1689,.F.);
#1768 = ORIENTED_EDGE('',*,*,#725,.T.);
#1769 = ORIENTED_EDGE('',*,*,#1744,.T.);
#1770 = ORIENTED_EDGE('',*,*,#1771,.T.);
#1771 = EDGE_CURVE('',#1745,#1690,#1772,.T.);
#1772 = LINE('',#1773,#1774);
#1773 = CARTESIAN_POINT('',(-0.32,-7.94,8.38));
#1774 = VECTOR('',#1775,1.);
#1775 = DIRECTION('',(1.,0.,0.));
#1776 = PLANE('',#1777);
#1777 = AXIS2_PLACEMENT_3D('',#1778,#1779,#1780);
#1778 = CARTESIAN_POINT('',(-0.32,-7.94,-3.));
#1779 = DIRECTION('',(0.,1.,0.));
#1780 = DIRECTION('',(0.,-0.,1.));
#1781 = ADVANCED_FACE('',(#1782),#1807,.T.);
#1782 = FACE_BOUND('',#1783,.T.);
#1783 = EDGE_LOOP('',(#1784,#1792,#1793,#1801));
#1784 = ORIENTED_EDGE('',*,*,#1785,.F.);
#1785 = EDGE_CURVE('',#750,#1786,#1788,.T.);
#1786 = VERTEX_POINT('',#1787);
#1787 = CARTESIAN_POINT('',(0.32,-0.32,8.38));
#1788 = LINE('',#1789,#1790);
#1789 = CARTESIAN_POINT('',(0.32,-0.32,-3.));
#1790 = VECTOR('',#1791,1.);
#1791 = DIRECTION('',(0.,0.,1.));
#1792 = ORIENTED_EDGE('',*,*,#749,.T.);
#1793 = ORIENTED_EDGE('',*,*,#1794,.T.);
#1794 = EDGE_CURVE('',#752,#1795,#1797,.T.);
#1795 = VERTEX_POINT('',#1796);
#1796 = CARTESIAN_POINT('',(0.32,0.32,8.38));
#1797 = LINE('',#1798,#1799);
#1798 = CARTESIAN_POINT('',(0.32,0.32,-3.));
#1799 = VECTOR('',#1800,1.);
#1800 = DIRECTION('',(0.,0.,1.));
#1801 = ORIENTED_EDGE('',*,*,#1802,.F.);
#1802 = EDGE_CURVE('',#1786,#1795,#1803,.T.);
#1803 = LINE('',#1804,#1805);
#1804 = CARTESIAN_POINT('',(0.32,-0.32,8.38));
#1805 = VECTOR('',#1806,1.);
#1806 = DIRECTION('',(0.,1.,0.));
#1807 = PLANE('',#1808);
#1808 = AXIS2_PLACEMENT_3D('',#1809,#1810,#1811);
#1809 = CARTESIAN_POINT('',(0.32,-0.32,-3.));
#1810 = DIRECTION('',(1.,0.,0.));
#1811 = DIRECTION('',(0.,0.,1.));
#1812 = ADVANCED_FACE('',(#1813),#1831,.T.);
#1813 = FACE_BOUND('',#1814,.T.);
#1814 = EDGE_LOOP('',(#1815,#1816,#1817,#1825));
#1815 = ORIENTED_EDGE('',*,*,#1794,.F.);
#1816 = ORIENTED_EDGE('',*,*,#775,.T.);
#1817 = ORIENTED_EDGE('',*,*,#1818,.T.);
#1818 = EDGE_CURVE('',#768,#1819,#1821,.T.);
#1819 = VERTEX_POINT('',#1820);
#1820 = CARTESIAN_POINT('',(-0.32,0.32,8.38));
#1821 = LINE('',#1822,#1823);
#1822 = CARTESIAN_POINT('',(-0.32,0.32,-3.));
#1823 = VECTOR('',#1824,1.);
#1824 = DIRECTION('',(0.,0.,1.));
#1825 = ORIENTED_EDGE('',*,*,#1826,.T.);
#1826 = EDGE_CURVE('',#1819,#1795,#1827,.T.);
#1827 = LINE('',#1828,#1829);
#1828 = CARTESIAN_POINT('',(-0.32,0.32,8.38));
#1829 = VECTOR('',#1830,1.);
#1830 = DIRECTION('',(1.,0.,0.));
#1831 = PLANE('',#1832);
#1832 = AXIS2_PLACEMENT_3D('',#1833,#1834,#1835);
#1833 = CARTESIAN_POINT('',(-0.32,0.32,-3.));
#1834 = DIRECTION('',(0.,1.,0.));
#1835 = DIRECTION('',(0.,-0.,1.));
#1836 = ADVANCED_FACE('',(#1837),#1855,.F.);
#1837 = FACE_BOUND('',#1838,.F.);
#1838 = EDGE_LOOP('',(#1839,#1847,#1848,#1849));
#1839 = ORIENTED_EDGE('',*,*,#1840,.F.);
#1840 = EDGE_CURVE('',#760,#1841,#1843,.T.);
#1841 = VERTEX_POINT('',#1842);
#1842 = CARTESIAN_POINT('',(-0.32,-0.32,8.38));
#1843 = LINE('',#1844,#1845);
#1844 = CARTESIAN_POINT('',(-0.32,-0.32,-3.));
#1845 = VECTOR('',#1846,1.);
#1846 = DIRECTION('',(0.,0.,1.));
#1847 = ORIENTED_EDGE('',*,*,#767,.T.);
#1848 = ORIENTED_EDGE('',*,*,#1818,.T.);
#1849 = ORIENTED_EDGE('',*,*,#1850,.F.);
#1850 = EDGE_CURVE('',#1841,#1819,#1851,.T.);
#1851 = LINE('',#1852,#1853);
#1852 = CARTESIAN_POINT('',(-0.32,-0.32,8.38));
#1853 = VECTOR('',#1854,1.);
#1854 = DIRECTION('',(0.,1.,0.));
#1855 = PLANE('',#1856);
#1856 = AXIS2_PLACEMENT_3D('',#1857,#1858,#1859);
#1857 = CARTESIAN_POINT('',(-0.32,-0.32,-3.));
#1858 = DIRECTION('',(1.,0.,0.));
#1859 = DIRECTION('',(0.,0.,1.));
#1860 = ADVANCED_FACE('',(#1861),#1872,.F.);
#1861 = FACE_BOUND('',#1862,.F.);
#1862 = EDGE_LOOP('',(#1863,#1864,#1865,#1866));
#1863 = ORIENTED_EDGE('',*,*,#1785,.F.);
#1864 = ORIENTED_EDGE('',*,*,#759,.T.);
#1865 = ORIENTED_EDGE('',*,*,#1840,.T.);
#1866 = ORIENTED_EDGE('',*,*,#1867,.T.);
#1867 = EDGE_CURVE('',#1841,#1786,#1868,.T.);
#1868 = LINE('',#1869,#1870);
#1869 = CARTESIAN_POINT('',(-0.32,-0.32,8.38));
#1870 = VECTOR('',#1871,1.);
#1871 = DIRECTION('',(1.,0.,0.));
#1872 = PLANE('',#1873);
#1873 = AXIS2_PLACEMENT_3D('',#1874,#1875,#1876);
#1874 = CARTESIAN_POINT('',(-0.32,-0.32,-3.));
#1875 = DIRECTION('',(0.,1.,0.));
#1876 = DIRECTION('',(0.,-0.,1.));
#1877 = ADVANCED_FACE('',(#1878),#1903,.T.);
#1878 = FACE_BOUND('',#1879,.T.);
#1879 = EDGE_LOOP('',(#1880,#1888,#1889,#1897));
#1880 = ORIENTED_EDGE('',*,*,#1881,.F.);
#1881 = EDGE_CURVE('',#784,#1882,#1884,.T.);
#1882 = VERTEX_POINT('',#1883);
#1883 = CARTESIAN_POINT('',(0.32,-2.22,8.38));
#1884 = LINE('',#1885,#1886);
#1885 = CARTESIAN_POINT('',(0.32,-2.22,-3.));
#1886 = VECTOR('',#1887,1.);
#1887 = DIRECTION('',(0.,0.,1.));
#1888 = ORIENTED_EDGE('',*,*,#783,.T.);
#1889 = ORIENTED_EDGE('',*,*,#1890,.T.);
#1890 = EDGE_CURVE('',#786,#1891,#1893,.T.);
#1891 = VERTEX_POINT('',#1892);
#1892 = CARTESIAN_POINT('',(-0.32,-2.22,8.38));
#1893 = LINE('',#1894,#1895);
#1894 = CARTESIAN_POINT('',(-0.32,-2.22,-3.));
#1895 = VECTOR('',#1896,1.);
#1896 = DIRECTION('',(0.,0.,1.));
#1897 = ORIENTED_EDGE('',*,*,#1898,.T.);
#1898 = EDGE_CURVE('',#1891,#1882,#1899,.T.);
#1899 = LINE('',#1900,#1901);
#1900 = CARTESIAN_POINT('',(-0.32,-2.22,8.38));
#1901 = VECTOR('',#1902,1.);
#1902 = DIRECTION('',(1.,0.,0.));
#1903 = PLANE('',#1904);
#1904 = AXIS2_PLACEMENT_3D('',#1905,#1906,#1907);
#1905 = CARTESIAN_POINT('',(-0.32,-2.22,-3.));
#1906 = DIRECTION('',(0.,1.,0.));
#1907 = DIRECTION('',(0.,-0.,1.));
#1908 = ADVANCED_FACE('',(#1909),#1927,.F.);
#1909 = FACE_BOUND('',#1910,.F.);
#1910 = EDGE_LOOP('',(#1911,#1919,#1920,#1921));
#1911 = ORIENTED_EDGE('',*,*,#1912,.F.);
#1912 = EDGE_CURVE('',#802,#1913,#1915,.T.);
#1913 = VERTEX_POINT('',#1914);
#1914 = CARTESIAN_POINT('',(-0.32,-2.86,8.38));
#1915 = LINE('',#1916,#1917);
#1916 = CARTESIAN_POINT('',(-0.32,-2.86,-3.));
#1917 = VECTOR('',#1918,1.);
#1918 = DIRECTION('',(0.,0.,1.));
#1919 = ORIENTED_EDGE('',*,*,#809,.T.);
#1920 = ORIENTED_EDGE('',*,*,#1890,.T.);
#1921 = ORIENTED_EDGE('',*,*,#1922,.F.);
#1922 = EDGE_CURVE('',#1913,#1891,#1923,.T.);
#1923 = LINE('',#1924,#1925);
#1924 = CARTESIAN_POINT('',(-0.32,-2.86,8.38));
#1925 = VECTOR('',#1926,1.);
#1926 = DIRECTION('',(0.,1.,0.));
#1927 = PLANE('',#1928);
#1928 = AXIS2_PLACEMENT_3D('',#1929,#1930,#1931);
#1929 = CARTESIAN_POINT('',(-0.32,-2.86,-3.));
#1930 = DIRECTION('',(1.,0.,0.));
#1931 = DIRECTION('',(0.,0.,1.));
#1932 = ADVANCED_FACE('',(#1933),#1951,.F.);
#1933 = FACE_BOUND('',#1934,.F.);
#1934 = EDGE_LOOP('',(#1935,#1943,#1944,#1945));
#1935 = ORIENTED_EDGE('',*,*,#1936,.F.);
#1936 = EDGE_CURVE('',#794,#1937,#1939,.T.);
#1937 = VERTEX_POINT('',#1938);
#1938 = CARTESIAN_POINT('',(0.32,-2.86,8.38));
#1939 = LINE('',#1940,#1941);
#1940 = CARTESIAN_POINT('',(0.32,-2.86,-3.));
#1941 = VECTOR('',#1942,1.);
#1942 = DIRECTION('',(0.,0.,1.));
#1943 = ORIENTED_EDGE('',*,*,#801,.T.);
#1944 = ORIENTED_EDGE('',*,*,#1912,.T.);
#1945 = ORIENTED_EDGE('',*,*,#1946,.T.);
#1946 = EDGE_CURVE('',#1913,#1937,#1947,.T.);
#1947 = LINE('',#1948,#1949);
#1948 = CARTESIAN_POINT('',(-0.32,-2.86,8.38));
#1949 = VECTOR('',#1950,1.);
#1950 = DIRECTION('',(1.,0.,0.));
#1951 = PLANE('',#1952);
#1952 = AXIS2_PLACEMENT_3D('',#1953,#1954,#1955);
#1953 = CARTESIAN_POINT('',(-0.32,-2.86,-3.));
#1954 = DIRECTION('',(0.,1.,0.));
#1955 = DIRECTION('',(0.,-0.,1.));
#1956 = ADVANCED_FACE('',(#1957),#1968,.T.);
#1957 = FACE_BOUND('',#1958,.T.);
#1958 = EDGE_LOOP('',(#1959,#1960,#1961,#1962));
#1959 = ORIENTED_EDGE('',*,*,#1936,.F.);
#1960 = ORIENTED_EDGE('',*,*,#793,.T.);
#1961 = ORIENTED_EDGE('',*,*,#1881,.T.);
#1962 = ORIENTED_EDGE('',*,*,#1963,.F.);
#1963 = EDGE_CURVE('',#1937,#1882,#1964,.T.);
#1964 = LINE('',#1965,#1966);
#1965 = CARTESIAN_POINT('',(0.32,-2.86,8.38));
#1966 = VECTOR('',#1967,1.);
#1967 = DIRECTION('',(0.,1.,0.));
#1968 = PLANE('',#1969);
#1969 = AXIS2_PLACEMENT_3D('',#1970,#1971,#1972);
#1970 = CARTESIAN_POINT('',(0.32,-2.86,-3.));
#1971 = DIRECTION('',(1.,0.,0.));
#1972 = DIRECTION('',(0.,0.,1.));
#1973 = ADVANCED_FACE('',(#1974),#1999,.F.);
#1974 = FACE_BOUND('',#1975,.T.);
#1975 = EDGE_LOOP('',(#1976,#1984,#1985,#1993));
#1976 = ORIENTED_EDGE('',*,*,#1977,.F.);
#1977 = EDGE_CURVE('',#1218,#1978,#1980,.T.);
#1978 = VERTEX_POINT('',#1979);
#1979 = CARTESIAN_POINT('',(-0.16,-4.92,-3.));
#1980 = LINE('',#1981,#1982);
#1981 = CARTESIAN_POINT('',(-0.16,-4.92,-3.));
#1982 = VECTOR('',#1983,1.);
#1983 = DIRECTION('',(0.57735026919,-0.57735026919,-0.57735026919));
#1984 = ORIENTED_EDGE('',*,*,#1217,.T.);
#1985 = ORIENTED_EDGE('',*,*,#1986,.T.);
#1986 = EDGE_CURVE('',#1210,#1987,#1989,.T.);
#1987 = VERTEX_POINT('',#1988);
#1988 = CARTESIAN_POINT('',(0.16,-4.92,-3.));
#1989 = LINE('',#1990,#1991);
#1990 = CARTESIAN_POINT('',(5.333333333333E-02,-5.026666666667,
    -3.106666666667));
#1991 = VECTOR('',#1992,1.);
#1992 = DIRECTION('',(-0.57735026919,-0.57735026919,-0.57735026919));
#1993 = ORIENTED_EDGE('',*,*,#1994,.F.);
#1994 = EDGE_CURVE('',#1978,#1987,#1995,.T.);
#1995 = LINE('',#1996,#1997);
#1996 = CARTESIAN_POINT('',(-0.32,-4.92,-3.));
#1997 = VECTOR('',#1998,1.);
#1998 = DIRECTION('',(1.,0.,0.));
#1999 = PLANE('',#2000);
#2000 = AXIS2_PLACEMENT_3D('',#2001,#2002,#2003);
#2001 = CARTESIAN_POINT('',(-0.32,-4.84,-2.92));
#2002 = DIRECTION('',(-1.735167508357E-18,-0.707106781187,0.707106781187
    ));
#2003 = DIRECTION('',(-1.,1.226948711654E-18,-1.226948711654E-18));
#2004 = ADVANCED_FACE('',(#2005),#2023,.T.);
#2005 = FACE_BOUND('',#2006,.T.);
#2006 = EDGE_LOOP('',(#2007,#2015,#2016,#2017));
#2007 = ORIENTED_EDGE('',*,*,#2008,.F.);
#2008 = EDGE_CURVE('',#1241,#2009,#2011,.T.);
#2009 = VERTEX_POINT('',#2010);
#2010 = CARTESIAN_POINT('',(-0.16,-5.24,-3.));
#2011 = LINE('',#2012,#2013);
#2012 = CARTESIAN_POINT('',(-0.266666666667,-5.346666666667,
    -2.893333333333));
#2013 = VECTOR('',#2014,1.);
#2014 = DIRECTION('',(0.57735026919,0.57735026919,-0.57735026919));
#2015 = ORIENTED_EDGE('',*,*,#1248,.T.);
#2016 = ORIENTED_EDGE('',*,*,#1977,.T.);
#2017 = ORIENTED_EDGE('',*,*,#2018,.F.);
#2018 = EDGE_CURVE('',#2009,#1978,#2019,.T.);
#2019 = LINE('',#2020,#2021);
#2020 = CARTESIAN_POINT('',(-0.16,-5.4,-3.));
#2021 = VECTOR('',#2022,1.);
#2022 = DIRECTION('',(0.,1.,0.));
#2023 = PLANE('',#2024);
#2024 = AXIS2_PLACEMENT_3D('',#2025,#2026,#2027);
#2025 = CARTESIAN_POINT('',(-0.24,-5.4,-2.92));
#2026 = DIRECTION('',(-0.707106781187,-1.735167508357E-18,
    -0.707106781187));
#2027 = DIRECTION('',(-1.226948711654E-18,1.,-1.226948711654E-18));
#2028 = ADVANCED_FACE('',(#2029),#2047,.T.);
#2029 = FACE_BOUND('',#2030,.F.);
#2030 = EDGE_LOOP('',(#2031,#2032,#2033,#2041));
#2031 = ORIENTED_EDGE('',*,*,#2008,.F.);
#2032 = ORIENTED_EDGE('',*,*,#1272,.T.);
#2033 = ORIENTED_EDGE('',*,*,#2034,.T.);
#2034 = EDGE_CURVE('',#1265,#2035,#2037,.T.);
#2035 = VERTEX_POINT('',#2036);
#2036 = CARTESIAN_POINT('',(0.16,-5.24,-3.));
#2037 = LINE('',#2038,#2039);
#2038 = CARTESIAN_POINT('',(0.16,-5.24,-3.));
#2039 = VECTOR('',#2040,1.);
#2040 = DIRECTION('',(-0.57735026919,0.57735026919,-0.57735026919));
#2041 = ORIENTED_EDGE('',*,*,#2042,.F.);
#2042 = EDGE_CURVE('',#2009,#2035,#2043,.T.);
#2043 = LINE('',#2044,#2045);
#2044 = CARTESIAN_POINT('',(-0.32,-5.24,-3.));
#2045 = VECTOR('',#2046,1.);
#2046 = DIRECTION('',(1.,0.,0.));
#2047 = PLANE('',#2048);
#2048 = AXIS2_PLACEMENT_3D('',#2049,#2050,#2051);
#2049 = CARTESIAN_POINT('',(-0.32,-5.32,-2.92));
#2050 = DIRECTION('',(1.735167508357E-18,-0.707106781187,-0.707106781187
    ));
#2051 = DIRECTION('',(-1.,-1.226948711654E-18,-1.226948711654E-18));
#2052 = ADVANCED_FACE('',(#2053),#2064,.F.);
#2053 = FACE_BOUND('',#2054,.F.);
#2054 = EDGE_LOOP('',(#2055,#2056,#2057,#2058));
#2055 = ORIENTED_EDGE('',*,*,#2034,.F.);
#2056 = ORIENTED_EDGE('',*,*,#1289,.T.);
#2057 = ORIENTED_EDGE('',*,*,#1986,.T.);
#2058 = ORIENTED_EDGE('',*,*,#2059,.F.);
#2059 = EDGE_CURVE('',#2035,#1987,#2060,.T.);
#2060 = LINE('',#2061,#2062);
#2061 = CARTESIAN_POINT('',(0.16,-5.4,-3.));
#2062 = VECTOR('',#2063,1.);
#2063 = DIRECTION('',(0.,1.,0.));
#2064 = PLANE('',#2065);
#2065 = AXIS2_PLACEMENT_3D('',#2066,#2067,#2068);
#2066 = CARTESIAN_POINT('',(0.24,-5.4,-2.92));
#2067 = DIRECTION('',(-0.707106781187,1.735167508357E-18,0.707106781187)
  );
#2068 = DIRECTION('',(1.226948711654E-18,1.,-1.226948711654E-18));
#2069 = ADVANCED_FACE('',(#2070),#2095,.F.);
#2070 = FACE_BOUND('',#2071,.F.);
#2071 = EDGE_LOOP('',(#2072,#2080,#2081,#2089));
#2072 = ORIENTED_EDGE('',*,*,#2073,.F.);
#2073 = EDGE_CURVE('',#1306,#2074,#2076,.T.);
#2074 = VERTEX_POINT('',#2075);
#2075 = CARTESIAN_POINT('',(0.16,-7.78,-3.));
#2076 = LINE('',#2077,#2078);
#2077 = CARTESIAN_POINT('',(0.16,-7.78,-3.));
#2078 = VECTOR('',#2079,1.);
#2079 = DIRECTION('',(-0.57735026919,0.57735026919,-0.57735026919));
#2080 = ORIENTED_EDGE('',*,*,#1313,.T.);
#2081 = ORIENTED_EDGE('',*,*,#2082,.T.);
#2082 = EDGE_CURVE('',#1314,#2083,#2085,.T.);
#2083 = VERTEX_POINT('',#2084);
#2084 = CARTESIAN_POINT('',(0.16,-7.46,-3.));
#2085 = LINE('',#2086,#2087);
#2086 = CARTESIAN_POINT('',(5.333333333333E-02,-7.566666666667,
    -3.106666666667));
#2087 = VECTOR('',#2088,1.);
#2088 = DIRECTION('',(-0.57735026919,-0.57735026919,-0.57735026919));
#2089 = ORIENTED_EDGE('',*,*,#2090,.F.);
#2090 = EDGE_CURVE('',#2074,#2083,#2091,.T.);
#2091 = LINE('',#2092,#2093);
#2092 = CARTESIAN_POINT('',(0.16,-7.94,-3.));
#2093 = VECTOR('',#2094,1.);
#2094 = DIRECTION('',(0.,1.,0.));
#2095 = PLANE('',#2096);
#2096 = AXIS2_PLACEMENT_3D('',#2097,#2098,#2099);
#2097 = CARTESIAN_POINT('',(0.24,-7.94,-2.92));
#2098 = DIRECTION('',(-0.707106781187,1.735167508357E-18,0.707106781187)
  );
#2099 = DIRECTION('',(1.226948711654E-18,1.,-1.226948711654E-18));
#2100 = ADVANCED_FACE('',(#2101),#2119,.F.);
#2101 = FACE_BOUND('',#2102,.T.);
#2102 = EDGE_LOOP('',(#2103,#2111,#2112,#2113));
#2103 = ORIENTED_EDGE('',*,*,#2104,.F.);
#2104 = EDGE_CURVE('',#1338,#2105,#2107,.T.);
#2105 = VERTEX_POINT('',#2106);
#2106 = CARTESIAN_POINT('',(-0.16,-7.46,-3.));
#2107 = LINE('',#2108,#2109);
#2108 = CARTESIAN_POINT('',(-0.16,-7.46,-3.));
#2109 = VECTOR('',#2110,1.);
#2110 = DIRECTION('',(0.57735026919,-0.57735026919,-0.57735026919));
#2111 = ORIENTED_EDGE('',*,*,#1337,.T.);
#2112 = ORIENTED_EDGE('',*,*,#2082,.T.);
#2113 = ORIENTED_EDGE('',*,*,#2114,.F.);
#2114 = EDGE_CURVE('',#2105,#2083,#2115,.T.);
#2115 = LINE('',#2116,#2117);
#2116 = CARTESIAN_POINT('',(-0.32,-7.46,-3.));
#2117 = VECTOR('',#2118,1.);
#2118 = DIRECTION('',(1.,0.,0.));
#2119 = PLANE('',#2120);
#2120 = AXIS2_PLACEMENT_3D('',#2121,#2122,#2123);
#2121 = CARTESIAN_POINT('',(-0.32,-7.38,-2.92));
#2122 = DIRECTION('',(-1.735167508357E-18,-0.707106781187,0.707106781187
    ));
#2123 = DIRECTION('',(-1.,1.226948711654E-18,-1.226948711654E-18));
#2124 = ADVANCED_FACE('',(#2125),#2143,.T.);
#2125 = FACE_BOUND('',#2126,.T.);
#2126 = EDGE_LOOP('',(#2127,#2135,#2136,#2137));
#2127 = ORIENTED_EDGE('',*,*,#2128,.F.);
#2128 = EDGE_CURVE('',#1361,#2129,#2131,.T.);
#2129 = VERTEX_POINT('',#2130);
#2130 = CARTESIAN_POINT('',(-0.16,-7.78,-3.));
#2131 = LINE('',#2132,#2133);
#2132 = CARTESIAN_POINT('',(-0.266666666667,-7.886666666667,
    -2.893333333333));
#2133 = VECTOR('',#2134,1.);
#2134 = DIRECTION('',(0.57735026919,0.57735026919,-0.57735026919));
#2135 = ORIENTED_EDGE('',*,*,#1368,.T.);
#2136 = ORIENTED_EDGE('',*,*,#2104,.T.);
#2137 = ORIENTED_EDGE('',*,*,#2138,.F.);
#2138 = EDGE_CURVE('',#2129,#2105,#2139,.T.);
#2139 = LINE('',#2140,#2141);
#2140 = CARTESIAN_POINT('',(-0.16,-7.94,-3.));
#2141 = VECTOR('',#2142,1.);
#2142 = DIRECTION('',(0.,1.,0.));
#2143 = PLANE('',#2144);
#2144 = AXIS2_PLACEMENT_3D('',#2145,#2146,#2147);
#2145 = CARTESIAN_POINT('',(-0.24,-7.94,-2.92));
#2146 = DIRECTION('',(-0.707106781187,-1.735167508357E-18,
    -0.707106781187));
#2147 = DIRECTION('',(-1.226948711654E-18,1.,-1.226948711654E-18));
#2148 = ADVANCED_FACE('',(#2149),#2160,.T.);
#2149 = FACE_BOUND('',#2150,.F.);
#2150 = EDGE_LOOP('',(#2151,#2152,#2153,#2154));
#2151 = ORIENTED_EDGE('',*,*,#2128,.F.);
#2152 = ORIENTED_EDGE('',*,*,#1385,.T.);
#2153 = ORIENTED_EDGE('',*,*,#2073,.T.);
#2154 = ORIENTED_EDGE('',*,*,#2155,.F.);
#2155 = EDGE_CURVE('',#2129,#2074,#2156,.T.);
#2156 = LINE('',#2157,#2158);
#2157 = CARTESIAN_POINT('',(-0.32,-7.78,-3.));
#2158 = VECTOR('',#2159,1.);
#2159 = DIRECTION('',(1.,0.,0.));
#2160 = PLANE('',#2161);
#2161 = AXIS2_PLACEMENT_3D('',#2162,#2163,#2164);
#2162 = CARTESIAN_POINT('',(-0.32,-7.86,-2.92));
#2163 = DIRECTION('',(1.735167508357E-18,-0.707106781187,-0.707106781187
    ));
#2164 = DIRECTION('',(-1.,-1.226948711654E-18,-1.226948711654E-18));
#2165 = ADVANCED_FACE('',(#2166),#2191,.F.);
#2166 = FACE_BOUND('',#2167,.F.);
#2167 = EDGE_LOOP('',(#2168,#2176,#2177,#2185));
#2168 = ORIENTED_EDGE('',*,*,#2169,.F.);
#2169 = EDGE_CURVE('',#1402,#2170,#2172,.T.);
#2170 = VERTEX_POINT('',#2171);
#2171 = CARTESIAN_POINT('',(0.16,-0.16,-3.));
#2172 = LINE('',#2173,#2174);
#2173 = CARTESIAN_POINT('',(0.16,-0.16,-3.));
#2174 = VECTOR('',#2175,1.);
#2175 = DIRECTION('',(-0.57735026919,0.57735026919,-0.57735026919));
#2176 = ORIENTED_EDGE('',*,*,#1409,.T.);
#2177 = ORIENTED_EDGE('',*,*,#2178,.T.);
#2178 = EDGE_CURVE('',#1410,#2179,#2181,.T.);
#2179 = VERTEX_POINT('',#2180);
#2180 = CARTESIAN_POINT('',(0.16,0.16,-3.));
#2181 = LINE('',#2182,#2183);
#2182 = CARTESIAN_POINT('',(5.333333333333E-02,5.333333333333E-02,
    -3.106666666667));
#2183 = VECTOR('',#2184,1.);
#2184 = DIRECTION('',(-0.57735026919,-0.57735026919,-0.57735026919));
#2185 = ORIENTED_EDGE('',*,*,#2186,.F.);
#2186 = EDGE_CURVE('',#2170,#2179,#2187,.T.);
#2187 = LINE('',#2188,#2189);
#2188 = CARTESIAN_POINT('',(0.16,-0.32,-3.));
#2189 = VECTOR('',#2190,1.);
#2190 = DIRECTION('',(0.,1.,0.));
#2191 = PLANE('',#2192);
#2192 = AXIS2_PLACEMENT_3D('',#2193,#2194,#2195);
#2193 = CARTESIAN_POINT('',(0.24,-0.32,-2.92));
#2194 = DIRECTION('',(-0.707106781187,1.735167508357E-18,0.707106781187)
  );
#2195 = DIRECTION('',(1.226948711654E-18,1.,-1.226948711654E-18));
#2196 = ADVANCED_FACE('',(#2197),#2215,.F.);
#2197 = FACE_BOUND('',#2198,.T.);
#2198 = EDGE_LOOP('',(#2199,#2207,#2208,#2209));
#2199 = ORIENTED_EDGE('',*,*,#2200,.F.);
#2200 = EDGE_CURVE('',#1434,#2201,#2203,.T.);
#2201 = VERTEX_POINT('',#2202);
#2202 = CARTESIAN_POINT('',(-0.16,0.16,-3.));
#2203 = LINE('',#2204,#2205);
#2204 = CARTESIAN_POINT('',(-0.16,0.16,-3.));
#2205 = VECTOR('',#2206,1.);
#2206 = DIRECTION('',(0.57735026919,-0.57735026919,-0.57735026919));
#2207 = ORIENTED_EDGE('',*,*,#1433,.T.);
#2208 = ORIENTED_EDGE('',*,*,#2178,.T.);
#2209 = ORIENTED_EDGE('',*,*,#2210,.F.);
#2210 = EDGE_CURVE('',#2201,#2179,#2211,.T.);
#2211 = LINE('',#2212,#2213);
#2212 = CARTESIAN_POINT('',(-0.32,0.16,-3.));
#2213 = VECTOR('',#2214,1.);
#2214 = DIRECTION('',(1.,0.,0.));
#2215 = PLANE('',#2216);
#2216 = AXIS2_PLACEMENT_3D('',#2217,#2218,#2219);
#2217 = CARTESIAN_POINT('',(-0.32,0.24,-2.92));
#2218 = DIRECTION('',(-1.735167508357E-18,-0.707106781187,0.707106781187
    ));
#2219 = DIRECTION('',(-1.,1.226948711654E-18,-1.226948711654E-18));
#2220 = ADVANCED_FACE('',(#2221),#2239,.T.);
#2221 = FACE_BOUND('',#2222,.T.);
#2222 = EDGE_LOOP('',(#2223,#2231,#2232,#2233));
#2223 = ORIENTED_EDGE('',*,*,#2224,.F.);
#2224 = EDGE_CURVE('',#1457,#2225,#2227,.T.);
#2225 = VERTEX_POINT('',#2226);
#2226 = CARTESIAN_POINT('',(-0.16,-0.16,-3.));
#2227 = LINE('',#2228,#2229);
#2228 = CARTESIAN_POINT('',(-0.266666666667,-0.266666666667,
    -2.893333333333));
#2229 = VECTOR('',#2230,1.);
#2230 = DIRECTION('',(0.57735026919,0.57735026919,-0.57735026919));
#2231 = ORIENTED_EDGE('',*,*,#1464,.T.);
#2232 = ORIENTED_EDGE('',*,*,#2200,.T.);
#2233 = ORIENTED_EDGE('',*,*,#2234,.F.);
#2234 = EDGE_CURVE('',#2225,#2201,#2235,.T.);
#2235 = LINE('',#2236,#2237);
#2236 = CARTESIAN_POINT('',(-0.16,-0.32,-3.));
#2237 = VECTOR('',#2238,1.);
#2238 = DIRECTION('',(0.,1.,0.));
#2239 = PLANE('',#2240);
#2240 = AXIS2_PLACEMENT_3D('',#2241,#2242,#2243);
#2241 = CARTESIAN_POINT('',(-0.24,-0.32,-2.92));
#2242 = DIRECTION('',(-0.707106781187,-1.735167508357E-18,
    -0.707106781187));
#2243 = DIRECTION('',(-1.226948711654E-18,1.,-1.226948711654E-18));
#2244 = ADVANCED_FACE('',(#2245),#2256,.T.);
#2245 = FACE_BOUND('',#2246,.F.);
#2246 = EDGE_LOOP('',(#2247,#2248,#2249,#2250));
#2247 = ORIENTED_EDGE('',*,*,#2224,.F.);
#2248 = ORIENTED_EDGE('',*,*,#1481,.T.);
#2249 = ORIENTED_EDGE('',*,*,#2169,.T.);
#2250 = ORIENTED_EDGE('',*,*,#2251,.F.);
#2251 = EDGE_CURVE('',#2225,#2170,#2252,.T.);
#2252 = LINE('',#2253,#2254);
#2253 = CARTESIAN_POINT('',(-0.32,-0.16,-3.));
#2254 = VECTOR('',#2255,1.);
#2255 = DIRECTION('',(1.,0.,0.));
#2256 = PLANE('',#2257);
#2257 = AXIS2_PLACEMENT_3D('',#2258,#2259,#2260);
#2258 = CARTESIAN_POINT('',(-0.32,-0.24,-2.92));
#2259 = DIRECTION('',(1.735167508357E-18,-0.707106781187,-0.707106781187
    ));
#2260 = DIRECTION('',(-1.,-1.226948711654E-18,-1.226948711654E-18));
#2261 = ADVANCED_FACE('',(#2262),#2287,.F.);
#2262 = FACE_BOUND('',#2263,.T.);
#2263 = EDGE_LOOP('',(#2264,#2272,#2273,#2281));
#2264 = ORIENTED_EDGE('',*,*,#2265,.F.);
#2265 = EDGE_CURVE('',#1506,#2266,#2268,.T.);
#2266 = VERTEX_POINT('',#2267);
#2267 = CARTESIAN_POINT('',(-0.16,-2.38,-3.));
#2268 = LINE('',#2269,#2270);
#2269 = CARTESIAN_POINT('',(-0.16,-2.38,-3.));
#2270 = VECTOR('',#2271,1.);
#2271 = DIRECTION('',(0.57735026919,-0.57735026919,-0.57735026919));
#2272 = ORIENTED_EDGE('',*,*,#1505,.T.);
#2273 = ORIENTED_EDGE('',*,*,#2274,.T.);
#2274 = EDGE_CURVE('',#1498,#2275,#2277,.T.);
#2275 = VERTEX_POINT('',#2276);
#2276 = CARTESIAN_POINT('',(0.16,-2.38,-3.));
#2277 = LINE('',#2278,#2279);
#2278 = CARTESIAN_POINT('',(5.333333333333E-02,-2.486666666667,
    -3.106666666667));
#2279 = VECTOR('',#2280,1.);
#2280 = DIRECTION('',(-0.57735026919,-0.57735026919,-0.57735026919));
#2281 = ORIENTED_EDGE('',*,*,#2282,.F.);
#2282 = EDGE_CURVE('',#2266,#2275,#2283,.T.);
#2283 = LINE('',#2284,#2285);
#2284 = CARTESIAN_POINT('',(-0.32,-2.38,-3.));
#2285 = VECTOR('',#2286,1.);
#2286 = DIRECTION('',(1.,0.,0.));
#2287 = PLANE('',#2288);
#2288 = AXIS2_PLACEMENT_3D('',#2289,#2290,#2291);
#2289 = CARTESIAN_POINT('',(-0.32,-2.3,-2.92));
#2290 = DIRECTION('',(-1.735167508357E-18,-0.707106781187,0.707106781187
    ));
#2291 = DIRECTION('',(-1.,1.226948711654E-18,-1.226948711654E-18));
#2292 = ADVANCED_FACE('',(#2293),#2311,.T.);
#2293 = FACE_BOUND('',#2294,.T.);
#2294 = EDGE_LOOP('',(#2295,#2303,#2304,#2305));
#2295 = ORIENTED_EDGE('',*,*,#2296,.F.);
#2296 = EDGE_CURVE('',#1529,#2297,#2299,.T.);
#2297 = VERTEX_POINT('',#2298);
#2298 = CARTESIAN_POINT('',(-0.16,-2.7,-3.));
#2299 = LINE('',#2300,#2301);
#2300 = CARTESIAN_POINT('',(-0.266666666667,-2.806666666667,
    -2.893333333333));
#2301 = VECTOR('',#2302,1.);
#2302 = DIRECTION('',(0.57735026919,0.57735026919,-0.57735026919));
#2303 = ORIENTED_EDGE('',*,*,#1536,.T.);
#2304 = ORIENTED_EDGE('',*,*,#2265,.T.);
#2305 = ORIENTED_EDGE('',*,*,#2306,.F.);
#2306 = EDGE_CURVE('',#2297,#2266,#2307,.T.);
#2307 = LINE('',#2308,#2309);
#2308 = CARTESIAN_POINT('',(-0.16,-2.86,-3.));
#2309 = VECTOR('',#2310,1.);
#2310 = DIRECTION('',(0.,1.,0.));
#2311 = PLANE('',#2312);
#2312 = AXIS2_PLACEMENT_3D('',#2313,#2314,#2315);
#2313 = CARTESIAN_POINT('',(-0.24,-2.86,-2.92));
#2314 = DIRECTION('',(-0.707106781187,-1.735167508357E-18,
    -0.707106781187));
#2315 = DIRECTION('',(-1.226948711654E-18,1.,-1.226948711654E-18));
#2316 = ADVANCED_FACE('',(#2317),#2335,.T.);
#2317 = FACE_BOUND('',#2318,.F.);
#2318 = EDGE_LOOP('',(#2319,#2320,#2321,#2329));
#2319 = ORIENTED_EDGE('',*,*,#2296,.F.);
#2320 = ORIENTED_EDGE('',*,*,#1560,.T.);
#2321 = ORIENTED_EDGE('',*,*,#2322,.T.);
#2322 = EDGE_CURVE('',#1553,#2323,#2325,.T.);
#2323 = VERTEX_POINT('',#2324);
#2324 = CARTESIAN_POINT('',(0.16,-2.7,-3.));
#2325 = LINE('',#2326,#2327);
#2326 = CARTESIAN_POINT('',(0.16,-2.7,-3.));
#2327 = VECTOR('',#2328,1.);
#2328 = DIRECTION('',(-0.57735026919,0.57735026919,-0.57735026919));
#2329 = ORIENTED_EDGE('',*,*,#2330,.F.);
#2330 = EDGE_CURVE('',#2297,#2323,#2331,.T.);
#2331 = LINE('',#2332,#2333);
#2332 = CARTESIAN_POINT('',(-0.32,-2.7,-3.));
#2333 = VECTOR('',#2334,1.);
#2334 = DIRECTION('',(1.,0.,0.));
#2335 = PLANE('',#2336);
#2336 = AXIS2_PLACEMENT_3D('',#2337,#2338,#2339);
#2337 = CARTESIAN_POINT('',(-0.32,-2.78,-2.92));
#2338 = DIRECTION('',(1.735167508357E-18,-0.707106781187,-0.707106781187
    ));
#2339 = DIRECTION('',(-1.,-1.226948711654E-18,-1.226948711654E-18));
#2340 = ADVANCED_FACE('',(#2341),#2352,.F.);
#2341 = FACE_BOUND('',#2342,.F.);
#2342 = EDGE_LOOP('',(#2343,#2344,#2345,#2346));
#2343 = ORIENTED_EDGE('',*,*,#2322,.F.);
#2344 = ORIENTED_EDGE('',*,*,#1577,.T.);
#2345 = ORIENTED_EDGE('',*,*,#2274,.T.);
#2346 = ORIENTED_EDGE('',*,*,#2347,.F.);
#2347 = EDGE_CURVE('',#2323,#2275,#2348,.T.);
#2348 = LINE('',#2349,#2350);
#2349 = CARTESIAN_POINT('',(0.16,-2.86,-3.));
#2350 = VECTOR('',#2351,1.);
#2351 = DIRECTION('',(0.,1.,0.));
#2352 = PLANE('',#2353);
#2353 = AXIS2_PLACEMENT_3D('',#2354,#2355,#2356);
#2354 = CARTESIAN_POINT('',(0.24,-2.86,-2.92));
#2355 = DIRECTION('',(-0.707106781187,1.735167508357E-18,0.707106781187)
  );
#2356 = DIRECTION('',(1.226948711654E-18,1.,-1.226948711654E-18));
#2357 = ADVANCED_FACE('',(#2358),#2383,.T.);
#2358 = FACE_BOUND('',#2359,.F.);
#2359 = EDGE_LOOP('',(#2360,#2368,#2369,#2377));
#2360 = ORIENTED_EDGE('',*,*,#2361,.F.);
#2361 = EDGE_CURVE('',#1603,#2362,#2364,.T.);
#2362 = VERTEX_POINT('',#2363);
#2363 = CARTESIAN_POINT('',(-0.16,-4.92,8.54));
#2364 = LINE('',#2365,#2366);
#2365 = CARTESIAN_POINT('',(-0.16,-4.92,8.54));
#2366 = VECTOR('',#2367,1.);
#2367 = DIRECTION('',(0.57735026919,-0.57735026919,0.57735026919));
#2368 = ORIENTED_EDGE('',*,*,#1610,.T.);
#2369 = ORIENTED_EDGE('',*,*,#2370,.T.);
#2370 = EDGE_CURVE('',#1594,#2371,#2373,.T.);
#2371 = VERTEX_POINT('',#2372);
#2372 = CARTESIAN_POINT('',(0.16,-4.92,8.54));
#2373 = LINE('',#2374,#2375);
#2374 = CARTESIAN_POINT('',(5.333333333333E-02,-5.026666666667,
    8.646666666667));
#2375 = VECTOR('',#2376,1.);
#2376 = DIRECTION('',(-0.57735026919,-0.57735026919,0.57735026919));
#2377 = ORIENTED_EDGE('',*,*,#2378,.F.);
#2378 = EDGE_CURVE('',#2362,#2371,#2379,.T.);
#2379 = LINE('',#2380,#2381);
#2380 = CARTESIAN_POINT('',(-0.32,-4.92,8.54));
#2381 = VECTOR('',#2382,1.);
#2382 = DIRECTION('',(1.,0.,0.));
#2383 = PLANE('',#2384);
#2384 = AXIS2_PLACEMENT_3D('',#2385,#2386,#2387);
#2385 = CARTESIAN_POINT('',(-0.32,-4.84,8.46));
#2386 = DIRECTION('',(1.735167508357E-18,0.707106781187,0.707106781187)
  );
#2387 = DIRECTION('',(-1.,1.226948711654E-18,1.226948711654E-18));
#2388 = ADVANCED_FACE('',(#2389),#2407,.F.);
#2389 = FACE_BOUND('',#2390,.F.);
#2390 = EDGE_LOOP('',(#2391,#2399,#2400,#2401));
#2391 = ORIENTED_EDGE('',*,*,#2392,.F.);
#2392 = EDGE_CURVE('',#1625,#2393,#2395,.T.);
#2393 = VERTEX_POINT('',#2394);
#2394 = CARTESIAN_POINT('',(-0.16,-5.24,8.54));
#2395 = LINE('',#2396,#2397);
#2396 = CARTESIAN_POINT('',(-0.266666666667,-5.346666666667,
    8.433333333333));
#2397 = VECTOR('',#2398,1.);
#2398 = DIRECTION('',(0.57735026919,0.57735026919,0.57735026919));
#2399 = ORIENTED_EDGE('',*,*,#1634,.T.);
#2400 = ORIENTED_EDGE('',*,*,#2361,.T.);
#2401 = ORIENTED_EDGE('',*,*,#2402,.F.);
#2402 = EDGE_CURVE('',#2393,#2362,#2403,.T.);
#2403 = LINE('',#2404,#2405);
#2404 = CARTESIAN_POINT('',(-0.16,-5.4,8.54));
#2405 = VECTOR('',#2406,1.);
#2406 = DIRECTION('',(0.,1.,0.));
#2407 = PLANE('',#2408);
#2408 = AXIS2_PLACEMENT_3D('',#2409,#2410,#2411);
#2409 = CARTESIAN_POINT('',(-0.24,-5.4,8.46));
#2410 = DIRECTION('',(0.707106781187,1.735167508357E-18,-0.707106781187)
  );
#2411 = DIRECTION('',(-1.226948711654E-18,1.,1.226948711654E-18));
#2412 = ADVANCED_FACE('',(#2413),#2431,.F.);
#2413 = FACE_BOUND('',#2414,.T.);
#2414 = EDGE_LOOP('',(#2415,#2416,#2417,#2425));
#2415 = ORIENTED_EDGE('',*,*,#2392,.F.);
#2416 = ORIENTED_EDGE('',*,*,#1658,.T.);
#2417 = ORIENTED_EDGE('',*,*,#2418,.T.);
#2418 = EDGE_CURVE('',#1649,#2419,#2421,.T.);
#2419 = VERTEX_POINT('',#2420);
#2420 = CARTESIAN_POINT('',(0.16,-5.24,8.54));
#2421 = LINE('',#2422,#2423);
#2422 = CARTESIAN_POINT('',(0.16,-5.24,8.54));
#2423 = VECTOR('',#2424,1.);
#2424 = DIRECTION('',(-0.57735026919,0.57735026919,0.57735026919));
#2425 = ORIENTED_EDGE('',*,*,#2426,.F.);
#2426 = EDGE_CURVE('',#2393,#2419,#2427,.T.);
#2427 = LINE('',#2428,#2429);
#2428 = CARTESIAN_POINT('',(-0.32,-5.24,8.54));
#2429 = VECTOR('',#2430,1.);
#2430 = DIRECTION('',(1.,0.,0.));
#2431 = PLANE('',#2432);
#2432 = AXIS2_PLACEMENT_3D('',#2433,#2434,#2435);
#2433 = CARTESIAN_POINT('',(-0.32,-5.32,8.46));
#2434 = DIRECTION('',(-1.735167508357E-18,0.707106781187,-0.707106781187
    ));
#2435 = DIRECTION('',(-1.,-1.226948711654E-18,1.226948711654E-18));
#2436 = ADVANCED_FACE('',(#2437),#2448,.T.);
#2437 = FACE_BOUND('',#2438,.T.);
#2438 = EDGE_LOOP('',(#2439,#2440,#2441,#2442));
#2439 = ORIENTED_EDGE('',*,*,#2418,.F.);
#2440 = ORIENTED_EDGE('',*,*,#1675,.T.);
#2441 = ORIENTED_EDGE('',*,*,#2370,.T.);
#2442 = ORIENTED_EDGE('',*,*,#2443,.F.);
#2443 = EDGE_CURVE('',#2419,#2371,#2444,.T.);
#2444 = LINE('',#2445,#2446);
#2445 = CARTESIAN_POINT('',(0.16,-5.4,8.54));
#2446 = VECTOR('',#2447,1.);
#2447 = DIRECTION('',(0.,1.,0.));
#2448 = PLANE('',#2449);
#2449 = AXIS2_PLACEMENT_3D('',#2450,#2451,#2452);
#2450 = CARTESIAN_POINT('',(0.24,-5.4,8.46));
#2451 = DIRECTION('',(0.707106781187,-1.735167508357E-18,0.707106781187)
  );
#2452 = DIRECTION('',(1.226948711654E-18,1.,1.226948711654E-18));
#2453 = ADVANCED_FACE('',(#2454),#2479,.T.);
#2454 = FACE_BOUND('',#2455,.T.);
#2455 = EDGE_LOOP('',(#2456,#2464,#2465,#2473));
#2456 = ORIENTED_EDGE('',*,*,#2457,.F.);
#2457 = EDGE_CURVE('',#1690,#2458,#2460,.T.);
#2458 = VERTEX_POINT('',#2459);
#2459 = CARTESIAN_POINT('',(0.16,-7.78,8.54));
#2460 = LINE('',#2461,#2462);
#2461 = CARTESIAN_POINT('',(0.16,-7.78,8.54));
#2462 = VECTOR('',#2463,1.);
#2463 = DIRECTION('',(-0.57735026919,0.57735026919,0.57735026919));
#2464 = ORIENTED_EDGE('',*,*,#1706,.T.);
#2465 = ORIENTED_EDGE('',*,*,#2466,.T.);
#2466 = EDGE_CURVE('',#1699,#2467,#2469,.T.);
#2467 = VERTEX_POINT('',#2468);
#2468 = CARTESIAN_POINT('',(0.16,-7.46,8.54));
#2469 = LINE('',#2470,#2471);
#2470 = CARTESIAN_POINT('',(5.333333333333E-02,-7.566666666667,
    8.646666666667));
#2471 = VECTOR('',#2472,1.);
#2472 = DIRECTION('',(-0.57735026919,-0.57735026919,0.57735026919));
#2473 = ORIENTED_EDGE('',*,*,#2474,.F.);
#2474 = EDGE_CURVE('',#2458,#2467,#2475,.T.);
#2475 = LINE('',#2476,#2477);
#2476 = CARTESIAN_POINT('',(0.16,-7.94,8.54));
#2477 = VECTOR('',#2478,1.);
#2478 = DIRECTION('',(0.,1.,0.));
#2479 = PLANE('',#2480);
#2480 = AXIS2_PLACEMENT_3D('',#2481,#2482,#2483);
#2481 = CARTESIAN_POINT('',(0.24,-7.94,8.46));
#2482 = DIRECTION('',(0.707106781187,-1.735167508357E-18,0.707106781187)
  );
#2483 = DIRECTION('',(1.226948711654E-18,1.,1.226948711654E-18));
#2484 = ADVANCED_FACE('',(#2485),#2503,.T.);
#2485 = FACE_BOUND('',#2486,.F.);
#2486 = EDGE_LOOP('',(#2487,#2495,#2496,#2497));
#2487 = ORIENTED_EDGE('',*,*,#2488,.F.);
#2488 = EDGE_CURVE('',#1723,#2489,#2491,.T.);
#2489 = VERTEX_POINT('',#2490);
#2490 = CARTESIAN_POINT('',(-0.16,-7.46,8.54));
#2491 = LINE('',#2492,#2493);
#2492 = CARTESIAN_POINT('',(-0.16,-7.46,8.54));
#2493 = VECTOR('',#2494,1.);
#2494 = DIRECTION('',(0.57735026919,-0.57735026919,0.57735026919));
#2495 = ORIENTED_EDGE('',*,*,#1730,.T.);
#2496 = ORIENTED_EDGE('',*,*,#2466,.T.);
#2497 = ORIENTED_EDGE('',*,*,#2498,.F.);
#2498 = EDGE_CURVE('',#2489,#2467,#2499,.T.);
#2499 = LINE('',#2500,#2501);
#2500 = CARTESIAN_POINT('',(-0.32,-7.46,8.54));
#2501 = VECTOR('',#2502,1.);
#2502 = DIRECTION('',(1.,0.,0.));
#2503 = PLANE('',#2504);
#2504 = AXIS2_PLACEMENT_3D('',#2505,#2506,#2507);
#2505 = CARTESIAN_POINT('',(-0.32,-7.38,8.46));
#2506 = DIRECTION('',(1.735167508357E-18,0.707106781187,0.707106781187)
  );
#2507 = DIRECTION('',(-1.,1.226948711654E-18,1.226948711654E-18));
#2508 = ADVANCED_FACE('',(#2509),#2527,.F.);
#2509 = FACE_BOUND('',#2510,.F.);
#2510 = EDGE_LOOP('',(#2511,#2519,#2520,#2521));
#2511 = ORIENTED_EDGE('',*,*,#2512,.F.);
#2512 = EDGE_CURVE('',#1745,#2513,#2515,.T.);
#2513 = VERTEX_POINT('',#2514);
#2514 = CARTESIAN_POINT('',(-0.16,-7.78,8.54));
#2515 = LINE('',#2516,#2517);
#2516 = CARTESIAN_POINT('',(-0.266666666667,-7.886666666667,
    8.433333333333));
#2517 = VECTOR('',#2518,1.);
#2518 = DIRECTION('',(0.57735026919,0.57735026919,0.57735026919));
#2519 = ORIENTED_EDGE('',*,*,#1754,.T.);
#2520 = ORIENTED_EDGE('',*,*,#2488,.T.);
#2521 = ORIENTED_EDGE('',*,*,#2522,.F.);
#2522 = EDGE_CURVE('',#2513,#2489,#2523,.T.);
#2523 = LINE('',#2524,#2525);
#2524 = CARTESIAN_POINT('',(-0.16,-7.94,8.54));
#2525 = VECTOR('',#2526,1.);
#2526 = DIRECTION('',(0.,1.,0.));
#2527 = PLANE('',#2528);
#2528 = AXIS2_PLACEMENT_3D('',#2529,#2530,#2531);
#2529 = CARTESIAN_POINT('',(-0.24,-7.94,8.46));
#2530 = DIRECTION('',(0.707106781187,1.735167508357E-18,-0.707106781187)
  );
#2531 = DIRECTION('',(-1.226948711654E-18,1.,1.226948711654E-18));
#2532 = ADVANCED_FACE('',(#2533),#2544,.F.);
#2533 = FACE_BOUND('',#2534,.T.);
#2534 = EDGE_LOOP('',(#2535,#2536,#2537,#2538));
#2535 = ORIENTED_EDGE('',*,*,#2512,.F.);
#2536 = ORIENTED_EDGE('',*,*,#1771,.T.);
#2537 = ORIENTED_EDGE('',*,*,#2457,.T.);
#2538 = ORIENTED_EDGE('',*,*,#2539,.F.);
#2539 = EDGE_CURVE('',#2513,#2458,#2540,.T.);
#2540 = LINE('',#2541,#2542);
#2541 = CARTESIAN_POINT('',(-0.32,-7.78,8.54));
#2542 = VECTOR('',#2543,1.);
#2543 = DIRECTION('',(1.,0.,0.));
#2544 = PLANE('',#2545);
#2545 = AXIS2_PLACEMENT_3D('',#2546,#2547,#2548);
#2546 = CARTESIAN_POINT('',(-0.32,-7.86,8.46));
#2547 = DIRECTION('',(-1.735167508357E-18,0.707106781187,-0.707106781187
    ));
#2548 = DIRECTION('',(-1.,-1.226948711654E-18,1.226948711654E-18));
#2549 = ADVANCED_FACE('',(#2550),#2575,.T.);
#2550 = FACE_BOUND('',#2551,.T.);
#2551 = EDGE_LOOP('',(#2552,#2560,#2561,#2569));
#2552 = ORIENTED_EDGE('',*,*,#2553,.F.);
#2553 = EDGE_CURVE('',#1786,#2554,#2556,.T.);
#2554 = VERTEX_POINT('',#2555);
#2555 = CARTESIAN_POINT('',(0.16,-0.16,8.54));
#2556 = LINE('',#2557,#2558);
#2557 = CARTESIAN_POINT('',(0.16,-0.16,8.54));
#2558 = VECTOR('',#2559,1.);
#2559 = DIRECTION('',(-0.57735026919,0.57735026919,0.57735026919));
#2560 = ORIENTED_EDGE('',*,*,#1802,.T.);
#2561 = ORIENTED_EDGE('',*,*,#2562,.T.);
#2562 = EDGE_CURVE('',#1795,#2563,#2565,.T.);
#2563 = VERTEX_POINT('',#2564);
#2564 = CARTESIAN_POINT('',(0.16,0.16,8.54));
#2565 = LINE('',#2566,#2567);
#2566 = CARTESIAN_POINT('',(5.333333333333E-02,5.333333333333E-02,
    8.646666666667));
#2567 = VECTOR('',#2568,1.);
#2568 = DIRECTION('',(-0.57735026919,-0.57735026919,0.57735026919));
#2569 = ORIENTED_EDGE('',*,*,#2570,.F.);
#2570 = EDGE_CURVE('',#2554,#2563,#2571,.T.);
#2571 = LINE('',#2572,#2573);
#2572 = CARTESIAN_POINT('',(0.16,-0.32,8.54));
#2573 = VECTOR('',#2574,1.);
#2574 = DIRECTION('',(0.,1.,0.));
#2575 = PLANE('',#2576);
#2576 = AXIS2_PLACEMENT_3D('',#2577,#2578,#2579);
#2577 = CARTESIAN_POINT('',(0.24,-0.32,8.46));
#2578 = DIRECTION('',(0.707106781187,-1.735167508357E-18,0.707106781187)
  );
#2579 = DIRECTION('',(1.226948711654E-18,1.,1.226948711654E-18));
#2580 = ADVANCED_FACE('',(#2581),#2599,.T.);
#2581 = FACE_BOUND('',#2582,.F.);
#2582 = EDGE_LOOP('',(#2583,#2591,#2592,#2593));
#2583 = ORIENTED_EDGE('',*,*,#2584,.F.);
#2584 = EDGE_CURVE('',#1819,#2585,#2587,.T.);
#2585 = VERTEX_POINT('',#2586);
#2586 = CARTESIAN_POINT('',(-0.16,0.16,8.54));
#2587 = LINE('',#2588,#2589);
#2588 = CARTESIAN_POINT('',(-0.16,0.16,8.54));
#2589 = VECTOR('',#2590,1.);
#2590 = DIRECTION('',(0.57735026919,-0.57735026919,0.57735026919));
#2591 = ORIENTED_EDGE('',*,*,#1826,.T.);
#2592 = ORIENTED_EDGE('',*,*,#2562,.T.);
#2593 = ORIENTED_EDGE('',*,*,#2594,.F.);
#2594 = EDGE_CURVE('',#2585,#2563,#2595,.T.);
#2595 = LINE('',#2596,#2597);
#2596 = CARTESIAN_POINT('',(-0.32,0.16,8.54));
#2597 = VECTOR('',#2598,1.);
#2598 = DIRECTION('',(1.,0.,0.));
#2599 = PLANE('',#2600);
#2600 = AXIS2_PLACEMENT_3D('',#2601,#2602,#2603);
#2601 = CARTESIAN_POINT('',(-0.32,0.24,8.46));
#2602 = DIRECTION('',(1.735167508357E-18,0.707106781187,0.707106781187)
  );
#2603 = DIRECTION('',(-1.,1.226948711654E-18,1.226948711654E-18));
#2604 = ADVANCED_FACE('',(#2605),#2623,.F.);
#2605 = FACE_BOUND('',#2606,.F.);
#2606 = EDGE_LOOP('',(#2607,#2615,#2616,#2617));
#2607 = ORIENTED_EDGE('',*,*,#2608,.F.);
#2608 = EDGE_CURVE('',#1841,#2609,#2611,.T.);
#2609 = VERTEX_POINT('',#2610);
#2610 = CARTESIAN_POINT('',(-0.16,-0.16,8.54));
#2611 = LINE('',#2612,#2613);
#2612 = CARTESIAN_POINT('',(-0.266666666667,-0.266666666667,
    8.433333333333));
#2613 = VECTOR('',#2614,1.);
#2614 = DIRECTION('',(0.57735026919,0.57735026919,0.57735026919));
#2615 = ORIENTED_EDGE('',*,*,#1850,.T.);
#2616 = ORIENTED_EDGE('',*,*,#2584,.T.);
#2617 = ORIENTED_EDGE('',*,*,#2618,.F.);
#2618 = EDGE_CURVE('',#2609,#2585,#2619,.T.);
#2619 = LINE('',#2620,#2621);
#2620 = CARTESIAN_POINT('',(-0.16,-0.32,8.54));
#2621 = VECTOR('',#2622,1.);
#2622 = DIRECTION('',(0.,1.,0.));
#2623 = PLANE('',#2624);
#2624 = AXIS2_PLACEMENT_3D('',#2625,#2626,#2627);
#2625 = CARTESIAN_POINT('',(-0.24,-0.32,8.46));
#2626 = DIRECTION('',(0.707106781187,1.735167508357E-18,-0.707106781187)
  );
#2627 = DIRECTION('',(-1.226948711654E-18,1.,1.226948711654E-18));
#2628 = ADVANCED_FACE('',(#2629),#2640,.F.);
#2629 = FACE_BOUND('',#2630,.T.);
#2630 = EDGE_LOOP('',(#2631,#2632,#2633,#2634));
#2631 = ORIENTED_EDGE('',*,*,#2608,.F.);
#2632 = ORIENTED_EDGE('',*,*,#1867,.T.);
#2633 = ORIENTED_EDGE('',*,*,#2553,.T.);
#2634 = ORIENTED_EDGE('',*,*,#2635,.F.);
#2635 = EDGE_CURVE('',#2609,#2554,#2636,.T.);
#2636 = LINE('',#2637,#2638);
#2637 = CARTESIAN_POINT('',(-0.32,-0.16,8.54));
#2638 = VECTOR('',#2639,1.);
#2639 = DIRECTION('',(1.,0.,0.));
#2640 = PLANE('',#2641);
#2641 = AXIS2_PLACEMENT_3D('',#2642,#2643,#2644);
#2642 = CARTESIAN_POINT('',(-0.32,-0.24,8.46));
#2643 = DIRECTION('',(-1.735167508357E-18,0.707106781187,-0.707106781187
    ));
#2644 = DIRECTION('',(-1.,-1.226948711654E-18,1.226948711654E-18));
#2645 = ADVANCED_FACE('',(#2646),#2671,.T.);
#2646 = FACE_BOUND('',#2647,.F.);
#2647 = EDGE_LOOP('',(#2648,#2656,#2657,#2665));
#2648 = ORIENTED_EDGE('',*,*,#2649,.F.);
#2649 = EDGE_CURVE('',#1891,#2650,#2652,.T.);
#2650 = VERTEX_POINT('',#2651);
#2651 = CARTESIAN_POINT('',(-0.16,-2.38,8.54));
#2652 = LINE('',#2653,#2654);
#2653 = CARTESIAN_POINT('',(-0.16,-2.38,8.54));
#2654 = VECTOR('',#2655,1.);
#2655 = DIRECTION('',(0.57735026919,-0.57735026919,0.57735026919));
#2656 = ORIENTED_EDGE('',*,*,#1898,.T.);
#2657 = ORIENTED_EDGE('',*,*,#2658,.T.);
#2658 = EDGE_CURVE('',#1882,#2659,#2661,.T.);
#2659 = VERTEX_POINT('',#2660);
#2660 = CARTESIAN_POINT('',(0.16,-2.38,8.54));
#2661 = LINE('',#2662,#2663);
#2662 = CARTESIAN_POINT('',(5.333333333333E-02,-2.486666666667,
    8.646666666667));
#2663 = VECTOR('',#2664,1.);
#2664 = DIRECTION('',(-0.57735026919,-0.57735026919,0.57735026919));
#2665 = ORIENTED_EDGE('',*,*,#2666,.F.);
#2666 = EDGE_CURVE('',#2650,#2659,#2667,.T.);
#2667 = LINE('',#2668,#2669);
#2668 = CARTESIAN_POINT('',(-0.32,-2.38,8.54));
#2669 = VECTOR('',#2670,1.);
#2670 = DIRECTION('',(1.,0.,0.));
#2671 = PLANE('',#2672);
#2672 = AXIS2_PLACEMENT_3D('',#2673,#2674,#2675);
#2673 = CARTESIAN_POINT('',(-0.32,-2.3,8.46));
#2674 = DIRECTION('',(1.735167508357E-18,0.707106781187,0.707106781187)
  );
#2675 = DIRECTION('',(-1.,1.226948711654E-18,1.226948711654E-18));
#2676 = ADVANCED_FACE('',(#2677),#2695,.F.);
#2677 = FACE_BOUND('',#2678,.F.);
#2678 = EDGE_LOOP('',(#2679,#2687,#2688,#2689));
#2679 = ORIENTED_EDGE('',*,*,#2680,.F.);
#2680 = EDGE_CURVE('',#1913,#2681,#2683,.T.);
#2681 = VERTEX_POINT('',#2682);
#2682 = CARTESIAN_POINT('',(-0.16,-2.7,8.54));
#2683 = LINE('',#2684,#2685);
#2684 = CARTESIAN_POINT('',(-0.266666666667,-2.806666666667,
    8.433333333333));
#2685 = VECTOR('',#2686,1.);
#2686 = DIRECTION('',(0.57735026919,0.57735026919,0.57735026919));
#2687 = ORIENTED_EDGE('',*,*,#1922,.T.);
#2688 = ORIENTED_EDGE('',*,*,#2649,.T.);
#2689 = ORIENTED_EDGE('',*,*,#2690,.F.);
#2690 = EDGE_CURVE('',#2681,#2650,#2691,.T.);
#2691 = LINE('',#2692,#2693);
#2692 = CARTESIAN_POINT('',(-0.16,-2.86,8.54));
#2693 = VECTOR('',#2694,1.);
#2694 = DIRECTION('',(0.,1.,0.));
#2695 = PLANE('',#2696);
#2696 = AXIS2_PLACEMENT_3D('',#2697,#2698,#2699);
#2697 = CARTESIAN_POINT('',(-0.24,-2.86,8.46));
#2698 = DIRECTION('',(0.707106781187,1.735167508357E-18,-0.707106781187)
  );
#2699 = DIRECTION('',(-1.226948711654E-18,1.,1.226948711654E-18));
#2700 = ADVANCED_FACE('',(#2701),#2719,.F.);
#2701 = FACE_BOUND('',#2702,.T.);
#2702 = EDGE_LOOP('',(#2703,#2704,#2705,#2713));
#2703 = ORIENTED_EDGE('',*,*,#2680,.F.);
#2704 = ORIENTED_EDGE('',*,*,#1946,.T.);
#2705 = ORIENTED_EDGE('',*,*,#2706,.T.);
#2706 = EDGE_CURVE('',#1937,#2707,#2709,.T.);
#2707 = VERTEX_POINT('',#2708);
#2708 = CARTESIAN_POINT('',(0.16,-2.7,8.54));
#2709 = LINE('',#2710,#2711);
#2710 = CARTESIAN_POINT('',(0.16,-2.7,8.54));
#2711 = VECTOR('',#2712,1.);
#2712 = DIRECTION('',(-0.57735026919,0.57735026919,0.57735026919));
#2713 = ORIENTED_EDGE('',*,*,#2714,.F.);
#2714 = EDGE_CURVE('',#2681,#2707,#2715,.T.);
#2715 = LINE('',#2716,#2717);
#2716 = CARTESIAN_POINT('',(-0.32,-2.7,8.54));
#2717 = VECTOR('',#2718,1.);
#2718 = DIRECTION('',(1.,0.,0.));
#2719 = PLANE('',#2720);
#2720 = AXIS2_PLACEMENT_3D('',#2721,#2722,#2723);
#2721 = CARTESIAN_POINT('',(-0.32,-2.78,8.46));
#2722 = DIRECTION('',(-1.735167508357E-18,0.707106781187,-0.707106781187
    ));
#2723 = DIRECTION('',(-1.,-1.226948711654E-18,1.226948711654E-18));
#2724 = ADVANCED_FACE('',(#2725),#2736,.T.);
#2725 = FACE_BOUND('',#2726,.T.);
#2726 = EDGE_LOOP('',(#2727,#2728,#2729,#2730));
#2727 = ORIENTED_EDGE('',*,*,#2706,.F.);
#2728 = ORIENTED_EDGE('',*,*,#1963,.T.);
#2729 = ORIENTED_EDGE('',*,*,#2658,.T.);
#2730 = ORIENTED_EDGE('',*,*,#2731,.F.);
#2731 = EDGE_CURVE('',#2707,#2659,#2732,.T.);
#2732 = LINE('',#2733,#2734);
#2733 = CARTESIAN_POINT('',(0.16,-2.86,8.54));
#2734 = VECTOR('',#2735,1.);
#2735 = DIRECTION('',(0.,1.,0.));
#2736 = PLANE('',#2737);
#2737 = AXIS2_PLACEMENT_3D('',#2738,#2739,#2740);
#2738 = CARTESIAN_POINT('',(0.24,-2.86,8.46));
#2739 = DIRECTION('',(0.707106781187,-1.735167508357E-18,0.707106781187)
  );
#2740 = DIRECTION('',(1.226948711654E-18,1.,1.226948711654E-18));
#2741 = ADVANCED_FACE('',(#2742),#2748,.F.);
#2742 = FACE_BOUND('',#2743,.F.);
#2743 = EDGE_LOOP('',(#2744,#2745,#2746,#2747));
#2744 = ORIENTED_EDGE('',*,*,#2059,.T.);
#2745 = ORIENTED_EDGE('',*,*,#1994,.F.);
#2746 = ORIENTED_EDGE('',*,*,#2018,.F.);
#2747 = ORIENTED_EDGE('',*,*,#2042,.T.);
#2748 = PLANE('',#2749);
#2749 = AXIS2_PLACEMENT_3D('',#2750,#2751,#2752);
#2750 = CARTESIAN_POINT('',(-0.32,-5.4,-3.));
#2751 = DIRECTION('',(0.,0.,1.));
#2752 = DIRECTION('',(1.,0.,-0.));
#2753 = ADVANCED_FACE('',(#2754),#2760,.F.);
#2754 = FACE_BOUND('',#2755,.F.);
#2755 = EDGE_LOOP('',(#2756,#2757,#2758,#2759));
#2756 = ORIENTED_EDGE('',*,*,#2090,.T.);
#2757 = ORIENTED_EDGE('',*,*,#2114,.F.);
#2758 = ORIENTED_EDGE('',*,*,#2138,.F.);
#2759 = ORIENTED_EDGE('',*,*,#2155,.T.);
#2760 = PLANE('',#2761);
#2761 = AXIS2_PLACEMENT_3D('',#2762,#2763,#2764);
#2762 = CARTESIAN_POINT('',(-0.32,-7.94,-3.));
#2763 = DIRECTION('',(0.,0.,1.));
#2764 = DIRECTION('',(1.,0.,-0.));
#2765 = ADVANCED_FACE('',(#2766),#2772,.F.);
#2766 = FACE_BOUND('',#2767,.F.);
#2767 = EDGE_LOOP('',(#2768,#2769,#2770,#2771));
#2768 = ORIENTED_EDGE('',*,*,#2186,.T.);
#2769 = ORIENTED_EDGE('',*,*,#2210,.F.);
#2770 = ORIENTED_EDGE('',*,*,#2234,.F.);
#2771 = ORIENTED_EDGE('',*,*,#2251,.T.);
#2772 = PLANE('',#2773);
#2773 = AXIS2_PLACEMENT_3D('',#2774,#2775,#2776);
#2774 = CARTESIAN_POINT('',(-0.32,-0.32,-3.));
#2775 = DIRECTION('',(0.,0.,1.));
#2776 = DIRECTION('',(1.,0.,-0.));
#2777 = ADVANCED_FACE('',(#2778),#2784,.F.);
#2778 = FACE_BOUND('',#2779,.F.);
#2779 = EDGE_LOOP('',(#2780,#2781,#2782,#2783));
#2780 = ORIENTED_EDGE('',*,*,#2347,.T.);
#2781 = ORIENTED_EDGE('',*,*,#2282,.F.);
#2782 = ORIENTED_EDGE('',*,*,#2306,.F.);
#2783 = ORIENTED_EDGE('',*,*,#2330,.T.);
#2784 = PLANE('',#2785);
#2785 = AXIS2_PLACEMENT_3D('',#2786,#2787,#2788);
#2786 = CARTESIAN_POINT('',(-0.32,-2.86,-3.));
#2787 = DIRECTION('',(0.,0.,1.));
#2788 = DIRECTION('',(1.,0.,-0.));
#2789 = ADVANCED_FACE('',(#2790),#2796,.T.);
#2790 = FACE_BOUND('',#2791,.T.);
#2791 = EDGE_LOOP('',(#2792,#2793,#2794,#2795));
#2792 = ORIENTED_EDGE('',*,*,#2443,.T.);
#2793 = ORIENTED_EDGE('',*,*,#2378,.F.);
#2794 = ORIENTED_EDGE('',*,*,#2402,.F.);
#2795 = ORIENTED_EDGE('',*,*,#2426,.T.);
#2796 = PLANE('',#2797);
#2797 = AXIS2_PLACEMENT_3D('',#2798,#2799,#2800);
#2798 = CARTESIAN_POINT('',(-0.32,-5.4,8.54));
#2799 = DIRECTION('',(0.,0.,1.));
#2800 = DIRECTION('',(1.,0.,-0.));
#2801 = ADVANCED_FACE('',(#2802),#2808,.T.);
#2802 = FACE_BOUND('',#2803,.T.);
#2803 = EDGE_LOOP('',(#2804,#2805,#2806,#2807));
#2804 = ORIENTED_EDGE('',*,*,#2474,.T.);
#2805 = ORIENTED_EDGE('',*,*,#2498,.F.);
#2806 = ORIENTED_EDGE('',*,*,#2522,.F.);
#2807 = ORIENTED_EDGE('',*,*,#2539,.T.);
#2808 = PLANE('',#2809);
#2809 = AXIS2_PLACEMENT_3D('',#2810,#2811,#2812);
#2810 = CARTESIAN_POINT('',(-0.32,-7.94,8.54));
#2811 = DIRECTION('',(0.,0.,1.));
#2812 = DIRECTION('',(1.,0.,-0.));
#2813 = ADVANCED_FACE('',(#2814),#2820,.T.);
#2814 = FACE_BOUND('',#2815,.T.);
#2815 = EDGE_LOOP('',(#2816,#2817,#2818,#2819));
#2816 = ORIENTED_EDGE('',*,*,#2570,.T.);
#2817 = ORIENTED_EDGE('',*,*,#2594,.F.);
#2818 = ORIENTED_EDGE('',*,*,#2618,.F.);
#2819 = ORIENTED_EDGE('',*,*,#2635,.T.);
#2820 = PLANE('',#2821);
#2821 = AXIS2_PLACEMENT_3D('',#2822,#2823,#2824);
#2822 = CARTESIAN_POINT('',(-0.32,-0.32,8.54));
#2823 = DIRECTION('',(0.,0.,1.));
#2824 = DIRECTION('',(1.,0.,-0.));
#2825 = ADVANCED_FACE('',(#2826),#2832,.T.);
#2826 = FACE_BOUND('',#2827,.T.);
#2827 = EDGE_LOOP('',(#2828,#2829,#2830,#2831));
#2828 = ORIENTED_EDGE('',*,*,#2731,.T.);
#2829 = ORIENTED_EDGE('',*,*,#2666,.F.);
#2830 = ORIENTED_EDGE('',*,*,#2690,.F.);
#2831 = ORIENTED_EDGE('',*,*,#2714,.T.);
#2832 = PLANE('',#2833);
#2833 = AXIS2_PLACEMENT_3D('',#2834,#2835,#2836);
#2834 = CARTESIAN_POINT('',(-0.32,-2.86,8.54));
#2835 = DIRECTION('',(0.,0.,1.));
#2836 = DIRECTION('',(1.,0.,-0.));
#2837 = ( GEOMETRIC_REPRESENTATION_CONTEXT(3) 
GLOBAL_UNCERTAINTY_ASSIGNED_CONTEXT((#2841)) 
GLOBAL_UNIT_ASSIGNED_CONTEXT((#2838,#2839,#2840)) REPRESENTATION_CONTEXT
('Context #1','3D Context with UNIT and UNCERTAINTY') );
#2838 = ( LENGTH_UNIT() NAMED_UNIT(*) SI_UNIT(.MILLI.,.METRE.) );
#2839 = ( NAMED_UNIT(*) PLANE_ANGLE_UNIT() SI_UNIT($,.RADIAN.) );
#2840 = ( NAMED_UNIT(*) SI_UNIT($,.STERADIAN.) SOLID_ANGLE_UNIT() );
#2841 = UNCERTAINTY_MEASURE_WITH_UNIT(LENGTH_MEASURE(1.E-07),#2838,
  'distance_accuracy_value','confusion accuracy');
#2842 = CONTEXT_DEPENDENT_SHAPE_REPRESENTATION(#2843,#2845);
#2843 = ( REPRESENTATION_RELATIONSHIP('','',#56,#10) 
REPRESENTATION_RELATIONSHIP_WITH_TRANSFORMATION(#2844) 
SHAPE_REPRESENTATION_RELATIONSHIP() );
#2844 = ITEM_DEFINED_TRANSFORMATION('','',#11,#15);
#2845 = PRODUCT_DEFINITION_SHAPE('Placement','Placement of an item',
  #2846);
#2846 = NEXT_ASSEMBLY_USAGE_OCCURRENCE('1','WS2812BLED','',#5,#51,$);
#2847 = PRODUCT_RELATED_PRODUCT_CATEGORY('part',$,(#53));
#2848 = SHAPE_DEFINITION_REPRESENTATION(#2849,#2855);
#2849 = PRODUCT_DEFINITION_SHAPE('','',#2850);
#2850 = PRODUCT_DEFINITION('design','',#2851,#2854);
#2851 = PRODUCT_DEFINITION_FORMATION('','',#2852);
#2852 = PRODUCT('R_0603_1608Metric','R_0603_1608Metric','',(#2853));
#2853 = PRODUCT_CONTEXT('',#2,'mechanical');
#2854 = PRODUCT_DEFINITION_CONTEXT('part definition',#2,'design');
#2855 = ADVANCED_BREP_SHAPE_REPRESENTATION('',(#11,#2856),#3646);
#2856 = MANIFOLD_SOLID_BREP('',#2857);
#2857 = CLOSED_SHELL('',(#2858,#2898,#2981,#3006,#3031,#3098,#3115,#3132
    ,#3181,#3198,#3215,#3264,#3281,#3350,#3381,#3405,#3474,#3498,#3515,
    #3532,#3549,#3566,#3583,#3600,#3617,#3634));
#2858 = ADVANCED_FACE('',(#2859),#2893,.F.);
#2859 = FACE_BOUND('',#2860,.F.);
#2860 = EDGE_LOOP('',(#2861,#2871,#2879,#2887));
#2861 = ORIENTED_EDGE('',*,*,#2862,.F.);
#2862 = EDGE_CURVE('',#2863,#2865,#2867,.T.);
#2863 = VERTEX_POINT('',#2864);
#2864 = CARTESIAN_POINT('',(-0.8,-0.4,4.5E-02));
#2865 = VERTEX_POINT('',#2866);
#2866 = CARTESIAN_POINT('',(-0.8,-0.4,0.405));
#2867 = LINE('',#2868,#2869);
#2868 = CARTESIAN_POINT('',(-0.8,-0.4,0.));
#2869 = VECTOR('',#2870,1.);
#2870 = DIRECTION('',(0.,0.,1.));
#2871 = ORIENTED_EDGE('',*,*,#2872,.T.);
#2872 = EDGE_CURVE('',#2863,#2873,#2875,.T.);
#2873 = VERTEX_POINT('',#2874);
#2874 = CARTESIAN_POINT('',(-0.8,0.4,4.5E-02));
#2875 = LINE('',#2876,#2877);
#2876 = CARTESIAN_POINT('',(-0.8,-0.4,4.5E-02));
#2877 = VECTOR('',#2878,1.);
#2878 = DIRECTION('',(0.,1.,0.));
#2879 = ORIENTED_EDGE('',*,*,#2880,.T.);
#2880 = EDGE_CURVE('',#2873,#2881,#2883,.T.);
#2881 = VERTEX_POINT('',#2882);
#2882 = CARTESIAN_POINT('',(-0.8,0.4,0.405));
#2883 = LINE('',#2884,#2885);
#2884 = CARTESIAN_POINT('',(-0.8,0.4,0.));
#2885 = VECTOR('',#2886,1.);
#2886 = DIRECTION('',(0.,0.,1.));
#2887 = ORIENTED_EDGE('',*,*,#2888,.F.);
#2888 = EDGE_CURVE('',#2865,#2881,#2889,.T.);
#2889 = LINE('',#2890,#2891);
#2890 = CARTESIAN_POINT('',(-0.8,-0.4,0.405));
#2891 = VECTOR('',#2892,1.);
#2892 = DIRECTION('',(0.,1.,0.));
#2893 = PLANE('',#2894);
#2894 = AXIS2_PLACEMENT_3D('',#2895,#2896,#2897);
#2895 = CARTESIAN_POINT('',(-0.8,-0.4,0.));
#2896 = DIRECTION('',(1.,0.,0.));
#2897 = DIRECTION('',(0.,0.,1.));
#2898 = ADVANCED_FACE('',(#2899),#2976,.F.);
#2899 = FACE_BOUND('',#2900,.F.);
#2900 = EDGE_LOOP('',(#2901,#2911,#2918,#2919,#2928,#2936,#2945,#2953,
    #2961,#2969));
#2901 = ORIENTED_EDGE('',*,*,#2902,.F.);
#2902 = EDGE_CURVE('',#2903,#2905,#2907,.T.);
#2903 = VERTEX_POINT('',#2904);
#2904 = CARTESIAN_POINT('',(-0.755,-0.4,-2.775557561563E-17));
#2905 = VERTEX_POINT('',#2906);
#2906 = CARTESIAN_POINT('',(-0.545,-0.4,-2.775557561563E-17));
#2907 = LINE('',#2908,#2909);
#2908 = CARTESIAN_POINT('',(-0.8,-0.4,0.));
#2909 = VECTOR('',#2910,1.);
#2910 = DIRECTION('',(1.,0.,0.));
#2911 = ORIENTED_EDGE('',*,*,#2912,.F.);
#2912 = EDGE_CURVE('',#2863,#2903,#2913,.T.);
#2913 = CIRCLE('',#2914,4.5E-02);
#2914 = AXIS2_PLACEMENT_3D('',#2915,#2916,#2917);
#2915 = CARTESIAN_POINT('',(-0.755,-0.4,4.5E-02));
#2916 = DIRECTION('',(0.,-1.,0.));
#2917 = DIRECTION('',(0.,0.,1.));
#2918 = ORIENTED_EDGE('',*,*,#2862,.T.);
#2919 = ORIENTED_EDGE('',*,*,#2920,.T.);
#2920 = EDGE_CURVE('',#2865,#2921,#2923,.T.);
#2921 = VERTEX_POINT('',#2922);
#2922 = CARTESIAN_POINT('',(-0.755,-0.4,0.45));
#2923 = CIRCLE('',#2924,4.5E-02);
#2924 = AXIS2_PLACEMENT_3D('',#2925,#2926,#2927);
#2925 = CARTESIAN_POINT('',(-0.755,-0.4,0.405));
#2926 = DIRECTION('',(0.,1.,0.));
#2927 = DIRECTION('',(0.,-0.,1.));
#2928 = ORIENTED_EDGE('',*,*,#2929,.T.);
#2929 = EDGE_CURVE('',#2921,#2930,#2932,.T.);
#2930 = VERTEX_POINT('',#2931);
#2931 = CARTESIAN_POINT('',(-0.545,-0.4,0.45));
#2932 = LINE('',#2933,#2934);
#2933 = CARTESIAN_POINT('',(-0.8,-0.4,0.45));
#2934 = VECTOR('',#2935,1.);
#2935 = DIRECTION('',(1.,0.,0.));
#2936 = ORIENTED_EDGE('',*,*,#2937,.F.);
#2937 = EDGE_CURVE('',#2938,#2930,#2940,.T.);
#2938 = VERTEX_POINT('',#2939);
#2939 = CARTESIAN_POINT('',(-0.5,-0.4,0.405));
#2940 = CIRCLE('',#2941,4.5E-02);
#2941 = AXIS2_PLACEMENT_3D('',#2942,#2943,#2944);
#2942 = CARTESIAN_POINT('',(-0.545,-0.4,0.405));
#2943 = DIRECTION('',(0.,-1.,0.));
#2944 = DIRECTION('',(0.,0.,1.));
#2945 = ORIENTED_EDGE('',*,*,#2946,.F.);
#2946 = EDGE_CURVE('',#2947,#2938,#2949,.T.);
#2947 = VERTEX_POINT('',#2948);
#2948 = CARTESIAN_POINT('',(-0.755,-0.4,0.405));
#2949 = LINE('',#2950,#2951);
#2950 = CARTESIAN_POINT('',(-0.755,-0.4,0.405));
#2951 = VECTOR('',#2952,1.);
#2952 = DIRECTION('',(1.,0.,0.));
#2953 = ORIENTED_EDGE('',*,*,#2954,.F.);
#2954 = EDGE_CURVE('',#2955,#2947,#2957,.T.);
#2955 = VERTEX_POINT('',#2956);
#2956 = CARTESIAN_POINT('',(-0.755,-0.4,4.5E-02));
#2957 = LINE('',#2958,#2959);
#2958 = CARTESIAN_POINT('',(-0.755,-0.4,4.5E-02));
#2959 = VECTOR('',#2960,1.);
#2960 = DIRECTION('',(0.,0.,1.));
#2961 = ORIENTED_EDGE('',*,*,#2962,.T.);
#2962 = EDGE_CURVE('',#2955,#2963,#2965,.T.);
#2963 = VERTEX_POINT('',#2964);
#2964 = CARTESIAN_POINT('',(-0.5,-0.4,4.5E-02));
#2965 = LINE('',#2966,#2967);
#2966 = CARTESIAN_POINT('',(-0.755,-0.4,4.5E-02));
#2967 = VECTOR('',#2968,1.);
#2968 = DIRECTION('',(1.,0.,0.));
#2969 = ORIENTED_EDGE('',*,*,#2970,.T.);
#2970 = EDGE_CURVE('',#2963,#2905,#2971,.T.);
#2971 = CIRCLE('',#2972,4.5E-02);
#2972 = AXIS2_PLACEMENT_3D('',#2973,#2974,#2975);
#2973 = CARTESIAN_POINT('',(-0.545,-0.4,4.5E-02));
#2974 = DIRECTION('',(0.,1.,0.));
#2975 = DIRECTION('',(0.,-0.,1.));
#2976 = PLANE('',#2977);
#2977 = AXIS2_PLACEMENT_3D('',#2978,#2979,#2980);
#2978 = CARTESIAN_POINT('',(-0.8,-0.4,0.));
#2979 = DIRECTION('',(0.,1.,0.));
#2980 = DIRECTION('',(0.,-0.,1.));
#2981 = ADVANCED_FACE('',(#2982),#3001,.T.);
#2982 = FACE_BOUND('',#2983,.T.);
#2983 = EDGE_LOOP('',(#2984,#2985,#2994,#3000));
#2984 = ORIENTED_EDGE('',*,*,#2872,.T.);
#2985 = ORIENTED_EDGE('',*,*,#2986,.T.);
#2986 = EDGE_CURVE('',#2873,#2987,#2989,.T.);
#2987 = VERTEX_POINT('',#2988);
#2988 = CARTESIAN_POINT('',(-0.755,0.4,-2.775557561563E-17));
#2989 = CIRCLE('',#2990,4.5E-02);
#2990 = AXIS2_PLACEMENT_3D('',#2991,#2992,#2993);
#2991 = CARTESIAN_POINT('',(-0.755,0.4,4.5E-02));
#2992 = DIRECTION('',(0.,-1.,0.));
#2993 = DIRECTION('',(0.,0.,1.));
#2994 = ORIENTED_EDGE('',*,*,#2995,.F.);
#2995 = EDGE_CURVE('',#2903,#2987,#2996,.T.);
#2996 = LINE('',#2997,#2998);
#2997 = CARTESIAN_POINT('',(-0.755,-0.4,-2.775557561563E-17));
#2998 = VECTOR('',#2999,1.);
#2999 = DIRECTION('',(0.,1.,0.));
#3000 = ORIENTED_EDGE('',*,*,#2912,.F.);
#3001 = CYLINDRICAL_SURFACE('',#3002,4.5E-02);
#3002 = AXIS2_PLACEMENT_3D('',#3003,#3004,#3005);
#3003 = CARTESIAN_POINT('',(-0.755,-0.4,4.5E-02));
#3004 = DIRECTION('',(0.,1.,0.));
#3005 = DIRECTION('',(-1.,0.,0.));
#3006 = ADVANCED_FACE('',(#3007),#3026,.T.);
#3007 = FACE_BOUND('',#3008,.T.);
#3008 = EDGE_LOOP('',(#3009,#3010,#3018,#3025));
#3009 = ORIENTED_EDGE('',*,*,#2920,.T.);
#3010 = ORIENTED_EDGE('',*,*,#3011,.T.);
#3011 = EDGE_CURVE('',#2921,#3012,#3014,.T.);
#3012 = VERTEX_POINT('',#3013);
#3013 = CARTESIAN_POINT('',(-0.755,0.4,0.45));
#3014 = LINE('',#3015,#3016);
#3015 = CARTESIAN_POINT('',(-0.755,-0.4,0.45));
#3016 = VECTOR('',#3017,1.);
#3017 = DIRECTION('',(0.,1.,0.));
#3018 = ORIENTED_EDGE('',*,*,#3019,.F.);
#3019 = EDGE_CURVE('',#2881,#3012,#3020,.T.);
#3020 = CIRCLE('',#3021,4.5E-02);
#3021 = AXIS2_PLACEMENT_3D('',#3022,#3023,#3024);
#3022 = CARTESIAN_POINT('',(-0.755,0.4,0.405));
#3023 = DIRECTION('',(0.,1.,0.));
#3024 = DIRECTION('',(0.,-0.,1.));
#3025 = ORIENTED_EDGE('',*,*,#2888,.F.);
#3026 = CYLINDRICAL_SURFACE('',#3027,4.5E-02);
#3027 = AXIS2_PLACEMENT_3D('',#3028,#3029,#3030);
#3028 = CARTESIAN_POINT('',(-0.755,-0.4,0.405));
#3029 = DIRECTION('',(0.,1.,0.));
#3030 = DIRECTION('',(-1.,0.,0.));
#3031 = ADVANCED_FACE('',(#3032),#3093,.T.);
#3032 = FACE_BOUND('',#3033,.T.);
#3033 = EDGE_LOOP('',(#3034,#3042,#3043,#3044,#3045,#3053,#3062,#3070,
    #3078,#3086));
#3034 = ORIENTED_EDGE('',*,*,#3035,.F.);
#3035 = EDGE_CURVE('',#2987,#3036,#3038,.T.);
#3036 = VERTEX_POINT('',#3037);
#3037 = CARTESIAN_POINT('',(-0.545,0.4,-2.775557561563E-17));
#3038 = LINE('',#3039,#3040);
#3039 = CARTESIAN_POINT('',(-0.8,0.4,0.));
#3040 = VECTOR('',#3041,1.);
#3041 = DIRECTION('',(1.,0.,0.));
#3042 = ORIENTED_EDGE('',*,*,#2986,.F.);
#3043 = ORIENTED_EDGE('',*,*,#2880,.T.);
#3044 = ORIENTED_EDGE('',*,*,#3019,.T.);
#3045 = ORIENTED_EDGE('',*,*,#3046,.T.);
#3046 = EDGE_CURVE('',#3012,#3047,#3049,.T.);
#3047 = VERTEX_POINT('',#3048);
#3048 = CARTESIAN_POINT('',(-0.545,0.4,0.45));
#3049 = LINE('',#3050,#3051);
#3050 = CARTESIAN_POINT('',(-0.8,0.4,0.45));
#3051 = VECTOR('',#3052,1.);
#3052 = DIRECTION('',(1.,0.,0.));
#3053 = ORIENTED_EDGE('',*,*,#3054,.F.);
#3054 = EDGE_CURVE('',#3055,#3047,#3057,.T.);
#3055 = VERTEX_POINT('',#3056);
#3056 = CARTESIAN_POINT('',(-0.5,0.4,0.405));
#3057 = CIRCLE('',#3058,4.5E-02);
#3058 = AXIS2_PLACEMENT_3D('',#3059,#3060,#3061);
#3059 = CARTESIAN_POINT('',(-0.545,0.4,0.405));
#3060 = DIRECTION('',(0.,-1.,0.));
#3061 = DIRECTION('',(0.,0.,1.));
#3062 = ORIENTED_EDGE('',*,*,#3063,.F.);
#3063 = EDGE_CURVE('',#3064,#3055,#3066,.T.);
#3064 = VERTEX_POINT('',#3065);
#3065 = CARTESIAN_POINT('',(-0.755,0.4,0.405));
#3066 = LINE('',#3067,#3068);
#3067 = CARTESIAN_POINT('',(-0.755,0.4,0.405));
#3068 = VECTOR('',#3069,1.);
#3069 = DIRECTION('',(1.,0.,0.));
#3070 = ORIENTED_EDGE('',*,*,#3071,.F.);
#3071 = EDGE_CURVE('',#3072,#3064,#3074,.T.);
#3072 = VERTEX_POINT('',#3073);
#3073 = CARTESIAN_POINT('',(-0.755,0.4,4.5E-02));
#3074 = LINE('',#3075,#3076);
#3075 = CARTESIAN_POINT('',(-0.755,0.4,4.5E-02));
#3076 = VECTOR('',#3077,1.);
#3077 = DIRECTION('',(0.,0.,1.));
#3078 = ORIENTED_EDGE('',*,*,#3079,.T.);
#3079 = EDGE_CURVE('',#3072,#3080,#3082,.T.);
#3080 = VERTEX_POINT('',#3081);
#3081 = CARTESIAN_POINT('',(-0.5,0.4,4.5E-02));
#3082 = LINE('',#3083,#3084);
#3083 = CARTESIAN_POINT('',(-0.755,0.4,4.5E-02));
#3084 = VECTOR('',#3085,1.);
#3085 = DIRECTION('',(1.,0.,0.));
#3086 = ORIENTED_EDGE('',*,*,#3087,.T.);
#3087 = EDGE_CURVE('',#3080,#3036,#3088,.T.);
#3088 = CIRCLE('',#3089,4.5E-02);
#3089 = AXIS2_PLACEMENT_3D('',#3090,#3091,#3092);
#3090 = CARTESIAN_POINT('',(-0.545,0.4,4.5E-02));
#3091 = DIRECTION('',(0.,1.,0.));
#3092 = DIRECTION('',(0.,-0.,1.));
#3093 = PLANE('',#3094);
#3094 = AXIS2_PLACEMENT_3D('',#3095,#3096,#3097);
#3095 = CARTESIAN_POINT('',(-0.8,0.4,0.));
#3096 = DIRECTION('',(0.,1.,0.));
#3097 = DIRECTION('',(0.,-0.,1.));
#3098 = ADVANCED_FACE('',(#3099),#3110,.F.);
#3099 = FACE_BOUND('',#3100,.F.);
#3100 = EDGE_LOOP('',(#3101,#3102,#3103,#3104));
#3101 = ORIENTED_EDGE('',*,*,#3035,.F.);
#3102 = ORIENTED_EDGE('',*,*,#2995,.F.);
#3103 = ORIENTED_EDGE('',*,*,#2902,.T.);
#3104 = ORIENTED_EDGE('',*,*,#3105,.T.);
#3105 = EDGE_CURVE('',#2905,#3036,#3106,.T.);
#3106 = LINE('',#3107,#3108);
#3107 = CARTESIAN_POINT('',(-0.545,-0.4,-2.775557561563E-17));
#3108 = VECTOR('',#3109,1.);
#3109 = DIRECTION('',(0.,1.,0.));
#3110 = PLANE('',#3111);
#3111 = AXIS2_PLACEMENT_3D('',#3112,#3113,#3114);
#3112 = CARTESIAN_POINT('',(-0.8,-0.4,0.));
#3113 = DIRECTION('',(0.,0.,1.));
#3114 = DIRECTION('',(1.,0.,-0.));
#3115 = ADVANCED_FACE('',(#3116),#3127,.T.);
#3116 = FACE_BOUND('',#3117,.T.);
#3117 = EDGE_LOOP('',(#3118,#3119,#3120,#3121));
#3118 = ORIENTED_EDGE('',*,*,#2970,.T.);
#3119 = ORIENTED_EDGE('',*,*,#3105,.T.);
#3120 = ORIENTED_EDGE('',*,*,#3087,.F.);
#3121 = ORIENTED_EDGE('',*,*,#3122,.F.);
#3122 = EDGE_CURVE('',#2963,#3080,#3123,.T.);
#3123 = LINE('',#3124,#3125);
#3124 = CARTESIAN_POINT('',(-0.5,-0.4,4.5E-02));
#3125 = VECTOR('',#3126,1.);
#3126 = DIRECTION('',(0.,1.,0.));
#3127 = CYLINDRICAL_SURFACE('',#3128,4.5E-02);
#3128 = AXIS2_PLACEMENT_3D('',#3129,#3130,#3131);
#3129 = CARTESIAN_POINT('',(-0.545,-0.4,4.5E-02));
#3130 = DIRECTION('',(0.,1.,0.));
#3131 = DIRECTION('',(1.,0.,0.));
#3132 = ADVANCED_FACE('',(#3133),#3176,.F.);
#3133 = FACE_BOUND('',#3134,.F.);
#3134 = EDGE_LOOP('',(#3135,#3136,#3137,#3138,#3146,#3154,#3162,#3170));
#3135 = ORIENTED_EDGE('',*,*,#2962,.F.);
#3136 = ORIENTED_EDGE('',*,*,#2954,.T.);
#3137 = ORIENTED_EDGE('',*,*,#2946,.T.);
#3138 = ORIENTED_EDGE('',*,*,#3139,.T.);
#3139 = EDGE_CURVE('',#2938,#3140,#3142,.T.);
#3140 = VERTEX_POINT('',#3141);
#3141 = CARTESIAN_POINT('',(0.5,-0.4,0.405));
#3142 = LINE('',#3143,#3144);
#3143 = CARTESIAN_POINT('',(-0.5,-0.4,0.405));
#3144 = VECTOR('',#3145,1.);
#3145 = DIRECTION('',(1.,0.,0.));
#3146 = ORIENTED_EDGE('',*,*,#3147,.T.);
#3147 = EDGE_CURVE('',#3140,#3148,#3150,.T.);
#3148 = VERTEX_POINT('',#3149);
#3149 = CARTESIAN_POINT('',(0.755,-0.4,0.405));
#3150 = LINE('',#3151,#3152);
#3151 = CARTESIAN_POINT('',(-0.755,-0.4,0.405));
#3152 = VECTOR('',#3153,1.);
#3153 = DIRECTION('',(1.,0.,0.));
#3154 = ORIENTED_EDGE('',*,*,#3155,.F.);
#3155 = EDGE_CURVE('',#3156,#3148,#3158,.T.);
#3156 = VERTEX_POINT('',#3157);
#3157 = CARTESIAN_POINT('',(0.755,-0.4,4.5E-02));
#3158 = LINE('',#3159,#3160);
#3159 = CARTESIAN_POINT('',(0.755,-0.4,4.5E-02));
#3160 = VECTOR('',#3161,1.);
#3161 = DIRECTION('',(0.,0.,1.));
#3162 = ORIENTED_EDGE('',*,*,#3163,.F.);
#3163 = EDGE_CURVE('',#3164,#3156,#3166,.T.);
#3164 = VERTEX_POINT('',#3165);
#3165 = CARTESIAN_POINT('',(0.5,-0.4,4.5E-02));
#3166 = LINE('',#3167,#3168);
#3167 = CARTESIAN_POINT('',(-0.755,-0.4,4.5E-02));
#3168 = VECTOR('',#3169,1.);
#3169 = DIRECTION('',(1.,0.,0.));
#3170 = ORIENTED_EDGE('',*,*,#3171,.F.);
#3171 = EDGE_CURVE('',#2963,#3164,#3172,.T.);
#3172 = LINE('',#3173,#3174);
#3173 = CARTESIAN_POINT('',(-0.755,-0.4,4.5E-02));
#3174 = VECTOR('',#3175,1.);
#3175 = DIRECTION('',(1.,0.,0.));
#3176 = PLANE('',#3177);
#3177 = AXIS2_PLACEMENT_3D('',#3178,#3179,#3180);
#3178 = CARTESIAN_POINT('',(-0.755,-0.4,4.5E-02));
#3179 = DIRECTION('',(0.,1.,0.));
#3180 = DIRECTION('',(0.,-0.,1.));
#3181 = ADVANCED_FACE('',(#3182),#3193,.T.);
#3182 = FACE_BOUND('',#3183,.T.);
#3183 = EDGE_LOOP('',(#3184,#3185,#3186,#3187));
#3184 = ORIENTED_EDGE('',*,*,#3046,.F.);
#3185 = ORIENTED_EDGE('',*,*,#3011,.F.);
#3186 = ORIENTED_EDGE('',*,*,#2929,.T.);
#3187 = ORIENTED_EDGE('',*,*,#3188,.T.);
#3188 = EDGE_CURVE('',#2930,#3047,#3189,.T.);
#3189 = LINE('',#3190,#3191);
#3190 = CARTESIAN_POINT('',(-0.545,-0.4,0.45));
#3191 = VECTOR('',#3192,1.);
#3192 = DIRECTION('',(0.,1.,0.));
#3193 = PLANE('',#3194);
#3194 = AXIS2_PLACEMENT_3D('',#3195,#3196,#3197);
#3195 = CARTESIAN_POINT('',(-0.8,-0.4,0.45));
#3196 = DIRECTION('',(0.,0.,1.));
#3197 = DIRECTION('',(1.,0.,-0.));
#3198 = ADVANCED_FACE('',(#3199),#3210,.T.);
#3199 = FACE_BOUND('',#3200,.T.);
#3200 = EDGE_LOOP('',(#3201,#3207,#3208,#3209));
#3201 = ORIENTED_EDGE('',*,*,#3202,.T.);
#3202 = EDGE_CURVE('',#2938,#3055,#3203,.T.);
#3203 = LINE('',#3204,#3205);
#3204 = CARTESIAN_POINT('',(-0.5,-0.4,0.405));
#3205 = VECTOR('',#3206,1.);
#3206 = DIRECTION('',(0.,1.,0.));
#3207 = ORIENTED_EDGE('',*,*,#3054,.T.);
#3208 = ORIENTED_EDGE('',*,*,#3188,.F.);
#3209 = ORIENTED_EDGE('',*,*,#2937,.F.);
#3210 = CYLINDRICAL_SURFACE('',#3211,4.5E-02);
#3211 = AXIS2_PLACEMENT_3D('',#3212,#3213,#3214);
#3212 = CARTESIAN_POINT('',(-0.545,-0.4,0.405));
#3213 = DIRECTION('',(0.,1.,0.));
#3214 = DIRECTION('',(1.,0.,0.));
#3215 = ADVANCED_FACE('',(#3216),#3259,.T.);
#3216 = FACE_BOUND('',#3217,.T.);
#3217 = EDGE_LOOP('',(#3218,#3219,#3220,#3221,#3229,#3237,#3245,#3253));
#3218 = ORIENTED_EDGE('',*,*,#3079,.F.);
#3219 = ORIENTED_EDGE('',*,*,#3071,.T.);
#3220 = ORIENTED_EDGE('',*,*,#3063,.T.);
#3221 = ORIENTED_EDGE('',*,*,#3222,.T.);
#3222 = EDGE_CURVE('',#3055,#3223,#3225,.T.);
#3223 = VERTEX_POINT('',#3224);
#3224 = CARTESIAN_POINT('',(0.5,0.4,0.405));
#3225 = LINE('',#3226,#3227);
#3226 = CARTESIAN_POINT('',(-0.5,0.4,0.405));
#3227 = VECTOR('',#3228,1.);
#3228 = DIRECTION('',(1.,0.,0.));
#3229 = ORIENTED_EDGE('',*,*,#3230,.T.);
#3230 = EDGE_CURVE('',#3223,#3231,#3233,.T.);
#3231 = VERTEX_POINT('',#3232);
#3232 = CARTESIAN_POINT('',(0.755,0.4,0.405));
#3233 = LINE('',#3234,#3235);
#3234 = CARTESIAN_POINT('',(-0.755,0.4,0.405));
#3235 = VECTOR('',#3236,1.);
#3236 = DIRECTION('',(1.,0.,0.));
#3237 = ORIENTED_EDGE('',*,*,#3238,.F.);
#3238 = EDGE_CURVE('',#3239,#3231,#3241,.T.);
#3239 = VERTEX_POINT('',#3240);
#3240 = CARTESIAN_POINT('',(0.755,0.4,4.5E-02));
#3241 = LINE('',#3242,#3243);
#3242 = CARTESIAN_POINT('',(0.755,0.4,4.5E-02));
#3243 = VECTOR('',#3244,1.);
#3244 = DIRECTION('',(0.,0.,1.));
#3245 = ORIENTED_EDGE('',*,*,#3246,.F.);
#3246 = EDGE_CURVE('',#3247,#3239,#3249,.T.);
#3247 = VERTEX_POINT('',#3248);
#3248 = CARTESIAN_POINT('',(0.5,0.4,4.5E-02));
#3249 = LINE('',#3250,#3251);
#3250 = CARTESIAN_POINT('',(-0.755,0.4,4.5E-02));
#3251 = VECTOR('',#3252,1.);
#3252 = DIRECTION('',(1.,0.,0.));
#3253 = ORIENTED_EDGE('',*,*,#3254,.F.);
#3254 = EDGE_CURVE('',#3080,#3247,#3255,.T.);
#3255 = LINE('',#3256,#3257);
#3256 = CARTESIAN_POINT('',(-0.755,0.4,4.5E-02));
#3257 = VECTOR('',#3258,1.);
#3258 = DIRECTION('',(1.,0.,0.));
#3259 = PLANE('',#3260);
#3260 = AXIS2_PLACEMENT_3D('',#3261,#3262,#3263);
#3261 = CARTESIAN_POINT('',(-0.755,0.4,4.5E-02));
#3262 = DIRECTION('',(0.,1.,0.));
#3263 = DIRECTION('',(0.,-0.,1.));
#3264 = ADVANCED_FACE('',(#3265),#3276,.F.);
#3265 = FACE_BOUND('',#3266,.F.);
#3266 = EDGE_LOOP('',(#3267,#3268,#3269,#3275));
#3267 = ORIENTED_EDGE('',*,*,#3122,.F.);
#3268 = ORIENTED_EDGE('',*,*,#3171,.T.);
#3269 = ORIENTED_EDGE('',*,*,#3270,.T.);
#3270 = EDGE_CURVE('',#3164,#3247,#3271,.T.);
#3271 = LINE('',#3272,#3273);
#3272 = CARTESIAN_POINT('',(0.5,-0.4,4.5E-02));
#3273 = VECTOR('',#3274,1.);
#3274 = DIRECTION('',(0.,1.,0.));
#3275 = ORIENTED_EDGE('',*,*,#3254,.F.);
#3276 = PLANE('',#3277);
#3277 = AXIS2_PLACEMENT_3D('',#3278,#3279,#3280);
#3278 = CARTESIAN_POINT('',(-0.755,-0.4,4.5E-02));
#3279 = DIRECTION('',(0.,0.,1.));
#3280 = DIRECTION('',(1.,0.,-0.));
#3281 = ADVANCED_FACE('',(#3282),#3345,.F.);
#3282 = FACE_BOUND('',#3283,.F.);
#3283 = EDGE_LOOP('',(#3284,#3294,#3301,#3302,#3303,#3304,#3313,#3321,
    #3330,#3338));
#3284 = ORIENTED_EDGE('',*,*,#3285,.F.);
#3285 = EDGE_CURVE('',#3286,#3288,#3290,.T.);
#3286 = VERTEX_POINT('',#3287);
#3287 = CARTESIAN_POINT('',(0.545,-0.4,-2.775557561563E-17));
#3288 = VERTEX_POINT('',#3289);
#3289 = CARTESIAN_POINT('',(0.755,-0.4,-2.775557561563E-17));
#3290 = LINE('',#3291,#3292);
#3291 = CARTESIAN_POINT('',(0.5,-0.4,0.));
#3292 = VECTOR('',#3293,1.);
#3293 = DIRECTION('',(1.,0.,0.));
#3294 = ORIENTED_EDGE('',*,*,#3295,.F.);
#3295 = EDGE_CURVE('',#3164,#3286,#3296,.T.);
#3296 = CIRCLE('',#3297,4.5E-02);
#3297 = AXIS2_PLACEMENT_3D('',#3298,#3299,#3300);
#3298 = CARTESIAN_POINT('',(0.545,-0.4,4.5E-02));
#3299 = DIRECTION('',(0.,-1.,0.));
#3300 = DIRECTION('',(0.,0.,1.));
#3301 = ORIENTED_EDGE('',*,*,#3163,.T.);
#3302 = ORIENTED_EDGE('',*,*,#3155,.T.);
#3303 = ORIENTED_EDGE('',*,*,#3147,.F.);
#3304 = ORIENTED_EDGE('',*,*,#3305,.T.);
#3305 = EDGE_CURVE('',#3140,#3306,#3308,.T.);
#3306 = VERTEX_POINT('',#3307);
#3307 = CARTESIAN_POINT('',(0.545,-0.4,0.45));
#3308 = CIRCLE('',#3309,4.5E-02);
#3309 = AXIS2_PLACEMENT_3D('',#3310,#3311,#3312);
#3310 = CARTESIAN_POINT('',(0.545,-0.4,0.405));
#3311 = DIRECTION('',(0.,1.,0.));
#3312 = DIRECTION('',(0.,-0.,1.));
#3313 = ORIENTED_EDGE('',*,*,#3314,.T.);
#3314 = EDGE_CURVE('',#3306,#3315,#3317,.T.);
#3315 = VERTEX_POINT('',#3316);
#3316 = CARTESIAN_POINT('',(0.755,-0.4,0.45));
#3317 = LINE('',#3318,#3319);
#3318 = CARTESIAN_POINT('',(0.5,-0.4,0.45));
#3319 = VECTOR('',#3320,1.);
#3320 = DIRECTION('',(1.,0.,0.));
#3321 = ORIENTED_EDGE('',*,*,#3322,.F.);
#3322 = EDGE_CURVE('',#3323,#3315,#3325,.T.);
#3323 = VERTEX_POINT('',#3324);
#3324 = CARTESIAN_POINT('',(0.8,-0.4,0.405));
#3325 = CIRCLE('',#3326,4.5E-02);
#3326 = AXIS2_PLACEMENT_3D('',#3327,#3328,#3329);
#3327 = CARTESIAN_POINT('',(0.755,-0.4,0.405));
#3328 = DIRECTION('',(0.,-1.,0.));
#3329 = DIRECTION('',(0.,0.,1.));
#3330 = ORIENTED_EDGE('',*,*,#3331,.F.);
#3331 = EDGE_CURVE('',#3332,#3323,#3334,.T.);
#3332 = VERTEX_POINT('',#3333);
#3333 = CARTESIAN_POINT('',(0.8,-0.4,4.5E-02));
#3334 = LINE('',#3335,#3336);
#3335 = CARTESIAN_POINT('',(0.8,-0.4,0.));
#3336 = VECTOR('',#3337,1.);
#3337 = DIRECTION('',(0.,0.,1.));
#3338 = ORIENTED_EDGE('',*,*,#3339,.T.);
#3339 = EDGE_CURVE('',#3332,#3288,#3340,.T.);
#3340 = CIRCLE('',#3341,4.5E-02);
#3341 = AXIS2_PLACEMENT_3D('',#3342,#3343,#3344);
#3342 = CARTESIAN_POINT('',(0.755,-0.4,4.5E-02));
#3343 = DIRECTION('',(0.,1.,0.));
#3344 = DIRECTION('',(0.,-0.,1.));
#3345 = PLANE('',#3346);
#3346 = AXIS2_PLACEMENT_3D('',#3347,#3348,#3349);
#3347 = CARTESIAN_POINT('',(0.5,-0.4,0.));
#3348 = DIRECTION('',(0.,1.,0.));
#3349 = DIRECTION('',(0.,-0.,1.));
#3350 = ADVANCED_FACE('',(#3351),#3376,.F.);
#3351 = FACE_BOUND('',#3352,.F.);
#3352 = EDGE_LOOP('',(#3353,#3354,#3362,#3370));
#3353 = ORIENTED_EDGE('',*,*,#3139,.F.);
#3354 = ORIENTED_EDGE('',*,*,#3355,.T.);
#3355 = EDGE_CURVE('',#2938,#3356,#3358,.T.);
#3356 = VERTEX_POINT('',#3357);
#3357 = CARTESIAN_POINT('',(-0.5,-0.4,0.45));
#3358 = LINE('',#3359,#3360);
#3359 = CARTESIAN_POINT('',(-0.5,-0.4,0.405));
#3360 = VECTOR('',#3361,1.);
#3361 = DIRECTION('',(0.,0.,1.));
#3362 = ORIENTED_EDGE('',*,*,#3363,.T.);
#3363 = EDGE_CURVE('',#3356,#3364,#3366,.T.);
#3364 = VERTEX_POINT('',#3365);
#3365 = CARTESIAN_POINT('',(0.5,-0.4,0.45));
#3366 = LINE('',#3367,#3368);
#3367 = CARTESIAN_POINT('',(-0.5,-0.4,0.45));
#3368 = VECTOR('',#3369,1.);
#3369 = DIRECTION('',(1.,0.,0.));
#3370 = ORIENTED_EDGE('',*,*,#3371,.F.);
#3371 = EDGE_CURVE('',#3140,#3364,#3372,.T.);
#3372 = LINE('',#3373,#3374);
#3373 = CARTESIAN_POINT('',(0.5,-0.4,0.405));
#3374 = VECTOR('',#3375,1.);
#3375 = DIRECTION('',(0.,0.,1.));
#3376 = PLANE('',#3377);
#3377 = AXIS2_PLACEMENT_3D('',#3378,#3379,#3380);
#3378 = CARTESIAN_POINT('',(-0.5,-0.4,0.405));
#3379 = DIRECTION('',(0.,1.,0.));
#3380 = DIRECTION('',(0.,-0.,1.));
#3381 = ADVANCED_FACE('',(#3382),#3400,.F.);
#3382 = FACE_BOUND('',#3383,.F.);
#3383 = EDGE_LOOP('',(#3384,#3385,#3386,#3394));
#3384 = ORIENTED_EDGE('',*,*,#3355,.F.);
#3385 = ORIENTED_EDGE('',*,*,#3202,.T.);
#3386 = ORIENTED_EDGE('',*,*,#3387,.T.);
#3387 = EDGE_CURVE('',#3055,#3388,#3390,.T.);
#3388 = VERTEX_POINT('',#3389);
#3389 = CARTESIAN_POINT('',(-0.5,0.4,0.45));
#3390 = LINE('',#3391,#3392);
#3391 = CARTESIAN_POINT('',(-0.5,0.4,0.405));
#3392 = VECTOR('',#3393,1.);
#3393 = DIRECTION('',(0.,0.,1.));
#3394 = ORIENTED_EDGE('',*,*,#3395,.F.);
#3395 = EDGE_CURVE('',#3356,#3388,#3396,.T.);
#3396 = LINE('',#3397,#3398);
#3397 = CARTESIAN_POINT('',(-0.5,-0.4,0.45));
#3398 = VECTOR('',#3399,1.);
#3399 = DIRECTION('',(0.,1.,0.));
#3400 = PLANE('',#3401);
#3401 = AXIS2_PLACEMENT_3D('',#3402,#3403,#3404);
#3402 = CARTESIAN_POINT('',(-0.5,-0.4,0.405));
#3403 = DIRECTION('',(1.,0.,0.));
#3404 = DIRECTION('',(0.,0.,1.));
#3405 = ADVANCED_FACE('',(#3406),#3469,.T.);
#3406 = FACE_BOUND('',#3407,.T.);
#3407 = EDGE_LOOP('',(#3408,#3418,#3425,#3426,#3427,#3428,#3437,#3445,
    #3454,#3462));
#3408 = ORIENTED_EDGE('',*,*,#3409,.F.);
#3409 = EDGE_CURVE('',#3410,#3412,#3414,.T.);
#3410 = VERTEX_POINT('',#3411);
#3411 = CARTESIAN_POINT('',(0.545,0.4,-2.775557561563E-17));
#3412 = VERTEX_POINT('',#3413);
#3413 = CARTESIAN_POINT('',(0.755,0.4,-2.775557561563E-17));
#3414 = LINE('',#3415,#3416);
#3415 = CARTESIAN_POINT('',(0.5,0.4,0.));
#3416 = VECTOR('',#3417,1.);
#3417 = DIRECTION('',(1.,0.,0.));
#3418 = ORIENTED_EDGE('',*,*,#3419,.F.);
#3419 = EDGE_CURVE('',#3247,#3410,#3420,.T.);
#3420 = CIRCLE('',#3421,4.5E-02);
#3421 = AXIS2_PLACEMENT_3D('',#3422,#3423,#3424);
#3422 = CARTESIAN_POINT('',(0.545,0.4,4.5E-02));
#3423 = DIRECTION('',(0.,-1.,0.));
#3424 = DIRECTION('',(0.,0.,1.));
#3425 = ORIENTED_EDGE('',*,*,#3246,.T.);
#3426 = ORIENTED_EDGE('',*,*,#3238,.T.);
#3427 = ORIENTED_EDGE('',*,*,#3230,.F.);
#3428 = ORIENTED_EDGE('',*,*,#3429,.T.);
#3429 = EDGE_CURVE('',#3223,#3430,#3432,.T.);
#3430 = VERTEX_POINT('',#3431);
#3431 = CARTESIAN_POINT('',(0.545,0.4,0.45));
#3432 = CIRCLE('',#3433,4.5E-02);
#3433 = AXIS2_PLACEMENT_3D('',#3434,#3435,#3436);
#3434 = CARTESIAN_POINT('',(0.545,0.4,0.405));
#3435 = DIRECTION('',(0.,1.,0.));
#3436 = DIRECTION('',(0.,-0.,1.));
#3437 = ORIENTED_EDGE('',*,*,#3438,.T.);
#3438 = EDGE_CURVE('',#3430,#3439,#3441,.T.);
#3439 = VERTEX_POINT('',#3440);
#3440 = CARTESIAN_POINT('',(0.755,0.4,0.45));
#3441 = LINE('',#3442,#3443);
#3442 = CARTESIAN_POINT('',(0.5,0.4,0.45));
#3443 = VECTOR('',#3444,1.);
#3444 = DIRECTION('',(1.,0.,0.));
#3445 = ORIENTED_EDGE('',*,*,#3446,.F.);
#3446 = EDGE_CURVE('',#3447,#3439,#3449,.T.);
#3447 = VERTEX_POINT('',#3448);
#3448 = CARTESIAN_POINT('',(0.8,0.4,0.405));
#3449 = CIRCLE('',#3450,4.5E-02);
#3450 = AXIS2_PLACEMENT_3D('',#3451,#3452,#3453);
#3451 = CARTESIAN_POINT('',(0.755,0.4,0.405));
#3452 = DIRECTION('',(0.,-1.,0.));
#3453 = DIRECTION('',(0.,0.,1.));
#3454 = ORIENTED_EDGE('',*,*,#3455,.F.);
#3455 = EDGE_CURVE('',#3456,#3447,#3458,.T.);
#3456 = VERTEX_POINT('',#3457);
#3457 = CARTESIAN_POINT('',(0.8,0.4,4.5E-02));
#3458 = LINE('',#3459,#3460);
#3459 = CARTESIAN_POINT('',(0.8,0.4,0.));
#3460 = VECTOR('',#3461,1.);
#3461 = DIRECTION('',(0.,0.,1.));
#3462 = ORIENTED_EDGE('',*,*,#3463,.T.);
#3463 = EDGE_CURVE('',#3456,#3412,#3464,.T.);
#3464 = CIRCLE('',#3465,4.5E-02);
#3465 = AXIS2_PLACEMENT_3D('',#3466,#3467,#3468);
#3466 = CARTESIAN_POINT('',(0.755,0.4,4.5E-02));
#3467 = DIRECTION('',(0.,1.,0.));
#3468 = DIRECTION('',(0.,-0.,1.));
#3469 = PLANE('',#3470);
#3470 = AXIS2_PLACEMENT_3D('',#3471,#3472,#3473);
#3471 = CARTESIAN_POINT('',(0.5,0.4,0.));
#3472 = DIRECTION('',(0.,1.,0.));
#3473 = DIRECTION('',(0.,-0.,1.));
#3474 = ADVANCED_FACE('',(#3475),#3493,.T.);
#3475 = FACE_BOUND('',#3476,.T.);
#3476 = EDGE_LOOP('',(#3477,#3478,#3479,#3487));
#3477 = ORIENTED_EDGE('',*,*,#3222,.F.);
#3478 = ORIENTED_EDGE('',*,*,#3387,.T.);
#3479 = ORIENTED_EDGE('',*,*,#3480,.T.);
#3480 = EDGE_CURVE('',#3388,#3481,#3483,.T.);
#3481 = VERTEX_POINT('',#3482);
#3482 = CARTESIAN_POINT('',(0.5,0.4,0.45));
#3483 = LINE('',#3484,#3485);
#3484 = CARTESIAN_POINT('',(-0.5,0.4,0.45));
#3485 = VECTOR('',#3486,1.);
#3486 = DIRECTION('',(1.,0.,0.));
#3487 = ORIENTED_EDGE('',*,*,#3488,.F.);
#3488 = EDGE_CURVE('',#3223,#3481,#3489,.T.);
#3489 = LINE('',#3490,#3491);
#3490 = CARTESIAN_POINT('',(0.5,0.4,0.405));
#3491 = VECTOR('',#3492,1.);
#3492 = DIRECTION('',(0.,0.,1.));
#3493 = PLANE('',#3494);
#3494 = AXIS2_PLACEMENT_3D('',#3495,#3496,#3497);
#3495 = CARTESIAN_POINT('',(-0.5,0.4,0.405));
#3496 = DIRECTION('',(0.,1.,0.));
#3497 = DIRECTION('',(0.,-0.,1.));
#3498 = ADVANCED_FACE('',(#3499),#3510,.T.);
#3499 = FACE_BOUND('',#3500,.T.);
#3500 = EDGE_LOOP('',(#3501,#3502,#3503,#3509));
#3501 = ORIENTED_EDGE('',*,*,#3270,.T.);
#3502 = ORIENTED_EDGE('',*,*,#3419,.T.);
#3503 = ORIENTED_EDGE('',*,*,#3504,.F.);
#3504 = EDGE_CURVE('',#3286,#3410,#3505,.T.);
#3505 = LINE('',#3506,#3507);
#3506 = CARTESIAN_POINT('',(0.545,-0.4,-2.775557561563E-17));
#3507 = VECTOR('',#3508,1.);
#3508 = DIRECTION('',(0.,1.,0.));
#3509 = ORIENTED_EDGE('',*,*,#3295,.F.);
#3510 = CYLINDRICAL_SURFACE('',#3511,4.5E-02);
#3511 = AXIS2_PLACEMENT_3D('',#3512,#3513,#3514);
#3512 = CARTESIAN_POINT('',(0.545,-0.4,4.5E-02));
#3513 = DIRECTION('',(0.,1.,0.));
#3514 = DIRECTION('',(-1.,0.,0.));
#3515 = ADVANCED_FACE('',(#3516),#3527,.F.);
#3516 = FACE_BOUND('',#3517,.F.);
#3517 = EDGE_LOOP('',(#3518,#3519,#3520,#3521));
#3518 = ORIENTED_EDGE('',*,*,#3409,.F.);
#3519 = ORIENTED_EDGE('',*,*,#3504,.F.);
#3520 = ORIENTED_EDGE('',*,*,#3285,.T.);
#3521 = ORIENTED_EDGE('',*,*,#3522,.T.);
#3522 = EDGE_CURVE('',#3288,#3412,#3523,.T.);
#3523 = LINE('',#3524,#3525);
#3524 = CARTESIAN_POINT('',(0.755,-0.4,-2.775557561563E-17));
#3525 = VECTOR('',#3526,1.);
#3526 = DIRECTION('',(0.,1.,0.));
#3527 = PLANE('',#3528);
#3528 = AXIS2_PLACEMENT_3D('',#3529,#3530,#3531);
#3529 = CARTESIAN_POINT('',(0.5,-0.4,0.));
#3530 = DIRECTION('',(0.,0.,1.));
#3531 = DIRECTION('',(1.,0.,-0.));
#3532 = ADVANCED_FACE('',(#3533),#3544,.T.);
#3533 = FACE_BOUND('',#3534,.T.);
#3534 = EDGE_LOOP('',(#3535,#3536,#3537,#3538));
#3535 = ORIENTED_EDGE('',*,*,#3339,.T.);
#3536 = ORIENTED_EDGE('',*,*,#3522,.T.);
#3537 = ORIENTED_EDGE('',*,*,#3463,.F.);
#3538 = ORIENTED_EDGE('',*,*,#3539,.F.);
#3539 = EDGE_CURVE('',#3332,#3456,#3540,.T.);
#3540 = LINE('',#3541,#3542);
#3541 = CARTESIAN_POINT('',(0.8,-0.4,4.5E-02));
#3542 = VECTOR('',#3543,1.);
#3543 = DIRECTION('',(0.,1.,0.));
#3544 = CYLINDRICAL_SURFACE('',#3545,4.5E-02);
#3545 = AXIS2_PLACEMENT_3D('',#3546,#3547,#3548);
#3546 = CARTESIAN_POINT('',(0.755,-0.4,4.5E-02));
#3547 = DIRECTION('',(0.,1.,0.));
#3548 = DIRECTION('',(1.,0.,0.));
#3549 = ADVANCED_FACE('',(#3550),#3561,.T.);
#3550 = FACE_BOUND('',#3551,.T.);
#3551 = EDGE_LOOP('',(#3552,#3553,#3554,#3555));
#3552 = ORIENTED_EDGE('',*,*,#3331,.F.);
#3553 = ORIENTED_EDGE('',*,*,#3539,.T.);
#3554 = ORIENTED_EDGE('',*,*,#3455,.T.);
#3555 = ORIENTED_EDGE('',*,*,#3556,.F.);
#3556 = EDGE_CURVE('',#3323,#3447,#3557,.T.);
#3557 = LINE('',#3558,#3559);
#3558 = CARTESIAN_POINT('',(0.8,-0.4,0.405));
#3559 = VECTOR('',#3560,1.);
#3560 = DIRECTION('',(0.,1.,0.));
#3561 = PLANE('',#3562);
#3562 = AXIS2_PLACEMENT_3D('',#3563,#3564,#3565);
#3563 = CARTESIAN_POINT('',(0.8,-0.4,0.));
#3564 = DIRECTION('',(1.,0.,0.));
#3565 = DIRECTION('',(0.,0.,1.));
#3566 = ADVANCED_FACE('',(#3567),#3578,.T.);
#3567 = FACE_BOUND('',#3568,.T.);
#3568 = EDGE_LOOP('',(#3569,#3570,#3571,#3577));
#3569 = ORIENTED_EDGE('',*,*,#3556,.T.);
#3570 = ORIENTED_EDGE('',*,*,#3446,.T.);
#3571 = ORIENTED_EDGE('',*,*,#3572,.F.);
#3572 = EDGE_CURVE('',#3315,#3439,#3573,.T.);
#3573 = LINE('',#3574,#3575);
#3574 = CARTESIAN_POINT('',(0.755,-0.4,0.45));
#3575 = VECTOR('',#3576,1.);
#3576 = DIRECTION('',(0.,1.,0.));
#3577 = ORIENTED_EDGE('',*,*,#3322,.F.);
#3578 = CYLINDRICAL_SURFACE('',#3579,4.5E-02);
#3579 = AXIS2_PLACEMENT_3D('',#3580,#3581,#3582);
#3580 = CARTESIAN_POINT('',(0.755,-0.4,0.405));
#3581 = DIRECTION('',(0.,1.,0.));
#3582 = DIRECTION('',(1.,0.,0.));
#3583 = ADVANCED_FACE('',(#3584),#3595,.T.);
#3584 = FACE_BOUND('',#3585,.T.);
#3585 = EDGE_LOOP('',(#3586,#3587,#3593,#3594));
#3586 = ORIENTED_EDGE('',*,*,#3438,.F.);
#3587 = ORIENTED_EDGE('',*,*,#3588,.F.);
#3588 = EDGE_CURVE('',#3306,#3430,#3589,.T.);
#3589 = LINE('',#3590,#3591);
#3590 = CARTESIAN_POINT('',(0.545,-0.4,0.45));
#3591 = VECTOR('',#3592,1.);
#3592 = DIRECTION('',(0.,1.,0.));
#3593 = ORIENTED_EDGE('',*,*,#3314,.T.);
#3594 = ORIENTED_EDGE('',*,*,#3572,.T.);
#3595 = PLANE('',#3596);
#3596 = AXIS2_PLACEMENT_3D('',#3597,#3598,#3599);
#3597 = CARTESIAN_POINT('',(0.5,-0.4,0.45));
#3598 = DIRECTION('',(0.,0.,1.));
#3599 = DIRECTION('',(1.,0.,-0.));
#3600 = ADVANCED_FACE('',(#3601),#3612,.T.);
#3601 = FACE_BOUND('',#3602,.T.);
#3602 = EDGE_LOOP('',(#3603,#3604,#3605,#3606));
#3603 = ORIENTED_EDGE('',*,*,#3305,.T.);
#3604 = ORIENTED_EDGE('',*,*,#3588,.T.);
#3605 = ORIENTED_EDGE('',*,*,#3429,.F.);
#3606 = ORIENTED_EDGE('',*,*,#3607,.F.);
#3607 = EDGE_CURVE('',#3140,#3223,#3608,.T.);
#3608 = LINE('',#3609,#3610);
#3609 = CARTESIAN_POINT('',(0.5,-0.4,0.405));
#3610 = VECTOR('',#3611,1.);
#3611 = DIRECTION('',(0.,1.,0.));
#3612 = CYLINDRICAL_SURFACE('',#3613,4.5E-02);
#3613 = AXIS2_PLACEMENT_3D('',#3614,#3615,#3616);
#3614 = CARTESIAN_POINT('',(0.545,-0.4,0.405));
#3615 = DIRECTION('',(0.,1.,0.));
#3616 = DIRECTION('',(-1.,0.,0.));
#3617 = ADVANCED_FACE('',(#3618),#3629,.T.);
#3618 = FACE_BOUND('',#3619,.T.);
#3619 = EDGE_LOOP('',(#3620,#3621,#3622,#3623));
#3620 = ORIENTED_EDGE('',*,*,#3371,.F.);
#3621 = ORIENTED_EDGE('',*,*,#3607,.T.);
#3622 = ORIENTED_EDGE('',*,*,#3488,.T.);
#3623 = ORIENTED_EDGE('',*,*,#3624,.F.);
#3624 = EDGE_CURVE('',#3364,#3481,#3625,.T.);
#3625 = LINE('',#3626,#3627);
#3626 = CARTESIAN_POINT('',(0.5,-0.4,0.45));
#3627 = VECTOR('',#3628,1.);
#3628 = DIRECTION('',(0.,1.,0.));
#3629 = PLANE('',#3630);
#3630 = AXIS2_PLACEMENT_3D('',#3631,#3632,#3633);
#3631 = CARTESIAN_POINT('',(0.5,-0.4,0.405));
#3632 = DIRECTION('',(1.,0.,0.));
#3633 = DIRECTION('',(0.,0.,1.));
#3634 = ADVANCED_FACE('',(#3635),#3641,.T.);
#3635 = FACE_BOUND('',#3636,.T.);
#3636 = EDGE_LOOP('',(#3637,#3638,#3639,#3640));
#3637 = ORIENTED_EDGE('',*,*,#3395,.F.);
#3638 = ORIENTED_EDGE('',*,*,#3363,.T.);
#3639 = ORIENTED_EDGE('',*,*,#3624,.T.);
#3640 = ORIENTED_EDGE('',*,*,#3480,.F.);
#3641 = PLANE('',#3642);
#3642 = AXIS2_PLACEMENT_3D('',#3643,#3644,#3645);
#3643 = CARTESIAN_POINT('',(-0.5,-0.4,0.45));
#3644 = DIRECTION('',(0.,0.,1.));
#3645 = DIRECTION('',(1.,0.,-0.));
#3646 = ( GEOMETRIC_REPRESENTATION_CONTEXT(3) 
GLOBAL_UNCERTAINTY_ASSIGNED_CONTEXT((#3650)) 
GLOBAL_UNIT_ASSIGNED_CONTEXT((#3647,#3648,#3649)) REPRESENTATION_CONTEXT
('Context #1','3D Context with UNIT and UNCERTAINTY') );
#3647 = ( LENGTH_UNIT() NAMED_UNIT(*) SI_UNIT(.MILLI.,.METRE.) );
#3648 = ( NAMED_UNIT(*) PLANE_ANGLE_UNIT() SI_UNIT($,.RADIAN.) );
#3649 = ( NAMED_UNIT(*) SI_UNIT($,.STERADIAN.) SOLID_ANGLE_UNIT() );
#3650 = UNCERTAINTY_MEASURE_WITH_UNIT(LENGTH_MEASURE(1.E-07),#3647,
  'distance_accuracy_value','confusion accuracy');
#3651 = CONTEXT_DEPENDENT_SHAPE_REPRESENTATION(#3652,#3654);
#3652 = ( REPRESENTATION_RELATIONSHIP('','',#2855,#10) 
REPRESENTATION_RELATIONSHIP_WITH_TRANSFORMATION(#3653) 
SHAPE_REPRESENTATION_RELATIONSHIP() );
#3653 = ITEM_DEFINED_TRANSFORMATION('','',#11,#19);
#3654 = PRODUCT_DEFINITION_SHAPE('Placement','Placement of an item',
  #3655);
#3655 = NEXT_ASSEMBLY_USAGE_OCCURRENCE('2','330ohm','',#5,#2850,$);
#3656 = PRODUCT_RELATED_PRODUCT_CATEGORY('part',$,(#2852));
#3657 = SHAPE_DEFINITION_REPRESENTATION(#3658,#3664);
#3658 = PRODUCT_DEFINITION_SHAPE('','',#3659);
#3659 = PRODUCT_DEFINITION('design','',#3660,#3663);
#3660 = PRODUCT_DEFINITION_FORMATION('','',#3661);
#3661 = PRODUCT('PinHeader_1x02_P2.54mm_Vertical',
  'PinHeader_1x02_P2.54mm_Vertical','',(#3662));
#3662 = PRODUCT_CONTEXT('',#2,'mechanical');
#3663 = PRODUCT_DEFINITION_CONTEXT('part definition',#2,'design');
#3664 = ADVANCED_BREP_SHAPE_REPRESENTATION('',(#11,#3665),#5097);
#3665 = MANIFOLD_SOLID_BREP('',#3666);
#3666 = CLOSED_SHELL('',(#3667,#3707,#3738,#3769,#3934,#4099,#4116,#4133
    ,#4150,#4167,#4184,#4201,#4218,#4235,#4252,#4269,#4281,#4312,#4336,
    #4360,#4377,#4408,#4432,#4456,#4473,#4504,#4528,#4552,#4569,#4600,
    #4624,#4648,#4665,#4696,#4720,#4744,#4761,#4792,#4816,#4840,#4857,
    #4888,#4912,#4936,#4953,#4984,#5008,#5032,#5049,#5061,#5073,#5085));
#3667 = ADVANCED_FACE('',(#3668),#3702,.F.);
#3668 = FACE_BOUND('',#3669,.F.);
#3669 = EDGE_LOOP('',(#3670,#3680,#3688,#3696));
#3670 = ORIENTED_EDGE('',*,*,#3671,.T.);
#3671 = EDGE_CURVE('',#3672,#3674,#3676,.T.);
#3672 = VERTEX_POINT('',#3673);
#3673 = CARTESIAN_POINT('',(-1.016,1.27,0.));
#3674 = VERTEX_POINT('',#3675);
#3675 = CARTESIAN_POINT('',(-1.016,1.27,2.54));
#3676 = LINE('',#3677,#3678);
#3677 = CARTESIAN_POINT('',(-1.016,1.27,0.));
#3678 = VECTOR('',#3679,1.);
#3679 = DIRECTION('',(0.,0.,1.));
#3680 = ORIENTED_EDGE('',*,*,#3681,.T.);
#3681 = EDGE_CURVE('',#3674,#3682,#3684,.T.);
#3682 = VERTEX_POINT('',#3683);
#3683 = CARTESIAN_POINT('',(-1.27,1.016,2.54));
#3684 = LINE('',#3685,#3686);
#3685 = CARTESIAN_POINT('',(-1.016,1.27,2.54));
#3686 = VECTOR('',#3687,1.);
#3687 = DIRECTION('',(-0.707106781187,-0.707106781187,0.));
#3688 = ORIENTED_EDGE('',*,*,#3689,.F.);
#3689 = EDGE_CURVE('',#3690,#3682,#3692,.T.);
#3690 = VERTEX_POINT('',#3691);
#3691 = CARTESIAN_POINT('',(-1.27,1.016,0.));
#3692 = LINE('',#3693,#3694);
#3693 = CARTESIAN_POINT('',(-1.27,1.016,0.));
#3694 = VECTOR('',#3695,1.);
#3695 = DIRECTION('',(0.,0.,1.));
#3696 = ORIENTED_EDGE('',*,*,#3697,.F.);
#3697 = EDGE_CURVE('',#3672,#3690,#3698,.T.);
#3698 = LINE('',#3699,#3700);
#3699 = CARTESIAN_POINT('',(-1.016,1.27,0.));
#3700 = VECTOR('',#3701,1.);
#3701 = DIRECTION('',(-0.707106781187,-0.707106781187,0.));
#3702 = PLANE('',#3703);
#3703 = AXIS2_PLACEMENT_3D('',#3704,#3705,#3706);
#3704 = CARTESIAN_POINT('',(-1.016,1.27,0.));
#3705 = DIRECTION('',(0.707106781187,-0.707106781187,0.));
#3706 = DIRECTION('',(-0.707106781187,-0.707106781187,0.));
#3707 = ADVANCED_FACE('',(#3708),#3733,.F.);
#3708 = FACE_BOUND('',#3709,.F.);
#3709 = EDGE_LOOP('',(#3710,#3720,#3726,#3727));
#3710 = ORIENTED_EDGE('',*,*,#3711,.T.);
#3711 = EDGE_CURVE('',#3712,#3714,#3716,.T.);
#3712 = VERTEX_POINT('',#3713);
#3713 = CARTESIAN_POINT('',(1.016,1.27,0.));
#3714 = VERTEX_POINT('',#3715);
#3715 = CARTESIAN_POINT('',(1.016,1.27,2.54));
#3716 = LINE('',#3717,#3718);
#3717 = CARTESIAN_POINT('',(1.016,1.27,0.));
#3718 = VECTOR('',#3719,1.);
#3719 = DIRECTION('',(0.,0.,1.));
#3720 = ORIENTED_EDGE('',*,*,#3721,.T.);
#3721 = EDGE_CURVE('',#3714,#3674,#3722,.T.);
#3722 = LINE('',#3723,#3724);
#3723 = CARTESIAN_POINT('',(1.016,1.27,2.54));
#3724 = VECTOR('',#3725,1.);
#3725 = DIRECTION('',(-1.,0.,0.));
#3726 = ORIENTED_EDGE('',*,*,#3671,.F.);
#3727 = ORIENTED_EDGE('',*,*,#3728,.F.);
#3728 = EDGE_CURVE('',#3712,#3672,#3729,.T.);
#3729 = LINE('',#3730,#3731);
#3730 = CARTESIAN_POINT('',(1.016,1.27,0.));
#3731 = VECTOR('',#3732,1.);
#3732 = DIRECTION('',(-1.,0.,0.));
#3733 = PLANE('',#3734);
#3734 = AXIS2_PLACEMENT_3D('',#3735,#3736,#3737);
#3735 = CARTESIAN_POINT('',(1.016,1.27,0.));
#3736 = DIRECTION('',(0.,-1.,0.));
#3737 = DIRECTION('',(-1.,0.,0.));
#3738 = ADVANCED_FACE('',(#3739),#3764,.F.);
#3739 = FACE_BOUND('',#3740,.F.);
#3740 = EDGE_LOOP('',(#3741,#3742,#3750,#3758));
#3741 = ORIENTED_EDGE('',*,*,#3689,.T.);
#3742 = ORIENTED_EDGE('',*,*,#3743,.T.);
#3743 = EDGE_CURVE('',#3682,#3744,#3746,.T.);
#3744 = VERTEX_POINT('',#3745);
#3745 = CARTESIAN_POINT('',(-1.27,-1.016,2.54));
#3746 = LINE('',#3747,#3748);
#3747 = CARTESIAN_POINT('',(-1.27,1.016,2.54));
#3748 = VECTOR('',#3749,1.);
#3749 = DIRECTION('',(0.,-1.,0.));
#3750 = ORIENTED_EDGE('',*,*,#3751,.F.);
#3751 = EDGE_CURVE('',#3752,#3744,#3754,.T.);
#3752 = VERTEX_POINT('',#3753);
#3753 = CARTESIAN_POINT('',(-1.27,-1.016,0.));
#3754 = LINE('',#3755,#3756);
#3755 = CARTESIAN_POINT('',(-1.27,-1.016,0.));
#3756 = VECTOR('',#3757,1.);
#3757 = DIRECTION('',(0.,0.,1.));
#3758 = ORIENTED_EDGE('',*,*,#3759,.F.);
#3759 = EDGE_CURVE('',#3690,#3752,#3760,.T.);
#3760 = LINE('',#3761,#3762);
#3761 = CARTESIAN_POINT('',(-1.27,1.016,0.));
#3762 = VECTOR('',#3763,1.);
#3763 = DIRECTION('',(0.,-1.,0.));
#3764 = PLANE('',#3765);
#3765 = AXIS2_PLACEMENT_3D('',#3766,#3767,#3768);
#3766 = CARTESIAN_POINT('',(-1.27,1.016,0.));
#3767 = DIRECTION('',(1.,0.,0.));
#3768 = DIRECTION('',(0.,-1.,0.));
#3769 = ADVANCED_FACE('',(#3770,#3861,#3895),#3929,.F.);
#3770 = FACE_BOUND('',#3771,.F.);
#3771 = EDGE_LOOP('',(#3772,#3773,#3774,#3782,#3790,#3798,#3806,#3814,
    #3822,#3830,#3838,#3846,#3854,#3860));
#3772 = ORIENTED_EDGE('',*,*,#3697,.T.);
#3773 = ORIENTED_EDGE('',*,*,#3759,.T.);
#3774 = ORIENTED_EDGE('',*,*,#3775,.T.);
#3775 = EDGE_CURVE('',#3752,#3776,#3778,.T.);
#3776 = VERTEX_POINT('',#3777);
#3777 = CARTESIAN_POINT('',(-1.016,-1.27,0.));
#3778 = LINE('',#3779,#3780);
#3779 = CARTESIAN_POINT('',(-1.27,-1.016,0.));
#3780 = VECTOR('',#3781,1.);
#3781 = DIRECTION('',(0.707106781187,-0.707106781187,0.));
#3782 = ORIENTED_EDGE('',*,*,#3783,.T.);
#3783 = EDGE_CURVE('',#3776,#3784,#3786,.T.);
#3784 = VERTEX_POINT('',#3785);
#3785 = CARTESIAN_POINT('',(-1.27,-1.524,0.));
#3786 = LINE('',#3787,#3788);
#3787 = CARTESIAN_POINT('',(-1.016,-1.27,0.));
#3788 = VECTOR('',#3789,1.);
#3789 = DIRECTION('',(-0.707106781187,-0.707106781187,0.));
#3790 = ORIENTED_EDGE('',*,*,#3791,.T.);
#3791 = EDGE_CURVE('',#3784,#3792,#3794,.T.);
#3792 = VERTEX_POINT('',#3793);
#3793 = CARTESIAN_POINT('',(-1.27,-3.556,0.));
#3794 = LINE('',#3795,#3796);
#3795 = CARTESIAN_POINT('',(-1.27,-1.524,0.));
#3796 = VECTOR('',#3797,1.);
#3797 = DIRECTION('',(0.,-1.,0.));
#3798 = ORIENTED_EDGE('',*,*,#3799,.T.);
#3799 = EDGE_CURVE('',#3792,#3800,#3802,.T.);
#3800 = VERTEX_POINT('',#3801);
#3801 = CARTESIAN_POINT('',(-1.016,-3.81,0.));
#3802 = LINE('',#3803,#3804);
#3803 = CARTESIAN_POINT('',(-1.27,-3.556,0.));
#3804 = VECTOR('',#3805,1.);
#3805 = DIRECTION('',(0.707106781187,-0.707106781187,0.));
#3806 = ORIENTED_EDGE('',*,*,#3807,.T.);
#3807 = EDGE_CURVE('',#3800,#3808,#3810,.T.);
#3808 = VERTEX_POINT('',#3809);
#3809 = CARTESIAN_POINT('',(1.016,-3.81,0.));
#3810 = LINE('',#3811,#3812);
#3811 = CARTESIAN_POINT('',(-1.016,-3.81,0.));
#3812 = VECTOR('',#3813,1.);
#3813 = DIRECTION('',(1.,0.,0.));
#3814 = ORIENTED_EDGE('',*,*,#3815,.T.);
#3815 = EDGE_CURVE('',#3808,#3816,#3818,.T.);
#3816 = VERTEX_POINT('',#3817);
#3817 = CARTESIAN_POINT('',(1.27,-3.556,0.));
#3818 = LINE('',#3819,#3820);
#3819 = CARTESIAN_POINT('',(1.016,-3.81,0.));
#3820 = VECTOR('',#3821,1.);
#3821 = DIRECTION('',(0.707106781187,0.707106781187,0.));
#3822 = ORIENTED_EDGE('',*,*,#3823,.T.);
#3823 = EDGE_CURVE('',#3816,#3824,#3826,.T.);
#3824 = VERTEX_POINT('',#3825);
#3825 = CARTESIAN_POINT('',(1.27,-1.524,0.));
#3826 = LINE('',#3827,#3828);
#3827 = CARTESIAN_POINT('',(1.27,-3.556,0.));
#3828 = VECTOR('',#3829,1.);
#3829 = DIRECTION('',(0.,1.,0.));
#3830 = ORIENTED_EDGE('',*,*,#3831,.T.);
#3831 = EDGE_CURVE('',#3824,#3832,#3834,.T.);
#3832 = VERTEX_POINT('',#3833);
#3833 = CARTESIAN_POINT('',(1.016,-1.27,0.));
#3834 = LINE('',#3835,#3836);
#3835 = CARTESIAN_POINT('',(1.27,-1.524,0.));
#3836 = VECTOR('',#3837,1.);
#3837 = DIRECTION('',(-0.707106781187,0.707106781187,0.));
#3838 = ORIENTED_EDGE('',*,*,#3839,.T.);
#3839 = EDGE_CURVE('',#3832,#3840,#3842,.T.);
#3840 = VERTEX_POINT('',#3841);
#3841 = CARTESIAN_POINT('',(1.27,-1.016,0.));
#3842 = LINE('',#3843,#3844);
#3843 = CARTESIAN_POINT('',(1.016,-1.27,0.));
#3844 = VECTOR('',#3845,1.);
#3845 = DIRECTION('',(0.707106781187,0.707106781187,0.));
#3846 = ORIENTED_EDGE('',*,*,#3847,.T.);
#3847 = EDGE_CURVE('',#3840,#3848,#3850,.T.);
#3848 = VERTEX_POINT('',#3849);
#3849 = CARTESIAN_POINT('',(1.27,1.016,0.));
#3850 = LINE('',#3851,#3852);
#3851 = CARTESIAN_POINT('',(1.27,-1.016,0.));
#3852 = VECTOR('',#3853,1.);
#3853 = DIRECTION('',(0.,1.,0.));
#3854 = ORIENTED_EDGE('',*,*,#3855,.T.);
#3855 = EDGE_CURVE('',#3848,#3712,#3856,.T.);
#3856 = LINE('',#3857,#3858);
#3857 = CARTESIAN_POINT('',(1.27,1.016,0.));
#3858 = VECTOR('',#3859,1.);
#3859 = DIRECTION('',(-0.707106781187,0.707106781187,0.));
#3860 = ORIENTED_EDGE('',*,*,#3728,.T.);
#3861 = FACE_BOUND('',#3862,.F.);
#3862 = EDGE_LOOP('',(#3863,#3873,#3881,#3889));
#3863 = ORIENTED_EDGE('',*,*,#3864,.T.);
#3864 = EDGE_CURVE('',#3865,#3867,#3869,.T.);
#3865 = VERTEX_POINT('',#3866);
#3866 = CARTESIAN_POINT('',(0.32,-0.32,0.));
#3867 = VERTEX_POINT('',#3868);
#3868 = CARTESIAN_POINT('',(-0.32,-0.32,0.));
#3869 = LINE('',#3870,#3871);
#3870 = CARTESIAN_POINT('',(-0.16,-0.32,0.));
#3871 = VECTOR('',#3872,1.);
#3872 = DIRECTION('',(-1.,0.,0.));
#3873 = ORIENTED_EDGE('',*,*,#3874,.T.);
#3874 = EDGE_CURVE('',#3867,#3875,#3877,.T.);
#3875 = VERTEX_POINT('',#3876);
#3876 = CARTESIAN_POINT('',(-0.32,0.32,0.));
#3877 = LINE('',#3878,#3879);
#3878 = CARTESIAN_POINT('',(-0.32,-0.795,0.));
#3879 = VECTOR('',#3880,1.);
#3880 = DIRECTION('',(0.,1.,0.));
#3881 = ORIENTED_EDGE('',*,*,#3882,.F.);
#3882 = EDGE_CURVE('',#3883,#3875,#3885,.T.);
#3883 = VERTEX_POINT('',#3884);
#3884 = CARTESIAN_POINT('',(0.32,0.32,0.));
#3885 = LINE('',#3886,#3887);
#3886 = CARTESIAN_POINT('',(-0.16,0.32,0.));
#3887 = VECTOR('',#3888,1.);
#3888 = DIRECTION('',(-1.,0.,0.));
#3889 = ORIENTED_EDGE('',*,*,#3890,.F.);
#3890 = EDGE_CURVE('',#3865,#3883,#3891,.T.);
#3891 = LINE('',#3892,#3893);
#3892 = CARTESIAN_POINT('',(0.32,-0.795,0.));
#3893 = VECTOR('',#3894,1.);
#3894 = DIRECTION('',(0.,1.,0.));
#3895 = FACE_BOUND('',#3896,.F.);
#3896 = EDGE_LOOP('',(#3897,#3907,#3915,#3923));
#3897 = ORIENTED_EDGE('',*,*,#3898,.T.);
#3898 = EDGE_CURVE('',#3899,#3901,#3903,.T.);
#3899 = VERTEX_POINT('',#3900);
#3900 = CARTESIAN_POINT('',(0.32,-2.86,0.));
#3901 = VERTEX_POINT('',#3902);
#3902 = CARTESIAN_POINT('',(-0.32,-2.86,0.));
#3903 = LINE('',#3904,#3905);
#3904 = CARTESIAN_POINT('',(-0.16,-2.86,0.));
#3905 = VECTOR('',#3906,1.);
#3906 = DIRECTION('',(-1.,0.,0.));
#3907 = ORIENTED_EDGE('',*,*,#3908,.T.);
#3908 = EDGE_CURVE('',#3901,#3909,#3911,.T.);
#3909 = VERTEX_POINT('',#3910);
#3910 = CARTESIAN_POINT('',(-0.32,-2.22,0.));
#3911 = LINE('',#3912,#3913);
#3912 = CARTESIAN_POINT('',(-0.32,-2.065,0.));
#3913 = VECTOR('',#3914,1.);
#3914 = DIRECTION('',(0.,1.,0.));
#3915 = ORIENTED_EDGE('',*,*,#3916,.F.);
#3916 = EDGE_CURVE('',#3917,#3909,#3919,.T.);
#3917 = VERTEX_POINT('',#3918);
#3918 = CARTESIAN_POINT('',(0.32,-2.22,0.));
#3919 = LINE('',#3920,#3921);
#3920 = CARTESIAN_POINT('',(-0.16,-2.22,0.));
#3921 = VECTOR('',#3922,1.);
#3922 = DIRECTION('',(-1.,0.,0.));
#3923 = ORIENTED_EDGE('',*,*,#3924,.F.);
#3924 = EDGE_CURVE('',#3899,#3917,#3925,.T.);
#3925 = LINE('',#3926,#3927);
#3926 = CARTESIAN_POINT('',(0.32,-2.065,0.));
#3927 = VECTOR('',#3928,1.);
#3928 = DIRECTION('',(0.,1.,0.));
#3929 = PLANE('',#3930);
#3930 = AXIS2_PLACEMENT_3D('',#3931,#3932,#3933);
#3931 = CARTESIAN_POINT('',(1.473843703412E-17,-1.27,0.));
#3932 = DIRECTION('',(0.,0.,1.));
#3933 = DIRECTION('',(1.,0.,-0.));
#3934 = ADVANCED_FACE('',(#3935,#4026,#4060),#4094,.T.);
#3935 = FACE_BOUND('',#3936,.T.);
#3936 = EDGE_LOOP('',(#3937,#3938,#3939,#3947,#3955,#3963,#3971,#3979,
    #3987,#3995,#4003,#4011,#4019,#4025));
#3937 = ORIENTED_EDGE('',*,*,#3681,.T.);
#3938 = ORIENTED_EDGE('',*,*,#3743,.T.);
#3939 = ORIENTED_EDGE('',*,*,#3940,.T.);
#3940 = EDGE_CURVE('',#3744,#3941,#3943,.T.);
#3941 = VERTEX_POINT('',#3942);
#3942 = CARTESIAN_POINT('',(-1.016,-1.27,2.54));
#3943 = LINE('',#3944,#3945);
#3944 = CARTESIAN_POINT('',(-1.27,-1.016,2.54));
#3945 = VECTOR('',#3946,1.);
#3946 = DIRECTION('',(0.707106781187,-0.707106781187,0.));
#3947 = ORIENTED_EDGE('',*,*,#3948,.T.);
#3948 = EDGE_CURVE('',#3941,#3949,#3951,.T.);
#3949 = VERTEX_POINT('',#3950);
#3950 = CARTESIAN_POINT('',(-1.27,-1.524,2.54));
#3951 = LINE('',#3952,#3953);
#3952 = CARTESIAN_POINT('',(-1.016,-1.27,2.54));
#3953 = VECTOR('',#3954,1.);
#3954 = DIRECTION('',(-0.707106781187,-0.707106781187,0.));
#3955 = ORIENTED_EDGE('',*,*,#3956,.T.);
#3956 = EDGE_CURVE('',#3949,#3957,#3959,.T.);
#3957 = VERTEX_POINT('',#3958);
#3958 = CARTESIAN_POINT('',(-1.27,-3.556,2.54));
#3959 = LINE('',#3960,#3961);
#3960 = CARTESIAN_POINT('',(-1.27,-1.524,2.54));
#3961 = VECTOR('',#3962,1.);
#3962 = DIRECTION('',(0.,-1.,0.));
#3963 = ORIENTED_EDGE('',*,*,#3964,.T.);
#3964 = EDGE_CURVE('',#3957,#3965,#3967,.T.);
#3965 = VERTEX_POINT('',#3966);
#3966 = CARTESIAN_POINT('',(-1.016,-3.81,2.54));
#3967 = LINE('',#3968,#3969);
#3968 = CARTESIAN_POINT('',(-1.27,-3.556,2.54));
#3969 = VECTOR('',#3970,1.);
#3970 = DIRECTION('',(0.707106781187,-0.707106781187,0.));
#3971 = ORIENTED_EDGE('',*,*,#3972,.T.);
#3972 = EDGE_CURVE('',#3965,#3973,#3975,.T.);
#3973 = VERTEX_POINT('',#3974);
#3974 = CARTESIAN_POINT('',(1.016,-3.81,2.54));
#3975 = LINE('',#3976,#3977);
#3976 = CARTESIAN_POINT('',(-1.016,-3.81,2.54));
#3977 = VECTOR('',#3978,1.);
#3978 = DIRECTION('',(1.,0.,0.));
#3979 = ORIENTED_EDGE('',*,*,#3980,.T.);
#3980 = EDGE_CURVE('',#3973,#3981,#3983,.T.);
#3981 = VERTEX_POINT('',#3982);
#3982 = CARTESIAN_POINT('',(1.27,-3.556,2.54));
#3983 = LINE('',#3984,#3985);
#3984 = CARTESIAN_POINT('',(1.016,-3.81,2.54));
#3985 = VECTOR('',#3986,1.);
#3986 = DIRECTION('',(0.707106781187,0.707106781187,0.));
#3987 = ORIENTED_EDGE('',*,*,#3988,.T.);
#3988 = EDGE_CURVE('',#3981,#3989,#3991,.T.);
#3989 = VERTEX_POINT('',#3990);
#3990 = CARTESIAN_POINT('',(1.27,-1.524,2.54));
#3991 = LINE('',#3992,#3993);
#3992 = CARTESIAN_POINT('',(1.27,-3.556,2.54));
#3993 = VECTOR('',#3994,1.);
#3994 = DIRECTION('',(0.,1.,0.));
#3995 = ORIENTED_EDGE('',*,*,#3996,.T.);
#3996 = EDGE_CURVE('',#3989,#3997,#3999,.T.);
#3997 = VERTEX_POINT('',#3998);
#3998 = CARTESIAN_POINT('',(1.016,-1.27,2.54));
#3999 = LINE('',#4000,#4001);
#4000 = CARTESIAN_POINT('',(1.27,-1.524,2.54));
#4001 = VECTOR('',#4002,1.);
#4002 = DIRECTION('',(-0.707106781187,0.707106781187,0.));
#4003 = ORIENTED_EDGE('',*,*,#4004,.T.);
#4004 = EDGE_CURVE('',#3997,#4005,#4007,.T.);
#4005 = VERTEX_POINT('',#4006);
#4006 = CARTESIAN_POINT('',(1.27,-1.016,2.54));
#4007 = LINE('',#4008,#4009);
#4008 = CARTESIAN_POINT('',(1.016,-1.27,2.54));
#4009 = VECTOR('',#4010,1.);
#4010 = DIRECTION('',(0.707106781187,0.707106781187,0.));
#4011 = ORIENTED_EDGE('',*,*,#4012,.T.);
#4012 = EDGE_CURVE('',#4005,#4013,#4015,.T.);
#4013 = VERTEX_POINT('',#4014);
#4014 = CARTESIAN_POINT('',(1.27,1.016,2.54));
#4015 = LINE('',#4016,#4017);
#4016 = CARTESIAN_POINT('',(1.27,-1.016,2.54));
#4017 = VECTOR('',#4018,1.);
#4018 = DIRECTION('',(0.,1.,0.));
#4019 = ORIENTED_EDGE('',*,*,#4020,.T.);
#4020 = EDGE_CURVE('',#4013,#3714,#4021,.T.);
#4021 = LINE('',#4022,#4023);
#4022 = CARTESIAN_POINT('',(1.27,1.016,2.54));
#4023 = VECTOR('',#4024,1.);
#4024 = DIRECTION('',(-0.707106781187,0.707106781187,0.));
#4025 = ORIENTED_EDGE('',*,*,#3721,.T.);
#4026 = FACE_BOUND('',#4027,.T.);
#4027 = EDGE_LOOP('',(#4028,#4038,#4046,#4054));
#4028 = ORIENTED_EDGE('',*,*,#4029,.T.);
#4029 = EDGE_CURVE('',#4030,#4032,#4034,.T.);
#4030 = VERTEX_POINT('',#4031);
#4031 = CARTESIAN_POINT('',(0.32,-0.32,2.54));
#4032 = VERTEX_POINT('',#4033);
#4033 = CARTESIAN_POINT('',(-0.32,-0.32,2.54));
#4034 = LINE('',#4035,#4036);
#4035 = CARTESIAN_POINT('',(-0.16,-0.32,2.54));
#4036 = VECTOR('',#4037,1.);
#4037 = DIRECTION('',(-1.,0.,0.));
#4038 = ORIENTED_EDGE('',*,*,#4039,.T.);
#4039 = EDGE_CURVE('',#4032,#4040,#4042,.T.);
#4040 = VERTEX_POINT('',#4041);
#4041 = CARTESIAN_POINT('',(-0.32,0.32,2.54));
#4042 = LINE('',#4043,#4044);
#4043 = CARTESIAN_POINT('',(-0.32,-0.795,2.54));
#4044 = VECTOR('',#4045,1.);
#4045 = DIRECTION('',(0.,1.,0.));
#4046 = ORIENTED_EDGE('',*,*,#4047,.F.);
#4047 = EDGE_CURVE('',#4048,#4040,#4050,.T.);
#4048 = VERTEX_POINT('',#4049);
#4049 = CARTESIAN_POINT('',(0.32,0.32,2.54));
#4050 = LINE('',#4051,#4052);
#4051 = CARTESIAN_POINT('',(-0.16,0.32,2.54));
#4052 = VECTOR('',#4053,1.);
#4053 = DIRECTION('',(-1.,0.,0.));
#4054 = ORIENTED_EDGE('',*,*,#4055,.F.);
#4055 = EDGE_CURVE('',#4030,#4048,#4056,.T.);
#4056 = LINE('',#4057,#4058);
#4057 = CARTESIAN_POINT('',(0.32,-0.795,2.54));
#4058 = VECTOR('',#4059,1.);
#4059 = DIRECTION('',(0.,1.,0.));
#4060 = FACE_BOUND('',#4061,.T.);
#4061 = EDGE_LOOP('',(#4062,#4072,#4080,#4088));
#4062 = ORIENTED_EDGE('',*,*,#4063,.T.);
#4063 = EDGE_CURVE('',#4064,#4066,#4068,.T.);
#4064 = VERTEX_POINT('',#4065);
#4065 = CARTESIAN_POINT('',(0.32,-2.86,2.54));
#4066 = VERTEX_POINT('',#4067);
#4067 = CARTESIAN_POINT('',(-0.32,-2.86,2.54));
#4068 = LINE('',#4069,#4070);
#4069 = CARTESIAN_POINT('',(-0.16,-2.86,2.54));
#4070 = VECTOR('',#4071,1.);
#4071 = DIRECTION('',(-1.,0.,0.));
#4072 = ORIENTED_EDGE('',*,*,#4073,.T.);
#4073 = EDGE_CURVE('',#4066,#4074,#4076,.T.);
#4074 = VERTEX_POINT('',#4075);
#4075 = CARTESIAN_POINT('',(-0.32,-2.22,2.54));
#4076 = LINE('',#4077,#4078);
#4077 = CARTESIAN_POINT('',(-0.32,-2.065,2.54));
#4078 = VECTOR('',#4079,1.);
#4079 = DIRECTION('',(0.,1.,0.));
#4080 = ORIENTED_EDGE('',*,*,#4081,.F.);
#4081 = EDGE_CURVE('',#4082,#4074,#4084,.T.);
#4082 = VERTEX_POINT('',#4083);
#4083 = CARTESIAN_POINT('',(0.32,-2.22,2.54));
#4084 = LINE('',#4085,#4086);
#4085 = CARTESIAN_POINT('',(-0.16,-2.22,2.54));
#4086 = VECTOR('',#4087,1.);
#4087 = DIRECTION('',(-1.,0.,0.));
#4088 = ORIENTED_EDGE('',*,*,#4089,.F.);
#4089 = EDGE_CURVE('',#4064,#4082,#4090,.T.);
#4090 = LINE('',#4091,#4092);
#4091 = CARTESIAN_POINT('',(0.32,-2.065,2.54));
#4092 = VECTOR('',#4093,1.);
#4093 = DIRECTION('',(0.,1.,0.));
#4094 = PLANE('',#4095);
#4095 = AXIS2_PLACEMENT_3D('',#4096,#4097,#4098);
#4096 = CARTESIAN_POINT('',(1.473843703412E-17,-1.27,2.54));
#4097 = DIRECTION('',(0.,0.,1.));
#4098 = DIRECTION('',(1.,0.,-0.));
#4099 = ADVANCED_FACE('',(#4100),#4111,.F.);
#4100 = FACE_BOUND('',#4101,.F.);
#4101 = EDGE_LOOP('',(#4102,#4108,#4109,#4110));
#4102 = ORIENTED_EDGE('',*,*,#4103,.T.);
#4103 = EDGE_CURVE('',#3848,#4013,#4104,.T.);
#4104 = LINE('',#4105,#4106);
#4105 = CARTESIAN_POINT('',(1.27,1.016,0.));
#4106 = VECTOR('',#4107,1.);
#4107 = DIRECTION('',(0.,0.,1.));
#4108 = ORIENTED_EDGE('',*,*,#4020,.T.);
#4109 = ORIENTED_EDGE('',*,*,#3711,.F.);
#4110 = ORIENTED_EDGE('',*,*,#3855,.F.);
#4111 = PLANE('',#4112);
#4112 = AXIS2_PLACEMENT_3D('',#4113,#4114,#4115);
#4113 = CARTESIAN_POINT('',(1.27,1.016,0.));
#4114 = DIRECTION('',(-0.707106781187,-0.707106781187,0.));
#4115 = DIRECTION('',(-0.707106781187,0.707106781187,0.));
#4116 = ADVANCED_FACE('',(#4117),#4128,.F.);
#4117 = FACE_BOUND('',#4118,.F.);
#4118 = EDGE_LOOP('',(#4119,#4120,#4121,#4127));
#4119 = ORIENTED_EDGE('',*,*,#3751,.T.);
#4120 = ORIENTED_EDGE('',*,*,#3940,.T.);
#4121 = ORIENTED_EDGE('',*,*,#4122,.F.);
#4122 = EDGE_CURVE('',#3776,#3941,#4123,.T.);
#4123 = LINE('',#4124,#4125);
#4124 = CARTESIAN_POINT('',(-1.016,-1.27,0.));
#4125 = VECTOR('',#4126,1.);
#4126 = DIRECTION('',(0.,0.,1.));
#4127 = ORIENTED_EDGE('',*,*,#3775,.F.);
#4128 = PLANE('',#4129);
#4129 = AXIS2_PLACEMENT_3D('',#4130,#4131,#4132);
#4130 = CARTESIAN_POINT('',(-1.27,-1.016,0.));
#4131 = DIRECTION('',(0.707106781187,0.707106781187,0.));
#4132 = DIRECTION('',(0.707106781187,-0.707106781187,0.));
#4133 = ADVANCED_FACE('',(#4134),#4145,.F.);
#4134 = FACE_BOUND('',#4135,.F.);
#4135 = EDGE_LOOP('',(#4136,#4142,#4143,#4144));
#4136 = ORIENTED_EDGE('',*,*,#4137,.T.);
#4137 = EDGE_CURVE('',#3840,#4005,#4138,.T.);
#4138 = LINE('',#4139,#4140);
#4139 = CARTESIAN_POINT('',(1.27,-1.016,0.));
#4140 = VECTOR('',#4141,1.);
#4141 = DIRECTION('',(0.,0.,1.));
#4142 = ORIENTED_EDGE('',*,*,#4012,.T.);
#4143 = ORIENTED_EDGE('',*,*,#4103,.F.);
#4144 = ORIENTED_EDGE('',*,*,#3847,.F.);
#4145 = PLANE('',#4146);
#4146 = AXIS2_PLACEMENT_3D('',#4147,#4148,#4149);
#4147 = CARTESIAN_POINT('',(1.27,-1.016,0.));
#4148 = DIRECTION('',(-1.,0.,0.));
#4149 = DIRECTION('',(0.,1.,0.));
#4150 = ADVANCED_FACE('',(#4151),#4162,.F.);
#4151 = FACE_BOUND('',#4152,.F.);
#4152 = EDGE_LOOP('',(#4153,#4154,#4155,#4161));
#4153 = ORIENTED_EDGE('',*,*,#4122,.T.);
#4154 = ORIENTED_EDGE('',*,*,#3948,.T.);
#4155 = ORIENTED_EDGE('',*,*,#4156,.F.);
#4156 = EDGE_CURVE('',#3784,#3949,#4157,.T.);
#4157 = LINE('',#4158,#4159);
#4158 = CARTESIAN_POINT('',(-1.27,-1.524,0.));
#4159 = VECTOR('',#4160,1.);
#4160 = DIRECTION('',(0.,0.,1.));
#4161 = ORIENTED_EDGE('',*,*,#3783,.F.);
#4162 = PLANE('',#4163);
#4163 = AXIS2_PLACEMENT_3D('',#4164,#4165,#4166);
#4164 = CARTESIAN_POINT('',(-1.016,-1.27,0.));
#4165 = DIRECTION('',(0.707106781187,-0.707106781187,0.));
#4166 = DIRECTION('',(-0.707106781187,-0.707106781187,0.));
#4167 = ADVANCED_FACE('',(#4168),#4179,.F.);
#4168 = FACE_BOUND('',#4169,.F.);
#4169 = EDGE_LOOP('',(#4170,#4176,#4177,#4178));
#4170 = ORIENTED_EDGE('',*,*,#4171,.T.);
#4171 = EDGE_CURVE('',#3832,#3997,#4172,.T.);
#4172 = LINE('',#4173,#4174);
#4173 = CARTESIAN_POINT('',(1.016,-1.27,0.));
#4174 = VECTOR('',#4175,1.);
#4175 = DIRECTION('',(0.,0.,1.));
#4176 = ORIENTED_EDGE('',*,*,#4004,.T.);
#4177 = ORIENTED_EDGE('',*,*,#4137,.F.);
#4178 = ORIENTED_EDGE('',*,*,#3839,.F.);
#4179 = PLANE('',#4180);
#4180 = AXIS2_PLACEMENT_3D('',#4181,#4182,#4183);
#4181 = CARTESIAN_POINT('',(1.016,-1.27,0.));
#4182 = DIRECTION('',(-0.707106781187,0.707106781187,0.));
#4183 = DIRECTION('',(0.707106781187,0.707106781187,0.));
#4184 = ADVANCED_FACE('',(#4185),#4196,.F.);
#4185 = FACE_BOUND('',#4186,.F.);
#4186 = EDGE_LOOP('',(#4187,#4188,#4189,#4195));
#4187 = ORIENTED_EDGE('',*,*,#4156,.T.);
#4188 = ORIENTED_EDGE('',*,*,#3956,.T.);
#4189 = ORIENTED_EDGE('',*,*,#4190,.F.);
#4190 = EDGE_CURVE('',#3792,#3957,#4191,.T.);
#4191 = LINE('',#4192,#4193);
#4192 = CARTESIAN_POINT('',(-1.27,-3.556,0.));
#4193 = VECTOR('',#4194,1.);
#4194 = DIRECTION('',(0.,0.,1.));
#4195 = ORIENTED_EDGE('',*,*,#3791,.F.);
#4196 = PLANE('',#4197);
#4197 = AXIS2_PLACEMENT_3D('',#4198,#4199,#4200);
#4198 = CARTESIAN_POINT('',(-1.27,-1.524,0.));
#4199 = DIRECTION('',(1.,0.,0.));
#4200 = DIRECTION('',(0.,-1.,0.));
#4201 = ADVANCED_FACE('',(#4202),#4213,.F.);
#4202 = FACE_BOUND('',#4203,.F.);
#4203 = EDGE_LOOP('',(#4204,#4210,#4211,#4212));
#4204 = ORIENTED_EDGE('',*,*,#4205,.T.);
#4205 = EDGE_CURVE('',#3824,#3989,#4206,.T.);
#4206 = LINE('',#4207,#4208);
#4207 = CARTESIAN_POINT('',(1.27,-1.524,0.));
#4208 = VECTOR('',#4209,1.);
#4209 = DIRECTION('',(0.,0.,1.));
#4210 = ORIENTED_EDGE('',*,*,#3996,.T.);
#4211 = ORIENTED_EDGE('',*,*,#4171,.F.);
#4212 = ORIENTED_EDGE('',*,*,#3831,.F.);
#4213 = PLANE('',#4214);
#4214 = AXIS2_PLACEMENT_3D('',#4215,#4216,#4217);
#4215 = CARTESIAN_POINT('',(1.27,-1.524,0.));
#4216 = DIRECTION('',(-0.707106781187,-0.707106781187,0.));
#4217 = DIRECTION('',(-0.707106781187,0.707106781187,0.));
#4218 = ADVANCED_FACE('',(#4219),#4230,.F.);
#4219 = FACE_BOUND('',#4220,.F.);
#4220 = EDGE_LOOP('',(#4221,#4222,#4223,#4229));
#4221 = ORIENTED_EDGE('',*,*,#4190,.T.);
#4222 = ORIENTED_EDGE('',*,*,#3964,.T.);
#4223 = ORIENTED_EDGE('',*,*,#4224,.F.);
#4224 = EDGE_CURVE('',#3800,#3965,#4225,.T.);
#4225 = LINE('',#4226,#4227);
#4226 = CARTESIAN_POINT('',(-1.016,-3.81,0.));
#4227 = VECTOR('',#4228,1.);
#4228 = DIRECTION('',(0.,0.,1.));
#4229 = ORIENTED_EDGE('',*,*,#3799,.F.);
#4230 = PLANE('',#4231);
#4231 = AXIS2_PLACEMENT_3D('',#4232,#4233,#4234);
#4232 = CARTESIAN_POINT('',(-1.27,-3.556,0.));
#4233 = DIRECTION('',(0.707106781187,0.707106781187,0.));
#4234 = DIRECTION('',(0.707106781187,-0.707106781187,0.));
#4235 = ADVANCED_FACE('',(#4236),#4247,.F.);
#4236 = FACE_BOUND('',#4237,.F.);
#4237 = EDGE_LOOP('',(#4238,#4244,#4245,#4246));
#4238 = ORIENTED_EDGE('',*,*,#4239,.T.);
#4239 = EDGE_CURVE('',#3816,#3981,#4240,.T.);
#4240 = LINE('',#4241,#4242);
#4241 = CARTESIAN_POINT('',(1.27,-3.556,0.));
#4242 = VECTOR('',#4243,1.);
#4243 = DIRECTION('',(0.,0.,1.));
#4244 = ORIENTED_EDGE('',*,*,#3988,.T.);
#4245 = ORIENTED_EDGE('',*,*,#4205,.F.);
#4246 = ORIENTED_EDGE('',*,*,#3823,.F.);
#4247 = PLANE('',#4248);
#4248 = AXIS2_PLACEMENT_3D('',#4249,#4250,#4251);
#4249 = CARTESIAN_POINT('',(1.27,-3.556,0.));
#4250 = DIRECTION('',(-1.,0.,0.));
#4251 = DIRECTION('',(0.,1.,0.));
#4252 = ADVANCED_FACE('',(#4253),#4264,.F.);
#4253 = FACE_BOUND('',#4254,.F.);
#4254 = EDGE_LOOP('',(#4255,#4256,#4257,#4263));
#4255 = ORIENTED_EDGE('',*,*,#4224,.T.);
#4256 = ORIENTED_EDGE('',*,*,#3972,.T.);
#4257 = ORIENTED_EDGE('',*,*,#4258,.F.);
#4258 = EDGE_CURVE('',#3808,#3973,#4259,.T.);
#4259 = LINE('',#4260,#4261);
#4260 = CARTESIAN_POINT('',(1.016,-3.81,0.));
#4261 = VECTOR('',#4262,1.);
#4262 = DIRECTION('',(0.,0.,1.));
#4263 = ORIENTED_EDGE('',*,*,#3807,.F.);
#4264 = PLANE('',#4265);
#4265 = AXIS2_PLACEMENT_3D('',#4266,#4267,#4268);
#4266 = CARTESIAN_POINT('',(-1.016,-3.81,0.));
#4267 = DIRECTION('',(0.,1.,0.));
#4268 = DIRECTION('',(1.,0.,0.));
#4269 = ADVANCED_FACE('',(#4270),#4276,.F.);
#4270 = FACE_BOUND('',#4271,.F.);
#4271 = EDGE_LOOP('',(#4272,#4273,#4274,#4275));
#4272 = ORIENTED_EDGE('',*,*,#4258,.T.);
#4273 = ORIENTED_EDGE('',*,*,#3980,.T.);
#4274 = ORIENTED_EDGE('',*,*,#4239,.F.);
#4275 = ORIENTED_EDGE('',*,*,#3815,.F.);
#4276 = PLANE('',#4277);
#4277 = AXIS2_PLACEMENT_3D('',#4278,#4279,#4280);
#4278 = CARTESIAN_POINT('',(1.016,-3.81,0.));
#4279 = DIRECTION('',(-0.707106781187,0.707106781187,0.));
#4280 = DIRECTION('',(0.707106781187,0.707106781187,0.));
#4281 = ADVANCED_FACE('',(#4282),#4307,.F.);
#4282 = FACE_BOUND('',#4283,.F.);
#4283 = EDGE_LOOP('',(#4284,#4292,#4300,#4306));
#4284 = ORIENTED_EDGE('',*,*,#4285,.F.);
#4285 = EDGE_CURVE('',#4286,#3865,#4288,.T.);
#4286 = VERTEX_POINT('',#4287);
#4287 = CARTESIAN_POINT('',(0.32,-0.32,-2.84));
#4288 = LINE('',#4289,#4290);
#4289 = CARTESIAN_POINT('',(0.32,-0.32,-3.));
#4290 = VECTOR('',#4291,1.);
#4291 = DIRECTION('',(0.,0.,1.));
#4292 = ORIENTED_EDGE('',*,*,#4293,.F.);
#4293 = EDGE_CURVE('',#4294,#4286,#4296,.T.);
#4294 = VERTEX_POINT('',#4295);
#4295 = CARTESIAN_POINT('',(-0.32,-0.32,-2.84));
#4296 = LINE('',#4297,#4298);
#4297 = CARTESIAN_POINT('',(-0.32,-0.32,-2.84));
#4298 = VECTOR('',#4299,1.);
#4299 = DIRECTION('',(1.,0.,0.));
#4300 = ORIENTED_EDGE('',*,*,#4301,.T.);
#4301 = EDGE_CURVE('',#4294,#3867,#4302,.T.);
#4302 = LINE('',#4303,#4304);
#4303 = CARTESIAN_POINT('',(-0.32,-0.32,-3.));
#4304 = VECTOR('',#4305,1.);
#4305 = DIRECTION('',(0.,0.,1.));
#4306 = ORIENTED_EDGE('',*,*,#3864,.F.);
#4307 = PLANE('',#4308);
#4308 = AXIS2_PLACEMENT_3D('',#4309,#4310,#4311);
#4309 = CARTESIAN_POINT('',(-0.32,-0.32,-3.));
#4310 = DIRECTION('',(0.,1.,0.));
#4311 = DIRECTION('',(0.,-0.,1.));
#4312 = ADVANCED_FACE('',(#4313),#4331,.T.);
#4313 = FACE_BOUND('',#4314,.T.);
#4314 = EDGE_LOOP('',(#4315,#4316,#4324,#4330));
#4315 = ORIENTED_EDGE('',*,*,#4285,.F.);
#4316 = ORIENTED_EDGE('',*,*,#4317,.T.);
#4317 = EDGE_CURVE('',#4286,#4318,#4320,.T.);
#4318 = VERTEX_POINT('',#4319);
#4319 = CARTESIAN_POINT('',(0.32,0.32,-2.84));
#4320 = LINE('',#4321,#4322);
#4321 = CARTESIAN_POINT('',(0.32,-0.32,-2.84));
#4322 = VECTOR('',#4323,1.);
#4323 = DIRECTION('',(0.,1.,0.));
#4324 = ORIENTED_EDGE('',*,*,#4325,.T.);
#4325 = EDGE_CURVE('',#4318,#3883,#4326,.T.);
#4326 = LINE('',#4327,#4328);
#4327 = CARTESIAN_POINT('',(0.32,0.32,-3.));
#4328 = VECTOR('',#4329,1.);
#4329 = DIRECTION('',(0.,0.,1.));
#4330 = ORIENTED_EDGE('',*,*,#3890,.F.);
#4331 = PLANE('',#4332);
#4332 = AXIS2_PLACEMENT_3D('',#4333,#4334,#4335);
#4333 = CARTESIAN_POINT('',(0.32,-0.32,-3.));
#4334 = DIRECTION('',(1.,0.,0.));
#4335 = DIRECTION('',(0.,0.,1.));
#4336 = ADVANCED_FACE('',(#4337),#4355,.T.);
#4337 = FACE_BOUND('',#4338,.T.);
#4338 = EDGE_LOOP('',(#4339,#4340,#4348,#4354));
#4339 = ORIENTED_EDGE('',*,*,#4325,.F.);
#4340 = ORIENTED_EDGE('',*,*,#4341,.F.);
#4341 = EDGE_CURVE('',#4342,#4318,#4344,.T.);
#4342 = VERTEX_POINT('',#4343);
#4343 = CARTESIAN_POINT('',(-0.32,0.32,-2.84));
#4344 = LINE('',#4345,#4346);
#4345 = CARTESIAN_POINT('',(-0.32,0.32,-2.84));
#4346 = VECTOR('',#4347,1.);
#4347 = DIRECTION('',(1.,0.,0.));
#4348 = ORIENTED_EDGE('',*,*,#4349,.T.);
#4349 = EDGE_CURVE('',#4342,#3875,#4350,.T.);
#4350 = LINE('',#4351,#4352);
#4351 = CARTESIAN_POINT('',(-0.32,0.32,-3.));
#4352 = VECTOR('',#4353,1.);
#4353 = DIRECTION('',(0.,0.,1.));
#4354 = ORIENTED_EDGE('',*,*,#3882,.F.);
#4355 = PLANE('',#4356);
#4356 = AXIS2_PLACEMENT_3D('',#4357,#4358,#4359);
#4357 = CARTESIAN_POINT('',(-0.32,0.32,-3.));
#4358 = DIRECTION('',(0.,1.,0.));
#4359 = DIRECTION('',(0.,-0.,1.));
#4360 = ADVANCED_FACE('',(#4361),#4372,.F.);
#4361 = FACE_BOUND('',#4362,.F.);
#4362 = EDGE_LOOP('',(#4363,#4364,#4370,#4371));
#4363 = ORIENTED_EDGE('',*,*,#4301,.F.);
#4364 = ORIENTED_EDGE('',*,*,#4365,.T.);
#4365 = EDGE_CURVE('',#4294,#4342,#4366,.T.);
#4366 = LINE('',#4367,#4368);
#4367 = CARTESIAN_POINT('',(-0.32,-0.32,-2.84));
#4368 = VECTOR('',#4369,1.);
#4369 = DIRECTION('',(0.,1.,0.));
#4370 = ORIENTED_EDGE('',*,*,#4349,.T.);
#4371 = ORIENTED_EDGE('',*,*,#3874,.F.);
#4372 = PLANE('',#4373);
#4373 = AXIS2_PLACEMENT_3D('',#4374,#4375,#4376);
#4374 = CARTESIAN_POINT('',(-0.32,-0.32,-3.));
#4375 = DIRECTION('',(1.,0.,0.));
#4376 = DIRECTION('',(0.,0.,1.));
#4377 = ADVANCED_FACE('',(#4378),#4403,.F.);
#4378 = FACE_BOUND('',#4379,.F.);
#4379 = EDGE_LOOP('',(#4380,#4388,#4396,#4402));
#4380 = ORIENTED_EDGE('',*,*,#4381,.F.);
#4381 = EDGE_CURVE('',#4382,#3899,#4384,.T.);
#4382 = VERTEX_POINT('',#4383);
#4383 = CARTESIAN_POINT('',(0.32,-2.86,-2.84));
#4384 = LINE('',#4385,#4386);
#4385 = CARTESIAN_POINT('',(0.32,-2.86,-3.));
#4386 = VECTOR('',#4387,1.);
#4387 = DIRECTION('',(0.,0.,1.));
#4388 = ORIENTED_EDGE('',*,*,#4389,.F.);
#4389 = EDGE_CURVE('',#4390,#4382,#4392,.T.);
#4390 = VERTEX_POINT('',#4391);
#4391 = CARTESIAN_POINT('',(-0.32,-2.86,-2.84));
#4392 = LINE('',#4393,#4394);
#4393 = CARTESIAN_POINT('',(-0.32,-2.86,-2.84));
#4394 = VECTOR('',#4395,1.);
#4395 = DIRECTION('',(1.,0.,0.));
#4396 = ORIENTED_EDGE('',*,*,#4397,.T.);
#4397 = EDGE_CURVE('',#4390,#3901,#4398,.T.);
#4398 = LINE('',#4399,#4400);
#4399 = CARTESIAN_POINT('',(-0.32,-2.86,-3.));
#4400 = VECTOR('',#4401,1.);
#4401 = DIRECTION('',(0.,0.,1.));
#4402 = ORIENTED_EDGE('',*,*,#3898,.F.);
#4403 = PLANE('',#4404);
#4404 = AXIS2_PLACEMENT_3D('',#4405,#4406,#4407);
#4405 = CARTESIAN_POINT('',(-0.32,-2.86,-3.));
#4406 = DIRECTION('',(0.,1.,0.));
#4407 = DIRECTION('',(0.,-0.,1.));
#4408 = ADVANCED_FACE('',(#4409),#4427,.T.);
#4409 = FACE_BOUND('',#4410,.T.);
#4410 = EDGE_LOOP('',(#4411,#4412,#4420,#4426));
#4411 = ORIENTED_EDGE('',*,*,#4381,.F.);
#4412 = ORIENTED_EDGE('',*,*,#4413,.T.);
#4413 = EDGE_CURVE('',#4382,#4414,#4416,.T.);
#4414 = VERTEX_POINT('',#4415);
#4415 = CARTESIAN_POINT('',(0.32,-2.22,-2.84));
#4416 = LINE('',#4417,#4418);
#4417 = CARTESIAN_POINT('',(0.32,-2.86,-2.84));
#4418 = VECTOR('',#4419,1.);
#4419 = DIRECTION('',(0.,1.,0.));
#4420 = ORIENTED_EDGE('',*,*,#4421,.T.);
#4421 = EDGE_CURVE('',#4414,#3917,#4422,.T.);
#4422 = LINE('',#4423,#4424);
#4423 = CARTESIAN_POINT('',(0.32,-2.22,-3.));
#4424 = VECTOR('',#4425,1.);
#4425 = DIRECTION('',(0.,0.,1.));
#4426 = ORIENTED_EDGE('',*,*,#3924,.F.);
#4427 = PLANE('',#4428);
#4428 = AXIS2_PLACEMENT_3D('',#4429,#4430,#4431);
#4429 = CARTESIAN_POINT('',(0.32,-2.86,-3.));
#4430 = DIRECTION('',(1.,0.,0.));
#4431 = DIRECTION('',(0.,0.,1.));
#4432 = ADVANCED_FACE('',(#4433),#4451,.T.);
#4433 = FACE_BOUND('',#4434,.T.);
#4434 = EDGE_LOOP('',(#4435,#4436,#4444,#4450));
#4435 = ORIENTED_EDGE('',*,*,#4421,.F.);
#4436 = ORIENTED_EDGE('',*,*,#4437,.F.);
#4437 = EDGE_CURVE('',#4438,#4414,#4440,.T.);
#4438 = VERTEX_POINT('',#4439);
#4439 = CARTESIAN_POINT('',(-0.32,-2.22,-2.84));
#4440 = LINE('',#4441,#4442);
#4441 = CARTESIAN_POINT('',(-0.32,-2.22,-2.84));
#4442 = VECTOR('',#4443,1.);
#4443 = DIRECTION('',(1.,0.,0.));
#4444 = ORIENTED_EDGE('',*,*,#4445,.T.);
#4445 = EDGE_CURVE('',#4438,#3909,#4446,.T.);
#4446 = LINE('',#4447,#4448);
#4447 = CARTESIAN_POINT('',(-0.32,-2.22,-3.));
#4448 = VECTOR('',#4449,1.);
#4449 = DIRECTION('',(0.,0.,1.));
#4450 = ORIENTED_EDGE('',*,*,#3916,.F.);
#4451 = PLANE('',#4452);
#4452 = AXIS2_PLACEMENT_3D('',#4453,#4454,#4455);
#4453 = CARTESIAN_POINT('',(-0.32,-2.22,-3.));
#4454 = DIRECTION('',(0.,1.,0.));
#4455 = DIRECTION('',(0.,-0.,1.));
#4456 = ADVANCED_FACE('',(#4457),#4468,.F.);
#4457 = FACE_BOUND('',#4458,.F.);
#4458 = EDGE_LOOP('',(#4459,#4460,#4466,#4467));
#4459 = ORIENTED_EDGE('',*,*,#4397,.F.);
#4460 = ORIENTED_EDGE('',*,*,#4461,.T.);
#4461 = EDGE_CURVE('',#4390,#4438,#4462,.T.);
#4462 = LINE('',#4463,#4464);
#4463 = CARTESIAN_POINT('',(-0.32,-2.86,-2.84));
#4464 = VECTOR('',#4465,1.);
#4465 = DIRECTION('',(0.,1.,0.));
#4466 = ORIENTED_EDGE('',*,*,#4445,.T.);
#4467 = ORIENTED_EDGE('',*,*,#3908,.F.);
#4468 = PLANE('',#4469);
#4469 = AXIS2_PLACEMENT_3D('',#4470,#4471,#4472);
#4470 = CARTESIAN_POINT('',(-0.32,-2.86,-3.));
#4471 = DIRECTION('',(1.,0.,0.));
#4472 = DIRECTION('',(0.,0.,1.));
#4473 = ADVANCED_FACE('',(#4474),#4499,.F.);
#4474 = FACE_BOUND('',#4475,.F.);
#4475 = EDGE_LOOP('',(#4476,#4484,#4485,#4493));
#4476 = ORIENTED_EDGE('',*,*,#4477,.F.);
#4477 = EDGE_CURVE('',#4030,#4478,#4480,.T.);
#4478 = VERTEX_POINT('',#4479);
#4479 = CARTESIAN_POINT('',(0.32,-0.32,8.38));
#4480 = LINE('',#4481,#4482);
#4481 = CARTESIAN_POINT('',(0.32,-0.32,-3.));
#4482 = VECTOR('',#4483,1.);
#4483 = DIRECTION('',(0.,0.,1.));
#4484 = ORIENTED_EDGE('',*,*,#4029,.T.);
#4485 = ORIENTED_EDGE('',*,*,#4486,.T.);
#4486 = EDGE_CURVE('',#4032,#4487,#4489,.T.);
#4487 = VERTEX_POINT('',#4488);
#4488 = CARTESIAN_POINT('',(-0.32,-0.32,8.38));
#4489 = LINE('',#4490,#4491);
#4490 = CARTESIAN_POINT('',(-0.32,-0.32,-3.));
#4491 = VECTOR('',#4492,1.);
#4492 = DIRECTION('',(0.,0.,1.));
#4493 = ORIENTED_EDGE('',*,*,#4494,.T.);
#4494 = EDGE_CURVE('',#4487,#4478,#4495,.T.);
#4495 = LINE('',#4496,#4497);
#4496 = CARTESIAN_POINT('',(-0.32,-0.32,8.38));
#4497 = VECTOR('',#4498,1.);
#4498 = DIRECTION('',(1.,0.,0.));
#4499 = PLANE('',#4500);
#4500 = AXIS2_PLACEMENT_3D('',#4501,#4502,#4503);
#4501 = CARTESIAN_POINT('',(-0.32,-0.32,-3.));
#4502 = DIRECTION('',(0.,1.,0.));
#4503 = DIRECTION('',(0.,-0.,1.));
#4504 = ADVANCED_FACE('',(#4505),#4523,.T.);
#4505 = FACE_BOUND('',#4506,.T.);
#4506 = EDGE_LOOP('',(#4507,#4508,#4509,#4517));
#4507 = ORIENTED_EDGE('',*,*,#4477,.F.);
#4508 = ORIENTED_EDGE('',*,*,#4055,.T.);
#4509 = ORIENTED_EDGE('',*,*,#4510,.T.);
#4510 = EDGE_CURVE('',#4048,#4511,#4513,.T.);
#4511 = VERTEX_POINT('',#4512);
#4512 = CARTESIAN_POINT('',(0.32,0.32,8.38));
#4513 = LINE('',#4514,#4515);
#4514 = CARTESIAN_POINT('',(0.32,0.32,-3.));
#4515 = VECTOR('',#4516,1.);
#4516 = DIRECTION('',(0.,0.,1.));
#4517 = ORIENTED_EDGE('',*,*,#4518,.F.);
#4518 = EDGE_CURVE('',#4478,#4511,#4519,.T.);
#4519 = LINE('',#4520,#4521);
#4520 = CARTESIAN_POINT('',(0.32,-0.32,8.38));
#4521 = VECTOR('',#4522,1.);
#4522 = DIRECTION('',(0.,1.,0.));
#4523 = PLANE('',#4524);
#4524 = AXIS2_PLACEMENT_3D('',#4525,#4526,#4527);
#4525 = CARTESIAN_POINT('',(0.32,-0.32,-3.));
#4526 = DIRECTION('',(1.,0.,0.));
#4527 = DIRECTION('',(0.,0.,1.));
#4528 = ADVANCED_FACE('',(#4529),#4547,.T.);
#4529 = FACE_BOUND('',#4530,.T.);
#4530 = EDGE_LOOP('',(#4531,#4532,#4533,#4541));
#4531 = ORIENTED_EDGE('',*,*,#4510,.F.);
#4532 = ORIENTED_EDGE('',*,*,#4047,.T.);
#4533 = ORIENTED_EDGE('',*,*,#4534,.T.);
#4534 = EDGE_CURVE('',#4040,#4535,#4537,.T.);
#4535 = VERTEX_POINT('',#4536);
#4536 = CARTESIAN_POINT('',(-0.32,0.32,8.38));
#4537 = LINE('',#4538,#4539);
#4538 = CARTESIAN_POINT('',(-0.32,0.32,-3.));
#4539 = VECTOR('',#4540,1.);
#4540 = DIRECTION('',(0.,0.,1.));
#4541 = ORIENTED_EDGE('',*,*,#4542,.T.);
#4542 = EDGE_CURVE('',#4535,#4511,#4543,.T.);
#4543 = LINE('',#4544,#4545);
#4544 = CARTESIAN_POINT('',(-0.32,0.32,8.38));
#4545 = VECTOR('',#4546,1.);
#4546 = DIRECTION('',(1.,0.,0.));
#4547 = PLANE('',#4548);
#4548 = AXIS2_PLACEMENT_3D('',#4549,#4550,#4551);
#4549 = CARTESIAN_POINT('',(-0.32,0.32,-3.));
#4550 = DIRECTION('',(0.,1.,0.));
#4551 = DIRECTION('',(0.,-0.,1.));
#4552 = ADVANCED_FACE('',(#4553),#4564,.F.);
#4553 = FACE_BOUND('',#4554,.F.);
#4554 = EDGE_LOOP('',(#4555,#4556,#4557,#4558));
#4555 = ORIENTED_EDGE('',*,*,#4486,.F.);
#4556 = ORIENTED_EDGE('',*,*,#4039,.T.);
#4557 = ORIENTED_EDGE('',*,*,#4534,.T.);
#4558 = ORIENTED_EDGE('',*,*,#4559,.F.);
#4559 = EDGE_CURVE('',#4487,#4535,#4560,.T.);
#4560 = LINE('',#4561,#4562);
#4561 = CARTESIAN_POINT('',(-0.32,-0.32,8.38));
#4562 = VECTOR('',#4563,1.);
#4563 = DIRECTION('',(0.,1.,0.));
#4564 = PLANE('',#4565);
#4565 = AXIS2_PLACEMENT_3D('',#4566,#4567,#4568);
#4566 = CARTESIAN_POINT('',(-0.32,-0.32,-3.));
#4567 = DIRECTION('',(1.,0.,0.));
#4568 = DIRECTION('',(0.,0.,1.));
#4569 = ADVANCED_FACE('',(#4570),#4595,.F.);
#4570 = FACE_BOUND('',#4571,.F.);
#4571 = EDGE_LOOP('',(#4572,#4580,#4581,#4589));
#4572 = ORIENTED_EDGE('',*,*,#4573,.F.);
#4573 = EDGE_CURVE('',#4064,#4574,#4576,.T.);
#4574 = VERTEX_POINT('',#4575);
#4575 = CARTESIAN_POINT('',(0.32,-2.86,8.38));
#4576 = LINE('',#4577,#4578);
#4577 = CARTESIAN_POINT('',(0.32,-2.86,-3.));
#4578 = VECTOR('',#4579,1.);
#4579 = DIRECTION('',(0.,0.,1.));
#4580 = ORIENTED_EDGE('',*,*,#4063,.T.);
#4581 = ORIENTED_EDGE('',*,*,#4582,.T.);
#4582 = EDGE_CURVE('',#4066,#4583,#4585,.T.);
#4583 = VERTEX_POINT('',#4584);
#4584 = CARTESIAN_POINT('',(-0.32,-2.86,8.38));
#4585 = LINE('',#4586,#4587);
#4586 = CARTESIAN_POINT('',(-0.32,-2.86,-3.));
#4587 = VECTOR('',#4588,1.);
#4588 = DIRECTION('',(0.,0.,1.));
#4589 = ORIENTED_EDGE('',*,*,#4590,.T.);
#4590 = EDGE_CURVE('',#4583,#4574,#4591,.T.);
#4591 = LINE('',#4592,#4593);
#4592 = CARTESIAN_POINT('',(-0.32,-2.86,8.38));
#4593 = VECTOR('',#4594,1.);
#4594 = DIRECTION('',(1.,0.,0.));
#4595 = PLANE('',#4596);
#4596 = AXIS2_PLACEMENT_3D('',#4597,#4598,#4599);
#4597 = CARTESIAN_POINT('',(-0.32,-2.86,-3.));
#4598 = DIRECTION('',(0.,1.,0.));
#4599 = DIRECTION('',(0.,-0.,1.));
#4600 = ADVANCED_FACE('',(#4601),#4619,.T.);
#4601 = FACE_BOUND('',#4602,.T.);
#4602 = EDGE_LOOP('',(#4603,#4604,#4605,#4613));
#4603 = ORIENTED_EDGE('',*,*,#4573,.F.);
#4604 = ORIENTED_EDGE('',*,*,#4089,.T.);
#4605 = ORIENTED_EDGE('',*,*,#4606,.T.);
#4606 = EDGE_CURVE('',#4082,#4607,#4609,.T.);
#4607 = VERTEX_POINT('',#4608);
#4608 = CARTESIAN_POINT('',(0.32,-2.22,8.38));
#4609 = LINE('',#4610,#4611);
#4610 = CARTESIAN_POINT('',(0.32,-2.22,-3.));
#4611 = VECTOR('',#4612,1.);
#4612 = DIRECTION('',(0.,0.,1.));
#4613 = ORIENTED_EDGE('',*,*,#4614,.F.);
#4614 = EDGE_CURVE('',#4574,#4607,#4615,.T.);
#4615 = LINE('',#4616,#4617);
#4616 = CARTESIAN_POINT('',(0.32,-2.86,8.38));
#4617 = VECTOR('',#4618,1.);
#4618 = DIRECTION('',(0.,1.,0.));
#4619 = PLANE('',#4620);
#4620 = AXIS2_PLACEMENT_3D('',#4621,#4622,#4623);
#4621 = CARTESIAN_POINT('',(0.32,-2.86,-3.));
#4622 = DIRECTION('',(1.,0.,0.));
#4623 = DIRECTION('',(0.,0.,1.));
#4624 = ADVANCED_FACE('',(#4625),#4643,.T.);
#4625 = FACE_BOUND('',#4626,.T.);
#4626 = EDGE_LOOP('',(#4627,#4628,#4629,#4637));
#4627 = ORIENTED_EDGE('',*,*,#4606,.F.);
#4628 = ORIENTED_EDGE('',*,*,#4081,.T.);
#4629 = ORIENTED_EDGE('',*,*,#4630,.T.);
#4630 = EDGE_CURVE('',#4074,#4631,#4633,.T.);
#4631 = VERTEX_POINT('',#4632);
#4632 = CARTESIAN_POINT('',(-0.32,-2.22,8.38));
#4633 = LINE('',#4634,#4635);
#4634 = CARTESIAN_POINT('',(-0.32,-2.22,-3.));
#4635 = VECTOR('',#4636,1.);
#4636 = DIRECTION('',(0.,0.,1.));
#4637 = ORIENTED_EDGE('',*,*,#4638,.T.);
#4638 = EDGE_CURVE('',#4631,#4607,#4639,.T.);
#4639 = LINE('',#4640,#4641);
#4640 = CARTESIAN_POINT('',(-0.32,-2.22,8.38));
#4641 = VECTOR('',#4642,1.);
#4642 = DIRECTION('',(1.,0.,0.));
#4643 = PLANE('',#4644);
#4644 = AXIS2_PLACEMENT_3D('',#4645,#4646,#4647);
#4645 = CARTESIAN_POINT('',(-0.32,-2.22,-3.));
#4646 = DIRECTION('',(0.,1.,0.));
#4647 = DIRECTION('',(0.,-0.,1.));
#4648 = ADVANCED_FACE('',(#4649),#4660,.F.);
#4649 = FACE_BOUND('',#4650,.F.);
#4650 = EDGE_LOOP('',(#4651,#4652,#4653,#4654));
#4651 = ORIENTED_EDGE('',*,*,#4582,.F.);
#4652 = ORIENTED_EDGE('',*,*,#4073,.T.);
#4653 = ORIENTED_EDGE('',*,*,#4630,.T.);
#4654 = ORIENTED_EDGE('',*,*,#4655,.F.);
#4655 = EDGE_CURVE('',#4583,#4631,#4656,.T.);
#4656 = LINE('',#4657,#4658);
#4657 = CARTESIAN_POINT('',(-0.32,-2.86,8.38));
#4658 = VECTOR('',#4659,1.);
#4659 = DIRECTION('',(0.,1.,0.));
#4660 = PLANE('',#4661);
#4661 = AXIS2_PLACEMENT_3D('',#4662,#4663,#4664);
#4662 = CARTESIAN_POINT('',(-0.32,-2.86,-3.));
#4663 = DIRECTION('',(1.,0.,0.));
#4664 = DIRECTION('',(0.,0.,1.));
#4665 = ADVANCED_FACE('',(#4666),#4691,.T.);
#4666 = FACE_BOUND('',#4667,.F.);
#4667 = EDGE_LOOP('',(#4668,#4676,#4677,#4685));
#4668 = ORIENTED_EDGE('',*,*,#4669,.F.);
#4669 = EDGE_CURVE('',#4294,#4670,#4672,.T.);
#4670 = VERTEX_POINT('',#4671);
#4671 = CARTESIAN_POINT('',(-0.16,-0.16,-3.));
#4672 = LINE('',#4673,#4674);
#4673 = CARTESIAN_POINT('',(-0.266666666667,-0.266666666667,
    -2.893333333333));
#4674 = VECTOR('',#4675,1.);
#4675 = DIRECTION('',(0.57735026919,0.57735026919,-0.57735026919));
#4676 = ORIENTED_EDGE('',*,*,#4293,.T.);
#4677 = ORIENTED_EDGE('',*,*,#4678,.T.);
#4678 = EDGE_CURVE('',#4286,#4679,#4681,.T.);
#4679 = VERTEX_POINT('',#4680);
#4680 = CARTESIAN_POINT('',(0.16,-0.16,-3.));
#4681 = LINE('',#4682,#4683);
#4682 = CARTESIAN_POINT('',(0.16,-0.16,-3.));
#4683 = VECTOR('',#4684,1.);
#4684 = DIRECTION('',(-0.57735026919,0.57735026919,-0.57735026919));
#4685 = ORIENTED_EDGE('',*,*,#4686,.F.);
#4686 = EDGE_CURVE('',#4670,#4679,#4687,.T.);
#4687 = LINE('',#4688,#4689);
#4688 = CARTESIAN_POINT('',(-0.32,-0.16,-3.));
#4689 = VECTOR('',#4690,1.);
#4690 = DIRECTION('',(1.,0.,0.));
#4691 = PLANE('',#4692);
#4692 = AXIS2_PLACEMENT_3D('',#4693,#4694,#4695);
#4693 = CARTESIAN_POINT('',(-0.32,-0.24,-2.92));
#4694 = DIRECTION('',(1.735167508357E-18,-0.707106781187,-0.707106781187
    ));
#4695 = DIRECTION('',(-1.,-1.226948711654E-18,-1.226948711654E-18));
#4696 = ADVANCED_FACE('',(#4697),#4715,.F.);
#4697 = FACE_BOUND('',#4698,.F.);
#4698 = EDGE_LOOP('',(#4699,#4700,#4701,#4709));
#4699 = ORIENTED_EDGE('',*,*,#4678,.F.);
#4700 = ORIENTED_EDGE('',*,*,#4317,.T.);
#4701 = ORIENTED_EDGE('',*,*,#4702,.T.);
#4702 = EDGE_CURVE('',#4318,#4703,#4705,.T.);
#4703 = VERTEX_POINT('',#4704);
#4704 = CARTESIAN_POINT('',(0.16,0.16,-3.));
#4705 = LINE('',#4706,#4707);
#4706 = CARTESIAN_POINT('',(5.333333333333E-02,5.333333333333E-02,
    -3.106666666667));
#4707 = VECTOR('',#4708,1.);
#4708 = DIRECTION('',(-0.57735026919,-0.57735026919,-0.57735026919));
#4709 = ORIENTED_EDGE('',*,*,#4710,.F.);
#4710 = EDGE_CURVE('',#4679,#4703,#4711,.T.);
#4711 = LINE('',#4712,#4713);
#4712 = CARTESIAN_POINT('',(0.16,-0.32,-3.));
#4713 = VECTOR('',#4714,1.);
#4714 = DIRECTION('',(0.,1.,0.));
#4715 = PLANE('',#4716);
#4716 = AXIS2_PLACEMENT_3D('',#4717,#4718,#4719);
#4717 = CARTESIAN_POINT('',(0.24,-0.32,-2.92));
#4718 = DIRECTION('',(-0.707106781187,1.735167508357E-18,0.707106781187)
  );
#4719 = DIRECTION('',(1.226948711654E-18,1.,-1.226948711654E-18));
#4720 = ADVANCED_FACE('',(#4721),#4739,.F.);
#4721 = FACE_BOUND('',#4722,.T.);
#4722 = EDGE_LOOP('',(#4723,#4731,#4732,#4733));
#4723 = ORIENTED_EDGE('',*,*,#4724,.F.);
#4724 = EDGE_CURVE('',#4342,#4725,#4727,.T.);
#4725 = VERTEX_POINT('',#4726);
#4726 = CARTESIAN_POINT('',(-0.16,0.16,-3.));
#4727 = LINE('',#4728,#4729);
#4728 = CARTESIAN_POINT('',(-0.16,0.16,-3.));
#4729 = VECTOR('',#4730,1.);
#4730 = DIRECTION('',(0.57735026919,-0.57735026919,-0.57735026919));
#4731 = ORIENTED_EDGE('',*,*,#4341,.T.);
#4732 = ORIENTED_EDGE('',*,*,#4702,.T.);
#4733 = ORIENTED_EDGE('',*,*,#4734,.F.);
#4734 = EDGE_CURVE('',#4725,#4703,#4735,.T.);
#4735 = LINE('',#4736,#4737);
#4736 = CARTESIAN_POINT('',(-0.32,0.16,-3.));
#4737 = VECTOR('',#4738,1.);
#4738 = DIRECTION('',(1.,0.,0.));
#4739 = PLANE('',#4740);
#4740 = AXIS2_PLACEMENT_3D('',#4741,#4742,#4743);
#4741 = CARTESIAN_POINT('',(-0.32,0.24,-2.92));
#4742 = DIRECTION('',(-1.735167508357E-18,-0.707106781187,0.707106781187
    ));
#4743 = DIRECTION('',(-1.,1.226948711654E-18,-1.226948711654E-18));
#4744 = ADVANCED_FACE('',(#4745),#4756,.T.);
#4745 = FACE_BOUND('',#4746,.T.);
#4746 = EDGE_LOOP('',(#4747,#4748,#4749,#4750));
#4747 = ORIENTED_EDGE('',*,*,#4669,.F.);
#4748 = ORIENTED_EDGE('',*,*,#4365,.T.);
#4749 = ORIENTED_EDGE('',*,*,#4724,.T.);
#4750 = ORIENTED_EDGE('',*,*,#4751,.F.);
#4751 = EDGE_CURVE('',#4670,#4725,#4752,.T.);
#4752 = LINE('',#4753,#4754);
#4753 = CARTESIAN_POINT('',(-0.16,-0.32,-3.));
#4754 = VECTOR('',#4755,1.);
#4755 = DIRECTION('',(0.,1.,0.));
#4756 = PLANE('',#4757);
#4757 = AXIS2_PLACEMENT_3D('',#4758,#4759,#4760);
#4758 = CARTESIAN_POINT('',(-0.24,-0.32,-2.92));
#4759 = DIRECTION('',(-0.707106781187,-1.735167508357E-18,
    -0.707106781187));
#4760 = DIRECTION('',(-1.226948711654E-18,1.,-1.226948711654E-18));
#4761 = ADVANCED_FACE('',(#4762),#4787,.T.);
#4762 = FACE_BOUND('',#4763,.F.);
#4763 = EDGE_LOOP('',(#4764,#4772,#4773,#4781));
#4764 = ORIENTED_EDGE('',*,*,#4765,.F.);
#4765 = EDGE_CURVE('',#4390,#4766,#4768,.T.);
#4766 = VERTEX_POINT('',#4767);
#4767 = CARTESIAN_POINT('',(-0.16,-2.7,-3.));
#4768 = LINE('',#4769,#4770);
#4769 = CARTESIAN_POINT('',(-0.266666666667,-2.806666666667,
    -2.893333333333));
#4770 = VECTOR('',#4771,1.);
#4771 = DIRECTION('',(0.57735026919,0.57735026919,-0.57735026919));
#4772 = ORIENTED_EDGE('',*,*,#4389,.T.);
#4773 = ORIENTED_EDGE('',*,*,#4774,.T.);
#4774 = EDGE_CURVE('',#4382,#4775,#4777,.T.);
#4775 = VERTEX_POINT('',#4776);
#4776 = CARTESIAN_POINT('',(0.16,-2.7,-3.));
#4777 = LINE('',#4778,#4779);
#4778 = CARTESIAN_POINT('',(0.16,-2.7,-3.));
#4779 = VECTOR('',#4780,1.);
#4780 = DIRECTION('',(-0.57735026919,0.57735026919,-0.57735026919));
#4781 = ORIENTED_EDGE('',*,*,#4782,.F.);
#4782 = EDGE_CURVE('',#4766,#4775,#4783,.T.);
#4783 = LINE('',#4784,#4785);
#4784 = CARTESIAN_POINT('',(-0.32,-2.7,-3.));
#4785 = VECTOR('',#4786,1.);
#4786 = DIRECTION('',(1.,0.,0.));
#4787 = PLANE('',#4788);
#4788 = AXIS2_PLACEMENT_3D('',#4789,#4790,#4791);
#4789 = CARTESIAN_POINT('',(-0.32,-2.78,-2.92));
#4790 = DIRECTION('',(1.735167508357E-18,-0.707106781187,-0.707106781187
    ));
#4791 = DIRECTION('',(-1.,-1.226948711654E-18,-1.226948711654E-18));
#4792 = ADVANCED_FACE('',(#4793),#4811,.F.);
#4793 = FACE_BOUND('',#4794,.F.);
#4794 = EDGE_LOOP('',(#4795,#4796,#4797,#4805));
#4795 = ORIENTED_EDGE('',*,*,#4774,.F.);
#4796 = ORIENTED_EDGE('',*,*,#4413,.T.);
#4797 = ORIENTED_EDGE('',*,*,#4798,.T.);
#4798 = EDGE_CURVE('',#4414,#4799,#4801,.T.);
#4799 = VERTEX_POINT('',#4800);
#4800 = CARTESIAN_POINT('',(0.16,-2.38,-3.));
#4801 = LINE('',#4802,#4803);
#4802 = CARTESIAN_POINT('',(5.333333333333E-02,-2.486666666667,
    -3.106666666667));
#4803 = VECTOR('',#4804,1.);
#4804 = DIRECTION('',(-0.57735026919,-0.57735026919,-0.57735026919));
#4805 = ORIENTED_EDGE('',*,*,#4806,.F.);
#4806 = EDGE_CURVE('',#4775,#4799,#4807,.T.);
#4807 = LINE('',#4808,#4809);
#4808 = CARTESIAN_POINT('',(0.16,-2.86,-3.));
#4809 = VECTOR('',#4810,1.);
#4810 = DIRECTION('',(0.,1.,0.));
#4811 = PLANE('',#4812);
#4812 = AXIS2_PLACEMENT_3D('',#4813,#4814,#4815);
#4813 = CARTESIAN_POINT('',(0.24,-2.86,-2.92));
#4814 = DIRECTION('',(-0.707106781187,1.735167508357E-18,0.707106781187)
  );
#4815 = DIRECTION('',(1.226948711654E-18,1.,-1.226948711654E-18));
#4816 = ADVANCED_FACE('',(#4817),#4835,.F.);
#4817 = FACE_BOUND('',#4818,.T.);
#4818 = EDGE_LOOP('',(#4819,#4827,#4828,#4829));
#4819 = ORIENTED_EDGE('',*,*,#4820,.F.);
#4820 = EDGE_CURVE('',#4438,#4821,#4823,.T.);
#4821 = VERTEX_POINT('',#4822);
#4822 = CARTESIAN_POINT('',(-0.16,-2.38,-3.));
#4823 = LINE('',#4824,#4825);
#4824 = CARTESIAN_POINT('',(-0.16,-2.38,-3.));
#4825 = VECTOR('',#4826,1.);
#4826 = DIRECTION('',(0.57735026919,-0.57735026919,-0.57735026919));
#4827 = ORIENTED_EDGE('',*,*,#4437,.T.);
#4828 = ORIENTED_EDGE('',*,*,#4798,.T.);
#4829 = ORIENTED_EDGE('',*,*,#4830,.F.);
#4830 = EDGE_CURVE('',#4821,#4799,#4831,.T.);
#4831 = LINE('',#4832,#4833);
#4832 = CARTESIAN_POINT('',(-0.32,-2.38,-3.));
#4833 = VECTOR('',#4834,1.);
#4834 = DIRECTION('',(1.,0.,0.));
#4835 = PLANE('',#4836);
#4836 = AXIS2_PLACEMENT_3D('',#4837,#4838,#4839);
#4837 = CARTESIAN_POINT('',(-0.32,-2.3,-2.92));
#4838 = DIRECTION('',(-1.735167508357E-18,-0.707106781187,0.707106781187
    ));
#4839 = DIRECTION('',(-1.,1.226948711654E-18,-1.226948711654E-18));
#4840 = ADVANCED_FACE('',(#4841),#4852,.T.);
#4841 = FACE_BOUND('',#4842,.T.);
#4842 = EDGE_LOOP('',(#4843,#4844,#4845,#4846));
#4843 = ORIENTED_EDGE('',*,*,#4765,.F.);
#4844 = ORIENTED_EDGE('',*,*,#4461,.T.);
#4845 = ORIENTED_EDGE('',*,*,#4820,.T.);
#4846 = ORIENTED_EDGE('',*,*,#4847,.F.);
#4847 = EDGE_CURVE('',#4766,#4821,#4848,.T.);
#4848 = LINE('',#4849,#4850);
#4849 = CARTESIAN_POINT('',(-0.16,-2.86,-3.));
#4850 = VECTOR('',#4851,1.);
#4851 = DIRECTION('',(0.,1.,0.));
#4852 = PLANE('',#4853);
#4853 = AXIS2_PLACEMENT_3D('',#4854,#4855,#4856);
#4854 = CARTESIAN_POINT('',(-0.24,-2.86,-2.92));
#4855 = DIRECTION('',(-0.707106781187,-1.735167508357E-18,
    -0.707106781187));
#4856 = DIRECTION('',(-1.226948711654E-18,1.,-1.226948711654E-18));
#4857 = ADVANCED_FACE('',(#4858),#4883,.F.);
#4858 = FACE_BOUND('',#4859,.T.);
#4859 = EDGE_LOOP('',(#4860,#4868,#4869,#4877));
#4860 = ORIENTED_EDGE('',*,*,#4861,.F.);
#4861 = EDGE_CURVE('',#4487,#4862,#4864,.T.);
#4862 = VERTEX_POINT('',#4863);
#4863 = CARTESIAN_POINT('',(-0.16,-0.16,8.54));
#4864 = LINE('',#4865,#4866);
#4865 = CARTESIAN_POINT('',(-0.266666666667,-0.266666666667,
    8.433333333333));
#4866 = VECTOR('',#4867,1.);
#4867 = DIRECTION('',(0.57735026919,0.57735026919,0.57735026919));
#4868 = ORIENTED_EDGE('',*,*,#4494,.T.);
#4869 = ORIENTED_EDGE('',*,*,#4870,.T.);
#4870 = EDGE_CURVE('',#4478,#4871,#4873,.T.);
#4871 = VERTEX_POINT('',#4872);
#4872 = CARTESIAN_POINT('',(0.16,-0.16,8.54));
#4873 = LINE('',#4874,#4875);
#4874 = CARTESIAN_POINT('',(0.16,-0.16,8.54));
#4875 = VECTOR('',#4876,1.);
#4876 = DIRECTION('',(-0.57735026919,0.57735026919,0.57735026919));
#4877 = ORIENTED_EDGE('',*,*,#4878,.F.);
#4878 = EDGE_CURVE('',#4862,#4871,#4879,.T.);
#4879 = LINE('',#4880,#4881);
#4880 = CARTESIAN_POINT('',(-0.32,-0.16,8.54));
#4881 = VECTOR('',#4882,1.);
#4882 = DIRECTION('',(1.,0.,0.));
#4883 = PLANE('',#4884);
#4884 = AXIS2_PLACEMENT_3D('',#4885,#4886,#4887);
#4885 = CARTESIAN_POINT('',(-0.32,-0.24,8.46));
#4886 = DIRECTION('',(-1.735167508357E-18,0.707106781187,-0.707106781187
    ));
#4887 = DIRECTION('',(-1.,-1.226948711654E-18,1.226948711654E-18));
#4888 = ADVANCED_FACE('',(#4889),#4907,.T.);
#4889 = FACE_BOUND('',#4890,.T.);
#4890 = EDGE_LOOP('',(#4891,#4892,#4893,#4901));
#4891 = ORIENTED_EDGE('',*,*,#4870,.F.);
#4892 = ORIENTED_EDGE('',*,*,#4518,.T.);
#4893 = ORIENTED_EDGE('',*,*,#4894,.T.);
#4894 = EDGE_CURVE('',#4511,#4895,#4897,.T.);
#4895 = VERTEX_POINT('',#4896);
#4896 = CARTESIAN_POINT('',(0.16,0.16,8.54));
#4897 = LINE('',#4898,#4899);
#4898 = CARTESIAN_POINT('',(5.333333333333E-02,5.333333333333E-02,
    8.646666666667));
#4899 = VECTOR('',#4900,1.);
#4900 = DIRECTION('',(-0.57735026919,-0.57735026919,0.57735026919));
#4901 = ORIENTED_EDGE('',*,*,#4902,.F.);
#4902 = EDGE_CURVE('',#4871,#4895,#4903,.T.);
#4903 = LINE('',#4904,#4905);
#4904 = CARTESIAN_POINT('',(0.16,-0.32,8.54));
#4905 = VECTOR('',#4906,1.);
#4906 = DIRECTION('',(0.,1.,0.));
#4907 = PLANE('',#4908);
#4908 = AXIS2_PLACEMENT_3D('',#4909,#4910,#4911);
#4909 = CARTESIAN_POINT('',(0.24,-0.32,8.46));
#4910 = DIRECTION('',(0.707106781187,-1.735167508357E-18,0.707106781187)
  );
#4911 = DIRECTION('',(1.226948711654E-18,1.,1.226948711654E-18));
#4912 = ADVANCED_FACE('',(#4913),#4931,.T.);
#4913 = FACE_BOUND('',#4914,.F.);
#4914 = EDGE_LOOP('',(#4915,#4923,#4924,#4925));
#4915 = ORIENTED_EDGE('',*,*,#4916,.F.);
#4916 = EDGE_CURVE('',#4535,#4917,#4919,.T.);
#4917 = VERTEX_POINT('',#4918);
#4918 = CARTESIAN_POINT('',(-0.16,0.16,8.54));
#4919 = LINE('',#4920,#4921);
#4920 = CARTESIAN_POINT('',(-0.16,0.16,8.54));
#4921 = VECTOR('',#4922,1.);
#4922 = DIRECTION('',(0.57735026919,-0.57735026919,0.57735026919));
#4923 = ORIENTED_EDGE('',*,*,#4542,.T.);
#4924 = ORIENTED_EDGE('',*,*,#4894,.T.);
#4925 = ORIENTED_EDGE('',*,*,#4926,.F.);
#4926 = EDGE_CURVE('',#4917,#4895,#4927,.T.);
#4927 = LINE('',#4928,#4929);
#4928 = CARTESIAN_POINT('',(-0.32,0.16,8.54));
#4929 = VECTOR('',#4930,1.);
#4930 = DIRECTION('',(1.,0.,0.));
#4931 = PLANE('',#4932);
#4932 = AXIS2_PLACEMENT_3D('',#4933,#4934,#4935);
#4933 = CARTESIAN_POINT('',(-0.32,0.24,8.46));
#4934 = DIRECTION('',(1.735167508357E-18,0.707106781187,0.707106781187)
  );
#4935 = DIRECTION('',(-1.,1.226948711654E-18,1.226948711654E-18));
#4936 = ADVANCED_FACE('',(#4937),#4948,.F.);
#4937 = FACE_BOUND('',#4938,.F.);
#4938 = EDGE_LOOP('',(#4939,#4940,#4941,#4942));
#4939 = ORIENTED_EDGE('',*,*,#4861,.F.);
#4940 = ORIENTED_EDGE('',*,*,#4559,.T.);
#4941 = ORIENTED_EDGE('',*,*,#4916,.T.);
#4942 = ORIENTED_EDGE('',*,*,#4943,.F.);
#4943 = EDGE_CURVE('',#4862,#4917,#4944,.T.);
#4944 = LINE('',#4945,#4946);
#4945 = CARTESIAN_POINT('',(-0.16,-0.32,8.54));
#4946 = VECTOR('',#4947,1.);
#4947 = DIRECTION('',(0.,1.,0.));
#4948 = PLANE('',#4949);
#4949 = AXIS2_PLACEMENT_3D('',#4950,#4951,#4952);
#4950 = CARTESIAN_POINT('',(-0.24,-0.32,8.46));
#4951 = DIRECTION('',(0.707106781187,1.735167508357E-18,-0.707106781187)
  );
#4952 = DIRECTION('',(-1.226948711654E-18,1.,1.226948711654E-18));
#4953 = ADVANCED_FACE('',(#4954),#4979,.F.);
#4954 = FACE_BOUND('',#4955,.T.);
#4955 = EDGE_LOOP('',(#4956,#4964,#4965,#4973));
#4956 = ORIENTED_EDGE('',*,*,#4957,.F.);
#4957 = EDGE_CURVE('',#4583,#4958,#4960,.T.);
#4958 = VERTEX_POINT('',#4959);
#4959 = CARTESIAN_POINT('',(-0.16,-2.7,8.54));
#4960 = LINE('',#4961,#4962);
#4961 = CARTESIAN_POINT('',(-0.266666666667,-2.806666666667,
    8.433333333333));
#4962 = VECTOR('',#4963,1.);
#4963 = DIRECTION('',(0.57735026919,0.57735026919,0.57735026919));
#4964 = ORIENTED_EDGE('',*,*,#4590,.T.);
#4965 = ORIENTED_EDGE('',*,*,#4966,.T.);
#4966 = EDGE_CURVE('',#4574,#4967,#4969,.T.);
#4967 = VERTEX_POINT('',#4968);
#4968 = CARTESIAN_POINT('',(0.16,-2.7,8.54));
#4969 = LINE('',#4970,#4971);
#4970 = CARTESIAN_POINT('',(0.16,-2.7,8.54));
#4971 = VECTOR('',#4972,1.);
#4972 = DIRECTION('',(-0.57735026919,0.57735026919,0.57735026919));
#4973 = ORIENTED_EDGE('',*,*,#4974,.F.);
#4974 = EDGE_CURVE('',#4958,#4967,#4975,.T.);
#4975 = LINE('',#4976,#4977);
#4976 = CARTESIAN_POINT('',(-0.32,-2.7,8.54));
#4977 = VECTOR('',#4978,1.);
#4978 = DIRECTION('',(1.,0.,0.));
#4979 = PLANE('',#4980);
#4980 = AXIS2_PLACEMENT_3D('',#4981,#4982,#4983);
#4981 = CARTESIAN_POINT('',(-0.32,-2.78,8.46));
#4982 = DIRECTION('',(-1.735167508357E-18,0.707106781187,-0.707106781187
    ));
#4983 = DIRECTION('',(-1.,-1.226948711654E-18,1.226948711654E-18));
#4984 = ADVANCED_FACE('',(#4985),#5003,.T.);
#4985 = FACE_BOUND('',#4986,.T.);
#4986 = EDGE_LOOP('',(#4987,#4988,#4989,#4997));
#4987 = ORIENTED_EDGE('',*,*,#4966,.F.);
#4988 = ORIENTED_EDGE('',*,*,#4614,.T.);
#4989 = ORIENTED_EDGE('',*,*,#4990,.T.);
#4990 = EDGE_CURVE('',#4607,#4991,#4993,.T.);
#4991 = VERTEX_POINT('',#4992);
#4992 = CARTESIAN_POINT('',(0.16,-2.38,8.54));
#4993 = LINE('',#4994,#4995);
#4994 = CARTESIAN_POINT('',(5.333333333333E-02,-2.486666666667,
    8.646666666667));
#4995 = VECTOR('',#4996,1.);
#4996 = DIRECTION('',(-0.57735026919,-0.57735026919,0.57735026919));
#4997 = ORIENTED_EDGE('',*,*,#4998,.F.);
#4998 = EDGE_CURVE('',#4967,#4991,#4999,.T.);
#4999 = LINE('',#5000,#5001);
#5000 = CARTESIAN_POINT('',(0.16,-2.86,8.54));
#5001 = VECTOR('',#5002,1.);
#5002 = DIRECTION('',(0.,1.,0.));
#5003 = PLANE('',#5004);
#5004 = AXIS2_PLACEMENT_3D('',#5005,#5006,#5007);
#5005 = CARTESIAN_POINT('',(0.24,-2.86,8.46));
#5006 = DIRECTION('',(0.707106781187,-1.735167508357E-18,0.707106781187)
  );
#5007 = DIRECTION('',(1.226948711654E-18,1.,1.226948711654E-18));
#5008 = ADVANCED_FACE('',(#5009),#5027,.T.);
#5009 = FACE_BOUND('',#5010,.F.);
#5010 = EDGE_LOOP('',(#5011,#5019,#5020,#5021));
#5011 = ORIENTED_EDGE('',*,*,#5012,.F.);
#5012 = EDGE_CURVE('',#4631,#5013,#5015,.T.);
#5013 = VERTEX_POINT('',#5014);
#5014 = CARTESIAN_POINT('',(-0.16,-2.38,8.54));
#5015 = LINE('',#5016,#5017);
#5016 = CARTESIAN_POINT('',(-0.16,-2.38,8.54));
#5017 = VECTOR('',#5018,1.);
#5018 = DIRECTION('',(0.57735026919,-0.57735026919,0.57735026919));
#5019 = ORIENTED_EDGE('',*,*,#4638,.T.);
#5020 = ORIENTED_EDGE('',*,*,#4990,.T.);
#5021 = ORIENTED_EDGE('',*,*,#5022,.F.);
#5022 = EDGE_CURVE('',#5013,#4991,#5023,.T.);
#5023 = LINE('',#5024,#5025);
#5024 = CARTESIAN_POINT('',(-0.32,-2.38,8.54));
#5025 = VECTOR('',#5026,1.);
#5026 = DIRECTION('',(1.,0.,0.));
#5027 = PLANE('',#5028);
#5028 = AXIS2_PLACEMENT_3D('',#5029,#5030,#5031);
#5029 = CARTESIAN_POINT('',(-0.32,-2.3,8.46));
#5030 = DIRECTION('',(1.735167508357E-18,0.707106781187,0.707106781187)
  );
#5031 = DIRECTION('',(-1.,1.226948711654E-18,1.226948711654E-18));
#5032 = ADVANCED_FACE('',(#5033),#5044,.F.);
#5033 = FACE_BOUND('',#5034,.F.);
#5034 = EDGE_LOOP('',(#5035,#5036,#5037,#5038));
#5035 = ORIENTED_EDGE('',*,*,#4957,.F.);
#5036 = ORIENTED_EDGE('',*,*,#4655,.T.);
#5037 = ORIENTED_EDGE('',*,*,#5012,.T.);
#5038 = ORIENTED_EDGE('',*,*,#5039,.F.);
#5039 = EDGE_CURVE('',#4958,#5013,#5040,.T.);
#5040 = LINE('',#5041,#5042);
#5041 = CARTESIAN_POINT('',(-0.16,-2.86,8.54));
#5042 = VECTOR('',#5043,1.);
#5043 = DIRECTION('',(0.,1.,0.));
#5044 = PLANE('',#5045);
#5045 = AXIS2_PLACEMENT_3D('',#5046,#5047,#5048);
#5046 = CARTESIAN_POINT('',(-0.24,-2.86,8.46));
#5047 = DIRECTION('',(0.707106781187,1.735167508357E-18,-0.707106781187)
  );
#5048 = DIRECTION('',(-1.226948711654E-18,1.,1.226948711654E-18));
#5049 = ADVANCED_FACE('',(#5050),#5056,.F.);
#5050 = FACE_BOUND('',#5051,.F.);
#5051 = EDGE_LOOP('',(#5052,#5053,#5054,#5055));
#5052 = ORIENTED_EDGE('',*,*,#4751,.F.);
#5053 = ORIENTED_EDGE('',*,*,#4686,.T.);
#5054 = ORIENTED_EDGE('',*,*,#4710,.T.);
#5055 = ORIENTED_EDGE('',*,*,#4734,.F.);
#5056 = PLANE('',#5057);
#5057 = AXIS2_PLACEMENT_3D('',#5058,#5059,#5060);
#5058 = CARTESIAN_POINT('',(-0.32,-0.32,-3.));
#5059 = DIRECTION('',(0.,0.,1.));
#5060 = DIRECTION('',(1.,0.,-0.));
#5061 = ADVANCED_FACE('',(#5062),#5068,.F.);
#5062 = FACE_BOUND('',#5063,.F.);
#5063 = EDGE_LOOP('',(#5064,#5065,#5066,#5067));
#5064 = ORIENTED_EDGE('',*,*,#4847,.F.);
#5065 = ORIENTED_EDGE('',*,*,#4782,.T.);
#5066 = ORIENTED_EDGE('',*,*,#4806,.T.);
#5067 = ORIENTED_EDGE('',*,*,#4830,.F.);
#5068 = PLANE('',#5069);
#5069 = AXIS2_PLACEMENT_3D('',#5070,#5071,#5072);
#5070 = CARTESIAN_POINT('',(-0.32,-2.86,-3.));
#5071 = DIRECTION('',(0.,0.,1.));
#5072 = DIRECTION('',(1.,0.,-0.));
#5073 = ADVANCED_FACE('',(#5074),#5080,.T.);
#5074 = FACE_BOUND('',#5075,.T.);
#5075 = EDGE_LOOP('',(#5076,#5077,#5078,#5079));
#5076 = ORIENTED_EDGE('',*,*,#4926,.F.);
#5077 = ORIENTED_EDGE('',*,*,#4943,.F.);
#5078 = ORIENTED_EDGE('',*,*,#4878,.T.);
#5079 = ORIENTED_EDGE('',*,*,#4902,.T.);
#5080 = PLANE('',#5081);
#5081 = AXIS2_PLACEMENT_3D('',#5082,#5083,#5084);
#5082 = CARTESIAN_POINT('',(-0.32,-0.32,8.54));
#5083 = DIRECTION('',(0.,0.,1.));
#5084 = DIRECTION('',(1.,0.,-0.));
#5085 = ADVANCED_FACE('',(#5086),#5092,.T.);
#5086 = FACE_BOUND('',#5087,.T.);
#5087 = EDGE_LOOP('',(#5088,#5089,#5090,#5091));
#5088 = ORIENTED_EDGE('',*,*,#5022,.F.);
#5089 = ORIENTED_EDGE('',*,*,#5039,.F.);
#5090 = ORIENTED_EDGE('',*,*,#4974,.T.);
#5091 = ORIENTED_EDGE('',*,*,#4998,.T.);
#5092 = PLANE('',#5093);
#5093 = AXIS2_PLACEMENT_3D('',#5094,#5095,#5096);
#5094 = CARTESIAN_POINT('',(-0.32,-2.86,8.54));
#5095 = DIRECTION('',(0.,0.,1.));
#5096 = DIRECTION('',(1.,0.,-0.));
#5097 = ( GEOMETRIC_REPRESENTATION_CONTEXT(3) 
GLOBAL_UNCERTAINTY_ASSIGNED_CONTEXT((#5101)) 
GLOBAL_UNIT_ASSIGNED_CONTEXT((#5098,#5099,#5100)) REPRESENTATION_CONTEXT
('Context #1','3D Context with UNIT and UNCERTAINTY') );
#5098 = ( LENGTH_UNIT() NAMED_UNIT(*) SI_UNIT(.MILLI.,.METRE.) );
#5099 = ( NAMED_UNIT(*) PLANE_ANGLE_UNIT() SI_UNIT($,.RADIAN.) );
#5100 = ( NAMED_UNIT(*) SI_UNIT($,.STERADIAN.) SOLID_ANGLE_UNIT() );
#5101 = UNCERTAINTY_MEASURE_WITH_UNIT(LENGTH_MEASURE(1.E-07),#5098,
  'distance_accuracy_value','confusion accuracy');
#5102 = CONTEXT_DEPENDENT_SHAPE_REPRESENTATION(#5103,#5105);
#5103 = ( REPRESENTATION_RELATIONSHIP('','',#3664,#10) 
REPRESENTATION_RELATIONSHIP_WITH_TRANSFORMATION(#5104) 
SHAPE_REPRESENTATION_RELATIONSHIP() );
#5104 = ITEM_DEFINED_TRANSFORMATION('','',#11,#23);
#5105 = PRODUCT_DEFINITION_SHAPE('Placement','Placement of an item',
  #5106);
#5106 = NEXT_ASSEMBLY_USAGE_OCCURRENCE('3','Button','',#5,#3659,$);
#5107 = PRODUCT_RELATED_PRODUCT_CATEGORY('part',$,(#3661));
#5108 = CONTEXT_DEPENDENT_SHAPE_REPRESENTATION(#5109,#5111);
#5109 = ( REPRESENTATION_RELATIONSHIP('','',#56,#10) 
REPRESENTATION_RELATIONSHIP_WITH_TRANSFORMATION(#5110) 
SHAPE_REPRESENTATION_RELATIONSHIP() );
#5110 = ITEM_DEFINED_TRANSFORMATION('','',#11,#27);
#5111 = PRODUCT_DEFINITION_SHAPE('Placement','Placement of an item',
  #5112);
#5112 = NEXT_ASSEMBLY_USAGE_OCCURRENCE('4','OLED','',#5,#51,$);
#5113 = SHAPE_DEFINITION_REPRESENTATION(#5114,#5120);
#5114 = PRODUCT_DEFINITION_SHAPE('','',#5115);
#5115 = PRODUCT_DEFINITION('design','',#5116,#5119);
#5116 = PRODUCT_DEFINITION_FORMATION('','',#5117);
#5117 = PRODUCT('JST_PH_B2B-PH-K_1x02_P2.00mm_Vertical',
  'JST_PH_B2B-PH-K_1x02_P2.00mm_Vertical','',(#5118));
#5118 = PRODUCT_CONTEXT('',#2,'mechanical');
#5119 = PRODUCT_DEFINITION_CONTEXT('part definition',#2,'design');
#5120 = ADVANCED_BREP_SHAPE_REPRESENTATION('',(#11,#5121),#8013);
#5121 = MANIFOLD_SOLID_BREP('',#5122);
#5122 = CLOSED_SHELL('',(#5123,#5163,#5227,#5315,#5355,#5566,#5606,#5630
    ,#5655,#5679,#5728,#5750,#5783,#5807,#5838,#5855,#5888,#5905,#5948,
    #5965,#6011,#6028,#6091,#6115,#6162,#6186,#6210,#6227,#6244,#6268,
    #6292,#6309,#6340,#6364,#6388,#6405,#6440,#6480,#6504,#6545,#6594,
    #6640,#6657,#6669,#6700,#6756,#6780,#6829,#6841,#6944,#6968,#6992,
    #7009,#7040,#7096,#7120,#7169,#7186,#7233,#7259,#7276,#7302,#7335,
    #7347,#7378,#7402,#7426,#7443,#7474,#7498,#7522,#7539,#7556,#7603,
    #7629,#7646,#7672,#7705,#7722,#7739,#7751,#7782,#7806,#7830,#7847,
    #7878,#7902,#7926,#7943,#7960,#7977,#7989,#8001));
#5123 = ADVANCED_FACE('',(#5124),#5158,.F.);
#5124 = FACE_BOUND('',#5125,.F.);
#5125 = EDGE_LOOP('',(#5126,#5136,#5144,#5152));
#5126 = ORIENTED_EDGE('',*,*,#5127,.T.);
#5127 = EDGE_CURVE('',#5128,#5130,#5132,.T.);
#5128 = VERTEX_POINT('',#5129);
#5129 = CARTESIAN_POINT('',(3.95,-2.8,0.));
#5130 = VERTEX_POINT('',#5131);
#5131 = CARTESIAN_POINT('',(3.95,1.7,0.));
#5132 = LINE('',#5133,#5134);
#5133 = CARTESIAN_POINT('',(3.95,-2.8,0.));
#5134 = VECTOR('',#5135,1.);
#5135 = DIRECTION('',(1.224646799147E-16,1.,0.));
#5136 = ORIENTED_EDGE('',*,*,#5137,.T.);
#5137 = EDGE_CURVE('',#5130,#5138,#5140,.T.);
#5138 = VERTEX_POINT('',#5139);
#5139 = CARTESIAN_POINT('',(2.75,1.7,0.));
#5140 = LINE('',#5141,#5142);
#5141 = CARTESIAN_POINT('',(3.95,1.7,0.));
#5142 = VECTOR('',#5143,1.);
#5143 = DIRECTION('',(-1.,1.224646799147E-16,0.));
#5144 = ORIENTED_EDGE('',*,*,#5145,.F.);
#5145 = EDGE_CURVE('',#5146,#5138,#5148,.T.);
#5146 = VERTEX_POINT('',#5147);
#5147 = CARTESIAN_POINT('',(2.75,-2.8,0.));
#5148 = LINE('',#5149,#5150);
#5149 = CARTESIAN_POINT('',(2.75,-2.8,0.));
#5150 = VECTOR('',#5151,1.);
#5151 = DIRECTION('',(1.224646799147E-16,1.,0.));
#5152 = ORIENTED_EDGE('',*,*,#5153,.T.);
#5153 = EDGE_CURVE('',#5146,#5128,#5154,.T.);
#5154 = LINE('',#5155,#5156);
#5155 = CARTESIAN_POINT('',(-1.95,-2.8,0.));
#5156 = VECTOR('',#5157,1.);
#5157 = DIRECTION('',(1.,-1.224646799147E-16,0.));
#5158 = PLANE('',#5159);
#5159 = AXIS2_PLACEMENT_3D('',#5160,#5161,#5162);
#5160 = CARTESIAN_POINT('',(1.,-0.55,0.));
#5161 = DIRECTION('',(0.,0.,1.));
#5162 = DIRECTION('',(-1.,1.224646799147E-16,0.));
#5163 = ADVANCED_FACE('',(#5164),#5222,.F.);
#5164 = FACE_BOUND('',#5165,.F.);
#5165 = EDGE_LOOP('',(#5166,#5167,#5175,#5183,#5191,#5200,#5208,#5216));
#5166 = ORIENTED_EDGE('',*,*,#5127,.F.);
#5167 = ORIENTED_EDGE('',*,*,#5168,.T.);
#5168 = EDGE_CURVE('',#5128,#5169,#5171,.T.);
#5169 = VERTEX_POINT('',#5170);
#5170 = CARTESIAN_POINT('',(3.95,-2.8,6.));
#5171 = LINE('',#5172,#5173);
#5172 = CARTESIAN_POINT('',(3.95,-2.8,0.));
#5173 = VECTOR('',#5174,1.);
#5174 = DIRECTION('',(0.,0.,1.));
#5175 = ORIENTED_EDGE('',*,*,#5176,.T.);
#5176 = EDGE_CURVE('',#5169,#5177,#5179,.T.);
#5177 = VERTEX_POINT('',#5178);
#5178 = CARTESIAN_POINT('',(3.95,-0.6,6.));
#5179 = LINE('',#5180,#5181);
#5180 = CARTESIAN_POINT('',(3.95,-2.8,6.));
#5181 = VECTOR('',#5182,1.);
#5182 = DIRECTION('',(1.224646799147E-16,1.,0.));
#5183 = ORIENTED_EDGE('',*,*,#5184,.F.);
#5184 = EDGE_CURVE('',#5185,#5177,#5187,.T.);
#5185 = VERTEX_POINT('',#5186);
#5186 = CARTESIAN_POINT('',(3.95,-0.6,4.4));
#5187 = LINE('',#5188,#5189);
#5188 = CARTESIAN_POINT('',(3.95,-0.6,4.4));
#5189 = VECTOR('',#5190,1.);
#5190 = DIRECTION('',(0.,0.,1.));
#5191 = ORIENTED_EDGE('',*,*,#5192,.F.);
#5192 = EDGE_CURVE('',#5193,#5185,#5195,.T.);
#5193 = VERTEX_POINT('',#5194);
#5194 = CARTESIAN_POINT('',(3.95,0.2,4.4));
#5195 = CIRCLE('',#5196,0.4);
#5196 = AXIS2_PLACEMENT_3D('',#5197,#5198,#5199);
#5197 = CARTESIAN_POINT('',(3.95,-0.2,4.4));
#5198 = DIRECTION('',(-1.,1.224646799147E-16,0.));
#5199 = DIRECTION('',(1.224646799147E-16,1.,0.));
#5200 = ORIENTED_EDGE('',*,*,#5201,.F.);
#5201 = EDGE_CURVE('',#5202,#5193,#5204,.T.);
#5202 = VERTEX_POINT('',#5203);
#5203 = CARTESIAN_POINT('',(3.95,0.2,6.));
#5204 = LINE('',#5205,#5206);
#5205 = CARTESIAN_POINT('',(3.95,0.2,6.));
#5206 = VECTOR('',#5207,1.);
#5207 = DIRECTION('',(-0.,0.,-1.));
#5208 = ORIENTED_EDGE('',*,*,#5209,.T.);
#5209 = EDGE_CURVE('',#5202,#5210,#5212,.T.);
#5210 = VERTEX_POINT('',#5211);
#5211 = CARTESIAN_POINT('',(3.95,1.7,6.));
#5212 = LINE('',#5213,#5214);
#5213 = CARTESIAN_POINT('',(3.95,-2.8,6.));
#5214 = VECTOR('',#5215,1.);
#5215 = DIRECTION('',(1.224646799147E-16,1.,0.));
#5216 = ORIENTED_EDGE('',*,*,#5217,.F.);
#5217 = EDGE_CURVE('',#5130,#5210,#5218,.T.);
#5218 = LINE('',#5219,#5220);
#5219 = CARTESIAN_POINT('',(3.95,1.7,0.));
#5220 = VECTOR('',#5221,1.);
#5221 = DIRECTION('',(0.,0.,1.));
#5222 = PLANE('',#5223);
#5223 = AXIS2_PLACEMENT_3D('',#5224,#5225,#5226);
#5224 = CARTESIAN_POINT('',(3.95,-2.8,0.));
#5225 = DIRECTION('',(-1.,1.224646799147E-16,0.));
#5226 = DIRECTION('',(1.224646799147E-16,1.,0.));
#5227 = ADVANCED_FACE('',(#5228),#5310,.F.);
#5228 = FACE_BOUND('',#5229,.F.);
#5229 = EDGE_LOOP('',(#5230,#5240,#5248,#5254,#5255,#5256,#5264,#5272,
    #5280,#5288,#5296,#5304));
#5230 = ORIENTED_EDGE('',*,*,#5231,.F.);
#5231 = EDGE_CURVE('',#5232,#5234,#5236,.T.);
#5232 = VERTEX_POINT('',#5233);
#5233 = CARTESIAN_POINT('',(-1.95,-2.8,0.));
#5234 = VERTEX_POINT('',#5235);
#5235 = CARTESIAN_POINT('',(-0.75,-2.8,0.));
#5236 = LINE('',#5237,#5238);
#5237 = CARTESIAN_POINT('',(-1.95,-2.8,0.));
#5238 = VECTOR('',#5239,1.);
#5239 = DIRECTION('',(1.,-1.224646799147E-16,0.));
#5240 = ORIENTED_EDGE('',*,*,#5241,.T.);
#5241 = EDGE_CURVE('',#5232,#5242,#5244,.T.);
#5242 = VERTEX_POINT('',#5243);
#5243 = CARTESIAN_POINT('',(-1.95,-2.8,6.));
#5244 = LINE('',#5245,#5246);
#5245 = CARTESIAN_POINT('',(-1.95,-2.8,0.));
#5246 = VECTOR('',#5247,1.);
#5247 = DIRECTION('',(0.,0.,1.));
#5248 = ORIENTED_EDGE('',*,*,#5249,.T.);
#5249 = EDGE_CURVE('',#5242,#5169,#5250,.T.);
#5250 = LINE('',#5251,#5252);
#5251 = CARTESIAN_POINT('',(-1.95,-2.8,6.));
#5252 = VECTOR('',#5253,1.);
#5253 = DIRECTION('',(1.,-1.224646799147E-16,0.));
#5254 = ORIENTED_EDGE('',*,*,#5168,.F.);
#5255 = ORIENTED_EDGE('',*,*,#5153,.F.);
#5256 = ORIENTED_EDGE('',*,*,#5257,.F.);
#5257 = EDGE_CURVE('',#5258,#5146,#5260,.T.);
#5258 = VERTEX_POINT('',#5259);
#5259 = CARTESIAN_POINT('',(2.75,-2.8,0.2));
#5260 = LINE('',#5261,#5262);
#5261 = CARTESIAN_POINT('',(2.75,-2.8,0.2));
#5262 = VECTOR('',#5263,1.);
#5263 = DIRECTION('',(-0.,0.,-1.));
#5264 = ORIENTED_EDGE('',*,*,#5265,.T.);
#5265 = EDGE_CURVE('',#5258,#5266,#5268,.T.);
#5266 = VERTEX_POINT('',#5267);
#5267 = CARTESIAN_POINT('',(1.25,-2.8,0.2));
#5268 = LINE('',#5269,#5270);
#5269 = CARTESIAN_POINT('',(2.75,-2.8,0.2));
#5270 = VECTOR('',#5271,1.);
#5271 = DIRECTION('',(-1.,1.224646799147E-16,0.));
#5272 = ORIENTED_EDGE('',*,*,#5273,.T.);
#5273 = EDGE_CURVE('',#5266,#5274,#5276,.T.);
#5274 = VERTEX_POINT('',#5275);
#5275 = CARTESIAN_POINT('',(1.25,-2.8,0.));
#5276 = LINE('',#5277,#5278);
#5277 = CARTESIAN_POINT('',(1.25,-2.8,0.2));
#5278 = VECTOR('',#5279,1.);
#5279 = DIRECTION('',(-0.,0.,-1.));
#5280 = ORIENTED_EDGE('',*,*,#5281,.F.);
#5281 = EDGE_CURVE('',#5282,#5274,#5284,.T.);
#5282 = VERTEX_POINT('',#5283);
#5283 = CARTESIAN_POINT('',(0.75,-2.8,0.));
#5284 = LINE('',#5285,#5286);
#5285 = CARTESIAN_POINT('',(-1.95,-2.8,0.));
#5286 = VECTOR('',#5287,1.);
#5287 = DIRECTION('',(1.,-1.224646799147E-16,0.));
#5288 = ORIENTED_EDGE('',*,*,#5289,.F.);
#5289 = EDGE_CURVE('',#5290,#5282,#5292,.T.);
#5290 = VERTEX_POINT('',#5291);
#5291 = CARTESIAN_POINT('',(0.75,-2.8,0.2));
#5292 = LINE('',#5293,#5294);
#5293 = CARTESIAN_POINT('',(0.75,-2.8,0.2));
#5294 = VECTOR('',#5295,1.);
#5295 = DIRECTION('',(-0.,0.,-1.));
#5296 = ORIENTED_EDGE('',*,*,#5297,.T.);
#5297 = EDGE_CURVE('',#5290,#5298,#5300,.T.);
#5298 = VERTEX_POINT('',#5299);
#5299 = CARTESIAN_POINT('',(-0.75,-2.8,0.2));
#5300 = LINE('',#5301,#5302);
#5301 = CARTESIAN_POINT('',(0.75,-2.8,0.2));
#5302 = VECTOR('',#5303,1.);
#5303 = DIRECTION('',(-1.,1.224646799147E-16,0.));
#5304 = ORIENTED_EDGE('',*,*,#5305,.T.);
#5305 = EDGE_CURVE('',#5298,#5234,#5306,.T.);
#5306 = LINE('',#5307,#5308);
#5307 = CARTESIAN_POINT('',(-0.75,-2.8,0.2));
#5308 = VECTOR('',#5309,1.);
#5309 = DIRECTION('',(-0.,0.,-1.));
#5310 = PLANE('',#5311);
#5311 = AXIS2_PLACEMENT_3D('',#5312,#5313,#5314);
#5312 = CARTESIAN_POINT('',(-1.95,-2.8,0.));
#5313 = DIRECTION('',(1.224646799147E-16,1.,0.));
#5314 = DIRECTION('',(1.,-1.224646799147E-16,0.));
#5315 = ADVANCED_FACE('',(#5316),#5350,.F.);
#5316 = FACE_BOUND('',#5317,.F.);
#5317 = EDGE_LOOP('',(#5318,#5326,#5334,#5342,#5348,#5349));
#5318 = ORIENTED_EDGE('',*,*,#5319,.T.);
#5319 = EDGE_CURVE('',#5138,#5320,#5322,.T.);
#5320 = VERTEX_POINT('',#5321);
#5321 = CARTESIAN_POINT('',(2.75,1.7,0.2));
#5322 = LINE('',#5323,#5324);
#5323 = CARTESIAN_POINT('',(2.75,1.7,0.));
#5324 = VECTOR('',#5325,1.);
#5325 = DIRECTION('',(0.,0.,1.));
#5326 = ORIENTED_EDGE('',*,*,#5327,.T.);
#5327 = EDGE_CURVE('',#5320,#5328,#5330,.T.);
#5328 = VERTEX_POINT('',#5329);
#5329 = CARTESIAN_POINT('',(2.75,0.5,0.1));
#5330 = LINE('',#5331,#5332);
#5331 = CARTESIAN_POINT('',(2.75,1.7,0.2));
#5332 = VECTOR('',#5333,1.);
#5333 = DIRECTION('',(-1.220416573038E-16,-0.996545758245,
    -8.304547985373E-02));
#5334 = ORIENTED_EDGE('',*,*,#5335,.T.);
#5335 = EDGE_CURVE('',#5328,#5336,#5338,.T.);
#5336 = VERTEX_POINT('',#5337);
#5337 = CARTESIAN_POINT('',(2.75,-0.5,0.1));
#5338 = LINE('',#5339,#5340);
#5339 = CARTESIAN_POINT('',(2.75,0.5,0.1));
#5340 = VECTOR('',#5341,1.);
#5341 = DIRECTION('',(-1.224646799147E-16,-1.,0.));
#5342 = ORIENTED_EDGE('',*,*,#5343,.T.);
#5343 = EDGE_CURVE('',#5336,#5258,#5344,.T.);
#5344 = LINE('',#5345,#5346);
#5345 = CARTESIAN_POINT('',(2.75,-0.5,0.1));
#5346 = VECTOR('',#5347,1.);
#5347 = DIRECTION('',(-1.223490926498E-16,-0.999056158355,
    4.343722427631E-02));
#5348 = ORIENTED_EDGE('',*,*,#5257,.T.);
#5349 = ORIENTED_EDGE('',*,*,#5145,.T.);
#5350 = PLANE('',#5351);
#5351 = AXIS2_PLACEMENT_3D('',#5352,#5353,#5354);
#5352 = CARTESIAN_POINT('',(2.75,-0.549524476701,7.07980355453E-02));
#5353 = DIRECTION('',(1.,-1.224646799147E-16,-0.));
#5354 = DIRECTION('',(-0.,0.,-1.));
#5355 = ADVANCED_FACE('',(#5356,#5527),#5561,.F.);
#5356 = FACE_BOUND('',#5357,.F.);
#5357 = EDGE_LOOP('',(#5358,#5359,#5360,#5368,#5376,#5384,#5392,#5400,
    #5408,#5416,#5424,#5432,#5440,#5448,#5456,#5464,#5472,#5480,#5488,
    #5496,#5504,#5512,#5520,#5526));
#5358 = ORIENTED_EDGE('',*,*,#5137,.F.);
#5359 = ORIENTED_EDGE('',*,*,#5217,.T.);
#5360 = ORIENTED_EDGE('',*,*,#5361,.T.);
#5361 = EDGE_CURVE('',#5210,#5362,#5364,.T.);
#5362 = VERTEX_POINT('',#5363);
#5363 = CARTESIAN_POINT('',(1.45,1.7,6.));
#5364 = LINE('',#5365,#5366);
#5365 = CARTESIAN_POINT('',(3.95,1.7,6.));
#5366 = VECTOR('',#5367,1.);
#5367 = DIRECTION('',(-1.,1.224646799147E-16,0.));
#5368 = ORIENTED_EDGE('',*,*,#5369,.T.);
#5369 = EDGE_CURVE('',#5362,#5370,#5372,.T.);
#5370 = VERTEX_POINT('',#5371);
#5371 = CARTESIAN_POINT('',(1.45,1.7,2.1));
#5372 = LINE('',#5373,#5374);
#5373 = CARTESIAN_POINT('',(1.45,1.7,6.));
#5374 = VECTOR('',#5375,1.);
#5375 = DIRECTION('',(-0.,0.,-1.));
#5376 = ORIENTED_EDGE('',*,*,#5377,.T.);
#5377 = EDGE_CURVE('',#5370,#5378,#5380,.T.);
#5378 = VERTEX_POINT('',#5379);
#5379 = CARTESIAN_POINT('',(0.55,1.7,2.1));
#5380 = LINE('',#5381,#5382);
#5381 = CARTESIAN_POINT('',(1.45,1.7,2.1));
#5382 = VECTOR('',#5383,1.);
#5383 = DIRECTION('',(-1.,1.224646799147E-16,0.));
#5384 = ORIENTED_EDGE('',*,*,#5385,.T.);
#5385 = EDGE_CURVE('',#5378,#5386,#5388,.T.);
#5386 = VERTEX_POINT('',#5387);
#5387 = CARTESIAN_POINT('',(0.55,1.7,6.));
#5388 = LINE('',#5389,#5390);
#5389 = CARTESIAN_POINT('',(0.55,1.7,2.1));
#5390 = VECTOR('',#5391,1.);
#5391 = DIRECTION('',(0.,0.,1.));
#5392 = ORIENTED_EDGE('',*,*,#5393,.T.);
#5393 = EDGE_CURVE('',#5386,#5394,#5396,.T.);
#5394 = VERTEX_POINT('',#5395);
#5395 = CARTESIAN_POINT('',(-0.45,1.7,6.));
#5396 = LINE('',#5397,#5398);
#5397 = CARTESIAN_POINT('',(3.95,1.7,6.));
#5398 = VECTOR('',#5399,1.);
#5399 = DIRECTION('',(-1.,1.224646799147E-16,0.));
#5400 = ORIENTED_EDGE('',*,*,#5401,.F.);
#5401 = EDGE_CURVE('',#5402,#5394,#5404,.T.);
#5402 = VERTEX_POINT('',#5403);
#5403 = CARTESIAN_POINT('',(-0.45,1.7,4.2));
#5404 = LINE('',#5405,#5406);
#5405 = CARTESIAN_POINT('',(-0.45,1.7,4.2));
#5406 = VECTOR('',#5407,1.);
#5407 = DIRECTION('',(0.,0.,1.));
#5408 = ORIENTED_EDGE('',*,*,#5409,.F.);
#5409 = EDGE_CURVE('',#5410,#5402,#5412,.T.);
#5410 = VERTEX_POINT('',#5411);
#5411 = CARTESIAN_POINT('',(-0.4,1.7,4.2));
#5412 = LINE('',#5413,#5414);
#5413 = CARTESIAN_POINT('',(-0.4,1.7,4.2));
#5414 = VECTOR('',#5415,1.);
#5415 = DIRECTION('',(-1.,1.224646799147E-16,0.));
#5416 = ORIENTED_EDGE('',*,*,#5417,.F.);
#5417 = EDGE_CURVE('',#5418,#5410,#5420,.T.);
#5418 = VERTEX_POINT('',#5419);
#5419 = CARTESIAN_POINT('',(-0.4,1.7,2.4));
#5420 = LINE('',#5421,#5422);
#5421 = CARTESIAN_POINT('',(-0.4,1.7,2.4));
#5422 = VECTOR('',#5423,1.);
#5423 = DIRECTION('',(0.,0.,1.));
#5424 = ORIENTED_EDGE('',*,*,#5425,.F.);
#5425 = EDGE_CURVE('',#5426,#5418,#5428,.T.);
#5426 = VERTEX_POINT('',#5427);
#5427 = CARTESIAN_POINT('',(-1.4,1.7,2.4));
#5428 = LINE('',#5429,#5430);
#5429 = CARTESIAN_POINT('',(-1.4,1.7,2.4));
#5430 = VECTOR('',#5431,1.);
#5431 = DIRECTION('',(1.,-1.224646799147E-16,0.));
#5432 = ORIENTED_EDGE('',*,*,#5433,.F.);
#5433 = EDGE_CURVE('',#5434,#5426,#5436,.T.);
#5434 = VERTEX_POINT('',#5435);
#5435 = CARTESIAN_POINT('',(-1.4,1.7,4.2));
#5436 = LINE('',#5437,#5438);
#5437 = CARTESIAN_POINT('',(-1.4,1.7,4.2));
#5438 = VECTOR('',#5439,1.);
#5439 = DIRECTION('',(-0.,0.,-1.));
#5440 = ORIENTED_EDGE('',*,*,#5441,.F.);
#5441 = EDGE_CURVE('',#5442,#5434,#5444,.T.);
#5442 = VERTEX_POINT('',#5443);
#5443 = CARTESIAN_POINT('',(-0.95,1.7,4.2));
#5444 = LINE('',#5445,#5446);
#5445 = CARTESIAN_POINT('',(-0.4,1.7,4.2));
#5446 = VECTOR('',#5447,1.);
#5447 = DIRECTION('',(-1.,1.224646799147E-16,0.));
#5448 = ORIENTED_EDGE('',*,*,#5449,.T.);
#5449 = EDGE_CURVE('',#5442,#5450,#5452,.T.);
#5450 = VERTEX_POINT('',#5451);
#5451 = CARTESIAN_POINT('',(-0.95,1.7,6.));
#5452 = LINE('',#5453,#5454);
#5453 = CARTESIAN_POINT('',(-0.95,1.7,4.2));
#5454 = VECTOR('',#5455,1.);
#5455 = DIRECTION('',(0.,0.,1.));
#5456 = ORIENTED_EDGE('',*,*,#5457,.T.);
#5457 = EDGE_CURVE('',#5450,#5458,#5460,.T.);
#5458 = VERTEX_POINT('',#5459);
#5459 = CARTESIAN_POINT('',(-1.95,1.7,6.));
#5460 = LINE('',#5461,#5462);
#5461 = CARTESIAN_POINT('',(3.95,1.7,6.));
#5462 = VECTOR('',#5463,1.);
#5463 = DIRECTION('',(-1.,1.224646799147E-16,0.));
#5464 = ORIENTED_EDGE('',*,*,#5465,.F.);
#5465 = EDGE_CURVE('',#5466,#5458,#5468,.T.);
#5466 = VERTEX_POINT('',#5467);
#5467 = CARTESIAN_POINT('',(-1.95,1.7,0.));
#5468 = LINE('',#5469,#5470);
#5469 = CARTESIAN_POINT('',(-1.95,1.7,0.));
#5470 = VECTOR('',#5471,1.);
#5471 = DIRECTION('',(0.,0.,1.));
#5472 = ORIENTED_EDGE('',*,*,#5473,.F.);
#5473 = EDGE_CURVE('',#5474,#5466,#5476,.T.);
#5474 = VERTEX_POINT('',#5475);
#5475 = CARTESIAN_POINT('',(-0.75,1.7,0.));
#5476 = LINE('',#5477,#5478);
#5477 = CARTESIAN_POINT('',(3.95,1.7,0.));
#5478 = VECTOR('',#5479,1.);
#5479 = DIRECTION('',(-1.,1.224646799147E-16,0.));
#5480 = ORIENTED_EDGE('',*,*,#5481,.T.);
#5481 = EDGE_CURVE('',#5474,#5482,#5484,.T.);
#5482 = VERTEX_POINT('',#5483);
#5483 = CARTESIAN_POINT('',(-0.75,1.7,0.2));
#5484 = LINE('',#5485,#5486);
#5485 = CARTESIAN_POINT('',(-0.75,1.7,0.));
#5486 = VECTOR('',#5487,1.);
#5487 = DIRECTION('',(0.,0.,1.));
#5488 = ORIENTED_EDGE('',*,*,#5489,.F.);
#5489 = EDGE_CURVE('',#5490,#5482,#5492,.T.);
#5490 = VERTEX_POINT('',#5491);
#5491 = CARTESIAN_POINT('',(0.75,1.7,0.2));
#5492 = LINE('',#5493,#5494);
#5493 = CARTESIAN_POINT('',(0.75,1.7,0.2));
#5494 = VECTOR('',#5495,1.);
#5495 = DIRECTION('',(-1.,1.224646799147E-16,0.));
#5496 = ORIENTED_EDGE('',*,*,#5497,.F.);
#5497 = EDGE_CURVE('',#5498,#5490,#5500,.T.);
#5498 = VERTEX_POINT('',#5499);
#5499 = CARTESIAN_POINT('',(0.75,1.7,0.));
#5500 = LINE('',#5501,#5502);
#5501 = CARTESIAN_POINT('',(0.75,1.7,0.));
#5502 = VECTOR('',#5503,1.);
#5503 = DIRECTION('',(0.,0.,1.));
#5504 = ORIENTED_EDGE('',*,*,#5505,.F.);
#5505 = EDGE_CURVE('',#5506,#5498,#5508,.T.);
#5506 = VERTEX_POINT('',#5507);
#5507 = CARTESIAN_POINT('',(1.25,1.7,0.));
#5508 = LINE('',#5509,#5510);
#5509 = CARTESIAN_POINT('',(3.95,1.7,0.));
#5510 = VECTOR('',#5511,1.);
#5511 = DIRECTION('',(-1.,1.224646799147E-16,0.));
#5512 = ORIENTED_EDGE('',*,*,#5513,.T.);
#5513 = EDGE_CURVE('',#5506,#5514,#5516,.T.);
#5514 = VERTEX_POINT('',#5515);
#5515 = CARTESIAN_POINT('',(1.25,1.7,0.2));
#5516 = LINE('',#5517,#5518);
#5517 = CARTESIAN_POINT('',(1.25,1.7,0.));
#5518 = VECTOR('',#5519,1.);
#5519 = DIRECTION('',(0.,0.,1.));
#5520 = ORIENTED_EDGE('',*,*,#5521,.F.);
#5521 = EDGE_CURVE('',#5320,#5514,#5522,.T.);
#5522 = LINE('',#5523,#5524);
#5523 = CARTESIAN_POINT('',(2.75,1.7,0.2));
#5524 = VECTOR('',#5525,1.);
#5525 = DIRECTION('',(-1.,1.224646799147E-16,0.));
#5526 = ORIENTED_EDGE('',*,*,#5319,.F.);
#5527 = FACE_BOUND('',#5528,.F.);
#5528 = EDGE_LOOP('',(#5529,#5539,#5547,#5555));
#5529 = ORIENTED_EDGE('',*,*,#5530,.T.);
#5530 = EDGE_CURVE('',#5531,#5533,#5535,.T.);
#5531 = VERTEX_POINT('',#5532);
#5532 = CARTESIAN_POINT('',(2.4,1.7,4.2));
#5533 = VERTEX_POINT('',#5534);
#5534 = CARTESIAN_POINT('',(3.4,1.7,4.2));
#5535 = LINE('',#5536,#5537);
#5536 = CARTESIAN_POINT('',(2.4,1.7,4.2));
#5537 = VECTOR('',#5538,1.);
#5538 = DIRECTION('',(1.,-1.224646799147E-16,0.));
#5539 = ORIENTED_EDGE('',*,*,#5540,.T.);
#5540 = EDGE_CURVE('',#5533,#5541,#5543,.T.);
#5541 = VERTEX_POINT('',#5542);
#5542 = CARTESIAN_POINT('',(3.4,1.7,2.4));
#5543 = LINE('',#5544,#5545);
#5544 = CARTESIAN_POINT('',(3.4,1.7,4.2));
#5545 = VECTOR('',#5546,1.);
#5546 = DIRECTION('',(-0.,0.,-1.));
#5547 = ORIENTED_EDGE('',*,*,#5548,.T.);
#5548 = EDGE_CURVE('',#5541,#5549,#5551,.T.);
#5549 = VERTEX_POINT('',#5550);
#5550 = CARTESIAN_POINT('',(2.4,1.7,2.4));
#5551 = LINE('',#5552,#5553);
#5552 = CARTESIAN_POINT('',(3.4,1.7,2.4));
#5553 = VECTOR('',#5554,1.);
#5554 = DIRECTION('',(-1.,1.224646799147E-16,0.));
#5555 = ORIENTED_EDGE('',*,*,#5556,.T.);
#5556 = EDGE_CURVE('',#5549,#5531,#5557,.T.);
#5557 = LINE('',#5558,#5559);
#5558 = CARTESIAN_POINT('',(2.4,1.7,2.4));
#5559 = VECTOR('',#5560,1.);
#5560 = DIRECTION('',(0.,0.,1.));
#5561 = PLANE('',#5562);
#5562 = AXIS2_PLACEMENT_3D('',#5563,#5564,#5565);
#5563 = CARTESIAN_POINT('',(3.95,1.7,0.));
#5564 = DIRECTION('',(-1.224646799147E-16,-1.,0.));
#5565 = DIRECTION('',(-1.,1.224646799147E-16,0.));
#5566 = ADVANCED_FACE('',(#5567),#5601,.T.);
#5567 = FACE_BOUND('',#5568,.T.);
#5568 = EDGE_LOOP('',(#5569,#5577,#5578,#5579,#5587,#5595));
#5569 = ORIENTED_EDGE('',*,*,#5570,.F.);
#5570 = EDGE_CURVE('',#5202,#5571,#5573,.T.);
#5571 = VERTEX_POINT('',#5572);
#5572 = CARTESIAN_POINT('',(3.45,0.2,6.));
#5573 = LINE('',#5574,#5575);
#5574 = CARTESIAN_POINT('',(3.95,0.2,6.));
#5575 = VECTOR('',#5576,1.);
#5576 = DIRECTION('',(-1.,1.224646799147E-16,0.));
#5577 = ORIENTED_EDGE('',*,*,#5209,.T.);
#5578 = ORIENTED_EDGE('',*,*,#5361,.T.);
#5579 = ORIENTED_EDGE('',*,*,#5580,.T.);
#5580 = EDGE_CURVE('',#5362,#5581,#5583,.T.);
#5581 = VERTEX_POINT('',#5582);
#5582 = CARTESIAN_POINT('',(1.45,1.1,6.));
#5583 = LINE('',#5584,#5585);
#5584 = CARTESIAN_POINT('',(1.45,1.7,6.));
#5585 = VECTOR('',#5586,1.);
#5586 = DIRECTION('',(-1.224646799147E-16,-1.,0.));
#5587 = ORIENTED_EDGE('',*,*,#5588,.F.);
#5588 = EDGE_CURVE('',#5589,#5581,#5591,.T.);
#5589 = VERTEX_POINT('',#5590);
#5590 = CARTESIAN_POINT('',(3.45,1.1,6.));
#5591 = LINE('',#5592,#5593);
#5592 = CARTESIAN_POINT('',(3.45,1.1,6.));
#5593 = VECTOR('',#5594,1.);
#5594 = DIRECTION('',(-1.,1.224646799147E-16,0.));
#5595 = ORIENTED_EDGE('',*,*,#5596,.F.);
#5596 = EDGE_CURVE('',#5571,#5589,#5597,.T.);
#5597 = LINE('',#5598,#5599);
#5598 = CARTESIAN_POINT('',(3.45,-2.3,6.));
#5599 = VECTOR('',#5600,1.);
#5600 = DIRECTION('',(1.224646799147E-16,1.,0.));
#5601 = PLANE('',#5602);
#5602 = AXIS2_PLACEMENT_3D('',#5603,#5604,#5605);
#5603 = CARTESIAN_POINT('',(1.,-0.55,6.));
#5604 = DIRECTION('',(0.,0.,1.));
#5605 = DIRECTION('',(-1.,1.224646799147E-16,0.));
#5606 = ADVANCED_FACE('',(#5607),#5625,.T.);
#5607 = FACE_BOUND('',#5608,.T.);
#5608 = EDGE_LOOP('',(#5609,#5610,#5611,#5619));
#5609 = ORIENTED_EDGE('',*,*,#5201,.F.);
#5610 = ORIENTED_EDGE('',*,*,#5570,.T.);
#5611 = ORIENTED_EDGE('',*,*,#5612,.T.);
#5612 = EDGE_CURVE('',#5571,#5613,#5615,.T.);
#5613 = VERTEX_POINT('',#5614);
#5614 = CARTESIAN_POINT('',(3.45,0.2,4.4));
#5615 = LINE('',#5616,#5617);
#5616 = CARTESIAN_POINT('',(3.45,0.2,6.));
#5617 = VECTOR('',#5618,1.);
#5618 = DIRECTION('',(-0.,0.,-1.));
#5619 = ORIENTED_EDGE('',*,*,#5620,.F.);
#5620 = EDGE_CURVE('',#5193,#5613,#5621,.T.);
#5621 = LINE('',#5622,#5623);
#5622 = CARTESIAN_POINT('',(3.95,0.2,4.4));
#5623 = VECTOR('',#5624,1.);
#5624 = DIRECTION('',(-1.,1.224646799147E-16,0.));
#5625 = PLANE('',#5626);
#5626 = AXIS2_PLACEMENT_3D('',#5627,#5628,#5629);
#5627 = CARTESIAN_POINT('',(3.95,0.2,6.));
#5628 = DIRECTION('',(-1.224646799147E-16,-1.,0.));
#5629 = DIRECTION('',(-0.,0.,-1.));
#5630 = ADVANCED_FACE('',(#5631),#5650,.F.);
#5631 = FACE_BOUND('',#5632,.F.);
#5632 = EDGE_LOOP('',(#5633,#5641,#5648,#5649));
#5633 = ORIENTED_EDGE('',*,*,#5634,.T.);
#5634 = EDGE_CURVE('',#5185,#5635,#5637,.T.);
#5635 = VERTEX_POINT('',#5636);
#5636 = CARTESIAN_POINT('',(3.45,-0.6,4.4));
#5637 = LINE('',#5638,#5639);
#5638 = CARTESIAN_POINT('',(3.95,-0.6,4.4));
#5639 = VECTOR('',#5640,1.);
#5640 = DIRECTION('',(-1.,1.224646799147E-16,0.));
#5641 = ORIENTED_EDGE('',*,*,#5642,.T.);
#5642 = EDGE_CURVE('',#5635,#5613,#5643,.T.);
#5643 = CIRCLE('',#5644,0.4);
#5644 = AXIS2_PLACEMENT_3D('',#5645,#5646,#5647);
#5645 = CARTESIAN_POINT('',(3.45,-0.2,4.4));
#5646 = DIRECTION('',(1.,-1.224646799147E-16,0.));
#5647 = DIRECTION('',(1.224646799147E-16,1.,0.));
#5648 = ORIENTED_EDGE('',*,*,#5620,.F.);
#5649 = ORIENTED_EDGE('',*,*,#5192,.T.);
#5650 = CYLINDRICAL_SURFACE('',#5651,0.4);
#5651 = AXIS2_PLACEMENT_3D('',#5652,#5653,#5654);
#5652 = CARTESIAN_POINT('',(3.95,-0.2,4.4));
#5653 = DIRECTION('',(1.,-1.224646799147E-16,-0.));
#5654 = DIRECTION('',(1.224646799147E-16,1.,0.));
#5655 = ADVANCED_FACE('',(#5656),#5674,.T.);
#5656 = FACE_BOUND('',#5657,.T.);
#5657 = EDGE_LOOP('',(#5658,#5659,#5660,#5668));
#5658 = ORIENTED_EDGE('',*,*,#5184,.F.);
#5659 = ORIENTED_EDGE('',*,*,#5634,.T.);
#5660 = ORIENTED_EDGE('',*,*,#5661,.T.);
#5661 = EDGE_CURVE('',#5635,#5662,#5664,.T.);
#5662 = VERTEX_POINT('',#5663);
#5663 = CARTESIAN_POINT('',(3.45,-0.6,6.));
#5664 = LINE('',#5665,#5666);
#5665 = CARTESIAN_POINT('',(3.45,-0.6,5.2));
#5666 = VECTOR('',#5667,1.);
#5667 = DIRECTION('',(0.,0.,1.));
#5668 = ORIENTED_EDGE('',*,*,#5669,.F.);
#5669 = EDGE_CURVE('',#5177,#5662,#5670,.T.);
#5670 = LINE('',#5671,#5672);
#5671 = CARTESIAN_POINT('',(3.95,-0.6,6.));
#5672 = VECTOR('',#5673,1.);
#5673 = DIRECTION('',(-1.,1.224646799147E-16,0.));
#5674 = PLANE('',#5675);
#5675 = AXIS2_PLACEMENT_3D('',#5676,#5677,#5678);
#5676 = CARTESIAN_POINT('',(3.95,-0.6,4.4));
#5677 = DIRECTION('',(1.224646799147E-16,1.,0.));
#5678 = DIRECTION('',(0.,-0.,1.));
#5679 = ADVANCED_FACE('',(#5680),#5723,.T.);
#5680 = FACE_BOUND('',#5681,.T.);
#5681 = EDGE_LOOP('',(#5682,#5683,#5684,#5692,#5700,#5708,#5716,#5722));
#5682 = ORIENTED_EDGE('',*,*,#5176,.T.);
#5683 = ORIENTED_EDGE('',*,*,#5669,.T.);
#5684 = ORIENTED_EDGE('',*,*,#5685,.F.);
#5685 = EDGE_CURVE('',#5686,#5662,#5688,.T.);
#5686 = VERTEX_POINT('',#5687);
#5687 = CARTESIAN_POINT('',(3.45,-2.3,6.));
#5688 = LINE('',#5689,#5690);
#5689 = CARTESIAN_POINT('',(3.45,-2.3,6.));
#5690 = VECTOR('',#5691,1.);
#5691 = DIRECTION('',(1.224646799147E-16,1.,0.));
#5692 = ORIENTED_EDGE('',*,*,#5693,.F.);
#5693 = EDGE_CURVE('',#5694,#5686,#5696,.T.);
#5694 = VERTEX_POINT('',#5695);
#5695 = CARTESIAN_POINT('',(-1.45,-2.3,6.));
#5696 = LINE('',#5697,#5698);
#5697 = CARTESIAN_POINT('',(-1.45,-2.3,6.));
#5698 = VECTOR('',#5699,1.);
#5699 = DIRECTION('',(1.,-1.224646799147E-16,0.));
#5700 = ORIENTED_EDGE('',*,*,#5701,.F.);
#5701 = EDGE_CURVE('',#5702,#5694,#5704,.T.);
#5702 = VERTEX_POINT('',#5703);
#5703 = CARTESIAN_POINT('',(-1.45,-0.6,6.));
#5704 = LINE('',#5705,#5706);
#5705 = CARTESIAN_POINT('',(-1.45,1.1,6.));
#5706 = VECTOR('',#5707,1.);
#5707 = DIRECTION('',(-1.224646799147E-16,-1.,0.));
#5708 = ORIENTED_EDGE('',*,*,#5709,.T.);
#5709 = EDGE_CURVE('',#5702,#5710,#5712,.T.);
#5710 = VERTEX_POINT('',#5711);
#5711 = CARTESIAN_POINT('',(-1.95,-0.6,6.));
#5712 = LINE('',#5713,#5714);
#5713 = CARTESIAN_POINT('',(3.95,-0.6,6.));
#5714 = VECTOR('',#5715,1.);
#5715 = DIRECTION('',(-1.,1.224646799147E-16,0.));
#5716 = ORIENTED_EDGE('',*,*,#5717,.T.);
#5717 = EDGE_CURVE('',#5710,#5242,#5718,.T.);
#5718 = LINE('',#5719,#5720);
#5719 = CARTESIAN_POINT('',(-1.95,1.7,6.));
#5720 = VECTOR('',#5721,1.);
#5721 = DIRECTION('',(-1.224646799147E-16,-1.,0.));
#5722 = ORIENTED_EDGE('',*,*,#5249,.T.);
#5723 = PLANE('',#5724);
#5724 = AXIS2_PLACEMENT_3D('',#5725,#5726,#5727);
#5725 = CARTESIAN_POINT('',(1.,-0.55,6.));
#5726 = DIRECTION('',(0.,0.,1.));
#5727 = DIRECTION('',(-1.,1.224646799147E-16,0.));
#5728 = ADVANCED_FACE('',(#5729),#5745,.F.);
#5729 = FACE_BOUND('',#5730,.F.);
#5730 = EDGE_LOOP('',(#5731,#5732,#5738,#5739));
#5731 = ORIENTED_EDGE('',*,*,#5231,.T.);
#5732 = ORIENTED_EDGE('',*,*,#5733,.T.);
#5733 = EDGE_CURVE('',#5234,#5474,#5734,.T.);
#5734 = LINE('',#5735,#5736);
#5735 = CARTESIAN_POINT('',(-0.75,-2.8,0.));
#5736 = VECTOR('',#5737,1.);
#5737 = DIRECTION('',(1.224646799147E-16,1.,0.));
#5738 = ORIENTED_EDGE('',*,*,#5473,.T.);
#5739 = ORIENTED_EDGE('',*,*,#5740,.T.);
#5740 = EDGE_CURVE('',#5466,#5232,#5741,.T.);
#5741 = LINE('',#5742,#5743);
#5742 = CARTESIAN_POINT('',(-1.95,1.7,0.));
#5743 = VECTOR('',#5744,1.);
#5744 = DIRECTION('',(-1.224646799147E-16,-1.,0.));
#5745 = PLANE('',#5746);
#5746 = AXIS2_PLACEMENT_3D('',#5747,#5748,#5749);
#5747 = CARTESIAN_POINT('',(1.,-0.55,0.));
#5748 = DIRECTION('',(0.,0.,1.));
#5749 = DIRECTION('',(-1.,1.224646799147E-16,0.));
#5750 = ADVANCED_FACE('',(#5751),#5778,.T.);
#5751 = FACE_BOUND('',#5752,.T.);
#5752 = EDGE_LOOP('',(#5753,#5754,#5762,#5770,#5776,#5777));
#5753 = ORIENTED_EDGE('',*,*,#5481,.T.);
#5754 = ORIENTED_EDGE('',*,*,#5755,.T.);
#5755 = EDGE_CURVE('',#5482,#5756,#5758,.T.);
#5756 = VERTEX_POINT('',#5757);
#5757 = CARTESIAN_POINT('',(-0.75,0.5,0.1));
#5758 = LINE('',#5759,#5760);
#5759 = CARTESIAN_POINT('',(-0.75,1.7,0.2));
#5760 = VECTOR('',#5761,1.);
#5761 = DIRECTION('',(-1.220416573038E-16,-0.996545758245,
    -8.304547985373E-02));
#5762 = ORIENTED_EDGE('',*,*,#5763,.T.);
#5763 = EDGE_CURVE('',#5756,#5764,#5766,.T.);
#5764 = VERTEX_POINT('',#5765);
#5765 = CARTESIAN_POINT('',(-0.75,-0.5,0.1));
#5766 = LINE('',#5767,#5768);
#5767 = CARTESIAN_POINT('',(-0.75,0.5,0.1));
#5768 = VECTOR('',#5769,1.);
#5769 = DIRECTION('',(-1.224646799147E-16,-1.,0.));
#5770 = ORIENTED_EDGE('',*,*,#5771,.T.);
#5771 = EDGE_CURVE('',#5764,#5298,#5772,.T.);
#5772 = LINE('',#5773,#5774);
#5773 = CARTESIAN_POINT('',(-0.75,-0.5,0.1));
#5774 = VECTOR('',#5775,1.);
#5775 = DIRECTION('',(-1.223490926498E-16,-0.999056158355,
    4.343722427631E-02));
#5776 = ORIENTED_EDGE('',*,*,#5305,.T.);
#5777 = ORIENTED_EDGE('',*,*,#5733,.T.);
#5778 = PLANE('',#5779);
#5779 = AXIS2_PLACEMENT_3D('',#5780,#5781,#5782);
#5780 = CARTESIAN_POINT('',(-0.75,-0.549524476701,7.07980355453E-02));
#5781 = DIRECTION('',(1.,-1.224646799147E-16,-0.));
#5782 = DIRECTION('',(-0.,0.,-1.));
#5783 = ADVANCED_FACE('',(#5784),#5802,.F.);
#5784 = FACE_BOUND('',#5785,.F.);
#5785 = EDGE_LOOP('',(#5786,#5794,#5795,#5796));
#5786 = ORIENTED_EDGE('',*,*,#5787,.T.);
#5787 = EDGE_CURVE('',#5788,#5764,#5790,.T.);
#5788 = VERTEX_POINT('',#5789);
#5789 = CARTESIAN_POINT('',(0.75,-0.5,0.1));
#5790 = LINE('',#5791,#5792);
#5791 = CARTESIAN_POINT('',(0.75,-0.5,0.1));
#5792 = VECTOR('',#5793,1.);
#5793 = DIRECTION('',(-1.,1.224646799147E-16,0.));
#5794 = ORIENTED_EDGE('',*,*,#5771,.T.);
#5795 = ORIENTED_EDGE('',*,*,#5297,.F.);
#5796 = ORIENTED_EDGE('',*,*,#5797,.F.);
#5797 = EDGE_CURVE('',#5788,#5290,#5798,.T.);
#5798 = LINE('',#5799,#5800);
#5799 = CARTESIAN_POINT('',(0.75,-0.5,0.1));
#5800 = VECTOR('',#5801,1.);
#5801 = DIRECTION('',(-1.223490926498E-16,-0.999056158355,
    4.343722427631E-02));
#5802 = PLANE('',#5803);
#5803 = AXIS2_PLACEMENT_3D('',#5804,#5805,#5806);
#5804 = CARTESIAN_POINT('',(0.75,-0.5,0.1));
#5805 = DIRECTION('',(5.319525767383E-18,4.343722427631E-02,
    0.999056158355));
#5806 = DIRECTION('',(-1.223490926498E-16,-0.999056158355,
    4.343722427631E-02));
#5807 = ADVANCED_FACE('',(#5808),#5833,.F.);
#5808 = FACE_BOUND('',#5809,.F.);
#5809 = EDGE_LOOP('',(#5810,#5811,#5819,#5825,#5826,#5827));
#5810 = ORIENTED_EDGE('',*,*,#5497,.T.);
#5811 = ORIENTED_EDGE('',*,*,#5812,.T.);
#5812 = EDGE_CURVE('',#5490,#5813,#5815,.T.);
#5813 = VERTEX_POINT('',#5814);
#5814 = CARTESIAN_POINT('',(0.75,0.5,0.1));
#5815 = LINE('',#5816,#5817);
#5816 = CARTESIAN_POINT('',(0.75,1.7,0.2));
#5817 = VECTOR('',#5818,1.);
#5818 = DIRECTION('',(-1.220416573038E-16,-0.996545758245,
    -8.304547985373E-02));
#5819 = ORIENTED_EDGE('',*,*,#5820,.T.);
#5820 = EDGE_CURVE('',#5813,#5788,#5821,.T.);
#5821 = LINE('',#5822,#5823);
#5822 = CARTESIAN_POINT('',(0.75,0.5,0.1));
#5823 = VECTOR('',#5824,1.);
#5824 = DIRECTION('',(-1.224646799147E-16,-1.,0.));
#5825 = ORIENTED_EDGE('',*,*,#5797,.T.);
#5826 = ORIENTED_EDGE('',*,*,#5289,.T.);
#5827 = ORIENTED_EDGE('',*,*,#5828,.T.);
#5828 = EDGE_CURVE('',#5282,#5498,#5829,.T.);
#5829 = LINE('',#5830,#5831);
#5830 = CARTESIAN_POINT('',(0.75,-2.8,0.));
#5831 = VECTOR('',#5832,1.);
#5832 = DIRECTION('',(1.224646799147E-16,1.,0.));
#5833 = PLANE('',#5834);
#5834 = AXIS2_PLACEMENT_3D('',#5835,#5836,#5837);
#5835 = CARTESIAN_POINT('',(0.75,-0.549524476701,7.07980355453E-02));
#5836 = DIRECTION('',(1.,-1.224646799147E-16,-0.));
#5837 = DIRECTION('',(-0.,0.,-1.));
#5838 = ADVANCED_FACE('',(#5839),#5850,.F.);
#5839 = FACE_BOUND('',#5840,.F.);
#5840 = EDGE_LOOP('',(#5841,#5842,#5848,#5849));
#5841 = ORIENTED_EDGE('',*,*,#5281,.T.);
#5842 = ORIENTED_EDGE('',*,*,#5843,.T.);
#5843 = EDGE_CURVE('',#5274,#5506,#5844,.T.);
#5844 = LINE('',#5845,#5846);
#5845 = CARTESIAN_POINT('',(1.25,-2.8,0.));
#5846 = VECTOR('',#5847,1.);
#5847 = DIRECTION('',(1.224646799147E-16,1.,0.));
#5848 = ORIENTED_EDGE('',*,*,#5505,.T.);
#5849 = ORIENTED_EDGE('',*,*,#5828,.F.);
#5850 = PLANE('',#5851);
#5851 = AXIS2_PLACEMENT_3D('',#5852,#5853,#5854);
#5852 = CARTESIAN_POINT('',(1.,-0.55,0.));
#5853 = DIRECTION('',(0.,0.,1.));
#5854 = DIRECTION('',(-1.,1.224646799147E-16,0.));
#5855 = ADVANCED_FACE('',(#5856),#5883,.T.);
#5856 = FACE_BOUND('',#5857,.T.);
#5857 = EDGE_LOOP('',(#5858,#5859,#5867,#5875,#5881,#5882));
#5858 = ORIENTED_EDGE('',*,*,#5513,.T.);
#5859 = ORIENTED_EDGE('',*,*,#5860,.T.);
#5860 = EDGE_CURVE('',#5514,#5861,#5863,.T.);
#5861 = VERTEX_POINT('',#5862);
#5862 = CARTESIAN_POINT('',(1.25,0.5,0.1));
#5863 = LINE('',#5864,#5865);
#5864 = CARTESIAN_POINT('',(1.25,1.7,0.2));
#5865 = VECTOR('',#5866,1.);
#5866 = DIRECTION('',(-1.220416573038E-16,-0.996545758245,
    -8.304547985373E-02));
#5867 = ORIENTED_EDGE('',*,*,#5868,.T.);
#5868 = EDGE_CURVE('',#5861,#5869,#5871,.T.);
#5869 = VERTEX_POINT('',#5870);
#5870 = CARTESIAN_POINT('',(1.25,-0.5,0.1));
#5871 = LINE('',#5872,#5873);
#5872 = CARTESIAN_POINT('',(1.25,0.5,0.1));
#5873 = VECTOR('',#5874,1.);
#5874 = DIRECTION('',(-1.224646799147E-16,-1.,0.));
#5875 = ORIENTED_EDGE('',*,*,#5876,.T.);
#5876 = EDGE_CURVE('',#5869,#5266,#5877,.T.);
#5877 = LINE('',#5878,#5879);
#5878 = CARTESIAN_POINT('',(1.25,-0.5,0.1));
#5879 = VECTOR('',#5880,1.);
#5880 = DIRECTION('',(-1.223490926498E-16,-0.999056158355,
    4.343722427631E-02));
#5881 = ORIENTED_EDGE('',*,*,#5273,.T.);
#5882 = ORIENTED_EDGE('',*,*,#5843,.T.);
#5883 = PLANE('',#5884);
#5884 = AXIS2_PLACEMENT_3D('',#5885,#5886,#5887);
#5885 = CARTESIAN_POINT('',(1.25,-0.549524476701,7.07980355453E-02));
#5886 = DIRECTION('',(1.,-1.224646799147E-16,-0.));
#5887 = DIRECTION('',(-0.,0.,-1.));
#5888 = ADVANCED_FACE('',(#5889),#5900,.F.);
#5889 = FACE_BOUND('',#5890,.F.);
#5890 = EDGE_LOOP('',(#5891,#5897,#5898,#5899));
#5891 = ORIENTED_EDGE('',*,*,#5892,.T.);
#5892 = EDGE_CURVE('',#5336,#5869,#5893,.T.);
#5893 = LINE('',#5894,#5895);
#5894 = CARTESIAN_POINT('',(2.75,-0.5,0.1));
#5895 = VECTOR('',#5896,1.);
#5896 = DIRECTION('',(-1.,1.224646799147E-16,0.));
#5897 = ORIENTED_EDGE('',*,*,#5876,.T.);
#5898 = ORIENTED_EDGE('',*,*,#5265,.F.);
#5899 = ORIENTED_EDGE('',*,*,#5343,.F.);
#5900 = PLANE('',#5901);
#5901 = AXIS2_PLACEMENT_3D('',#5902,#5903,#5904);
#5902 = CARTESIAN_POINT('',(2.75,-0.5,0.1));
#5903 = DIRECTION('',(5.319525767383E-18,4.343722427631E-02,
    0.999056158355));
#5904 = DIRECTION('',(-1.223490926498E-16,-0.999056158355,
    4.343722427631E-02));
#5905 = ADVANCED_FACE('',(#5906),#5943,.F.);
#5906 = FACE_BOUND('',#5907,.F.);
#5907 = EDGE_LOOP('',(#5908,#5909,#5910,#5918,#5926,#5935,#5941,#5942));
#5908 = ORIENTED_EDGE('',*,*,#5740,.F.);
#5909 = ORIENTED_EDGE('',*,*,#5465,.T.);
#5910 = ORIENTED_EDGE('',*,*,#5911,.T.);
#5911 = EDGE_CURVE('',#5458,#5912,#5914,.T.);
#5912 = VERTEX_POINT('',#5913);
#5913 = CARTESIAN_POINT('',(-1.95,0.2,6.));
#5914 = LINE('',#5915,#5916);
#5915 = CARTESIAN_POINT('',(-1.95,1.7,6.));
#5916 = VECTOR('',#5917,1.);
#5917 = DIRECTION('',(-1.224646799147E-16,-1.,0.));
#5918 = ORIENTED_EDGE('',*,*,#5919,.T.);
#5919 = EDGE_CURVE('',#5912,#5920,#5922,.T.);
#5920 = VERTEX_POINT('',#5921);
#5921 = CARTESIAN_POINT('',(-1.95,0.2,4.4));
#5922 = LINE('',#5923,#5924);
#5923 = CARTESIAN_POINT('',(-1.95,0.2,3.));
#5924 = VECTOR('',#5925,1.);
#5925 = DIRECTION('',(-0.,0.,-1.));
#5926 = ORIENTED_EDGE('',*,*,#5927,.F.);
#5927 = EDGE_CURVE('',#5928,#5920,#5930,.T.);
#5928 = VERTEX_POINT('',#5929);
#5929 = CARTESIAN_POINT('',(-1.95,-0.6,4.4));
#5930 = CIRCLE('',#5931,0.4);
#5931 = AXIS2_PLACEMENT_3D('',#5932,#5933,#5934);
#5932 = CARTESIAN_POINT('',(-1.95,-0.2,4.4));
#5933 = DIRECTION('',(1.,-1.224646799147E-16,0.));
#5934 = DIRECTION('',(1.224646799147E-16,1.,0.));
#5935 = ORIENTED_EDGE('',*,*,#5936,.T.);
#5936 = EDGE_CURVE('',#5928,#5710,#5937,.T.);
#5937 = LINE('',#5938,#5939);
#5938 = CARTESIAN_POINT('',(-1.95,-0.6,2.2));
#5939 = VECTOR('',#5940,1.);
#5940 = DIRECTION('',(0.,0.,1.));
#5941 = ORIENTED_EDGE('',*,*,#5717,.T.);
#5942 = ORIENTED_EDGE('',*,*,#5241,.F.);
#5943 = PLANE('',#5944);
#5944 = AXIS2_PLACEMENT_3D('',#5945,#5946,#5947);
#5945 = CARTESIAN_POINT('',(-1.95,1.7,0.));
#5946 = DIRECTION('',(1.,-1.224646799147E-16,0.));
#5947 = DIRECTION('',(-1.224646799147E-16,-1.,0.));
#5948 = ADVANCED_FACE('',(#5949),#5960,.F.);
#5949 = FACE_BOUND('',#5950,.F.);
#5950 = EDGE_LOOP('',(#5951,#5952,#5953,#5959));
#5951 = ORIENTED_EDGE('',*,*,#5521,.T.);
#5952 = ORIENTED_EDGE('',*,*,#5860,.T.);
#5953 = ORIENTED_EDGE('',*,*,#5954,.F.);
#5954 = EDGE_CURVE('',#5328,#5861,#5955,.T.);
#5955 = LINE('',#5956,#5957);
#5956 = CARTESIAN_POINT('',(2.75,0.5,0.1));
#5957 = VECTOR('',#5958,1.);
#5958 = DIRECTION('',(-1.,1.224646799147E-16,0.));
#5959 = ORIENTED_EDGE('',*,*,#5327,.F.);
#5960 = PLANE('',#5961);
#5961 = AXIS2_PLACEMENT_3D('',#5962,#5963,#5964);
#5962 = CARTESIAN_POINT('',(2.75,1.7,0.2));
#5963 = DIRECTION('',(-1.017013810865E-17,-8.304547985373E-02,
    0.996545758245));
#5964 = DIRECTION('',(-1.220416573038E-16,-0.996545758245,
    -8.304547985373E-02));
#5965 = ADVANCED_FACE('',(#5966,#5972),#6006,.F.);
#5966 = FACE_BOUND('',#5967,.F.);
#5967 = EDGE_LOOP('',(#5968,#5969,#5970,#5971));
#5968 = ORIENTED_EDGE('',*,*,#5954,.T.);
#5969 = ORIENTED_EDGE('',*,*,#5868,.T.);
#5970 = ORIENTED_EDGE('',*,*,#5892,.F.);
#5971 = ORIENTED_EDGE('',*,*,#5335,.F.);
#5972 = FACE_BOUND('',#5973,.F.);
#5973 = EDGE_LOOP('',(#5974,#5984,#5992,#6000));
#5974 = ORIENTED_EDGE('',*,*,#5975,.T.);
#5975 = EDGE_CURVE('',#5976,#5978,#5980,.T.);
#5976 = VERTEX_POINT('',#5977);
#5977 = CARTESIAN_POINT('',(1.75,0.25,0.1));
#5978 = VERTEX_POINT('',#5979);
#5979 = CARTESIAN_POINT('',(2.25,0.25,0.1));
#5980 = LINE('',#5981,#5982);
#5981 = CARTESIAN_POINT('',(2.5,0.25,0.1));
#5982 = VECTOR('',#5983,1.);
#5983 = DIRECTION('',(1.,-1.224646799147E-16,0.));
#5984 = ORIENTED_EDGE('',*,*,#5985,.T.);
#5985 = EDGE_CURVE('',#5978,#5986,#5988,.T.);
#5986 = VERTEX_POINT('',#5987);
#5987 = CARTESIAN_POINT('',(2.25,-0.25,0.1));
#5988 = LINE('',#5989,#5990);
#5989 = CARTESIAN_POINT('',(2.25,0.271633216363,0.1));
#5990 = VECTOR('',#5991,1.);
#5991 = DIRECTION('',(-1.224646799147E-16,-1.,0.));
#5992 = ORIENTED_EDGE('',*,*,#5993,.T.);
#5993 = EDGE_CURVE('',#5986,#5994,#5996,.T.);
#5994 = VERTEX_POINT('',#5995);
#5995 = CARTESIAN_POINT('',(1.75,-0.25,0.1));
#5996 = LINE('',#5997,#5998);
#5997 = CARTESIAN_POINT('',(2.5,-0.25,0.1));
#5998 = VECTOR('',#5999,1.);
#5999 = DIRECTION('',(-1.,1.224646799147E-16,0.));
#6000 = ORIENTED_EDGE('',*,*,#6001,.F.);
#6001 = EDGE_CURVE('',#5976,#5994,#6002,.T.);
#6002 = LINE('',#6003,#6004);
#6003 = CARTESIAN_POINT('',(1.75,0.271633216363,0.1));
#6004 = VECTOR('',#6005,1.);
#6005 = DIRECTION('',(-1.224646799147E-16,-1.,0.));
#6006 = PLANE('',#6007);
#6007 = AXIS2_PLACEMENT_3D('',#6008,#6009,#6010);
#6008 = CARTESIAN_POINT('',(2.75,0.5,0.1));
#6009 = DIRECTION('',(0.,0.,1.));
#6010 = DIRECTION('',(-1.224646799147E-16,-1.,0.));
#6011 = ADVANCED_FACE('',(#6012),#6023,.F.);
#6012 = FACE_BOUND('',#6013,.F.);
#6013 = EDGE_LOOP('',(#6014,#6015,#6016,#6022));
#6014 = ORIENTED_EDGE('',*,*,#5489,.T.);
#6015 = ORIENTED_EDGE('',*,*,#5755,.T.);
#6016 = ORIENTED_EDGE('',*,*,#6017,.F.);
#6017 = EDGE_CURVE('',#5813,#5756,#6018,.T.);
#6018 = LINE('',#6019,#6020);
#6019 = CARTESIAN_POINT('',(0.75,0.5,0.1));
#6020 = VECTOR('',#6021,1.);
#6021 = DIRECTION('',(-1.,1.224646799147E-16,0.));
#6022 = ORIENTED_EDGE('',*,*,#5812,.F.);
#6023 = PLANE('',#6024);
#6024 = AXIS2_PLACEMENT_3D('',#6025,#6026,#6027);
#6025 = CARTESIAN_POINT('',(0.75,1.7,0.2));
#6026 = DIRECTION('',(-1.017013810865E-17,-8.304547985373E-02,
    0.996545758245));
#6027 = DIRECTION('',(-1.220416573038E-16,-0.996545758245,
    -8.304547985373E-02));
#6028 = ADVANCED_FACE('',(#6029),#6086,.T.);
#6029 = FACE_BOUND('',#6030,.T.);
#6030 = EDGE_LOOP('',(#6031,#6039,#6040,#6048,#6056,#6062,#6063,#6064,
    #6072,#6080));
#6031 = ORIENTED_EDGE('',*,*,#6032,.F.);
#6032 = EDGE_CURVE('',#5386,#6033,#6035,.T.);
#6033 = VERTEX_POINT('',#6034);
#6034 = CARTESIAN_POINT('',(0.55,1.1,6.));
#6035 = LINE('',#6036,#6037);
#6036 = CARTESIAN_POINT('',(0.55,1.7,6.));
#6037 = VECTOR('',#6038,1.);
#6038 = DIRECTION('',(-1.224646799147E-16,-1.,0.));
#6039 = ORIENTED_EDGE('',*,*,#5393,.T.);
#6040 = ORIENTED_EDGE('',*,*,#6041,.T.);
#6041 = EDGE_CURVE('',#5394,#6042,#6044,.T.);
#6042 = VERTEX_POINT('',#6043);
#6043 = CARTESIAN_POINT('',(-0.45,1.75,6.));
#6044 = LINE('',#6045,#6046);
#6045 = CARTESIAN_POINT('',(-0.45,1.7,6.));
#6046 = VECTOR('',#6047,1.);
#6047 = DIRECTION('',(1.224646799147E-16,1.,0.));
#6048 = ORIENTED_EDGE('',*,*,#6049,.T.);
#6049 = EDGE_CURVE('',#6042,#6050,#6052,.T.);
#6050 = VERTEX_POINT('',#6051);
#6051 = CARTESIAN_POINT('',(-0.95,1.75,6.));
#6052 = LINE('',#6053,#6054);
#6053 = CARTESIAN_POINT('',(-0.45,1.75,6.));
#6054 = VECTOR('',#6055,1.);
#6055 = DIRECTION('',(-1.,1.224646799147E-16,0.));
#6056 = ORIENTED_EDGE('',*,*,#6057,.T.);
#6057 = EDGE_CURVE('',#6050,#5450,#6058,.T.);
#6058 = LINE('',#6059,#6060);
#6059 = CARTESIAN_POINT('',(-0.95,1.75,6.));
#6060 = VECTOR('',#6061,1.);
#6061 = DIRECTION('',(-1.224646799147E-16,-1.,0.));
#6062 = ORIENTED_EDGE('',*,*,#5457,.T.);
#6063 = ORIENTED_EDGE('',*,*,#5911,.T.);
#6064 = ORIENTED_EDGE('',*,*,#6065,.F.);
#6065 = EDGE_CURVE('',#6066,#5912,#6068,.T.);
#6066 = VERTEX_POINT('',#6067);
#6067 = CARTESIAN_POINT('',(-1.45,0.2,6.));
#6068 = LINE('',#6069,#6070);
#6069 = CARTESIAN_POINT('',(3.95,0.2,6.));
#6070 = VECTOR('',#6071,1.);
#6071 = DIRECTION('',(-1.,1.224646799147E-16,0.));
#6072 = ORIENTED_EDGE('',*,*,#6073,.F.);
#6073 = EDGE_CURVE('',#6074,#6066,#6076,.T.);
#6074 = VERTEX_POINT('',#6075);
#6075 = CARTESIAN_POINT('',(-1.45,1.1,6.));
#6076 = LINE('',#6077,#6078);
#6077 = CARTESIAN_POINT('',(-1.45,1.1,6.));
#6078 = VECTOR('',#6079,1.);
#6079 = DIRECTION('',(-1.224646799147E-16,-1.,0.));
#6080 = ORIENTED_EDGE('',*,*,#6081,.F.);
#6081 = EDGE_CURVE('',#6033,#6074,#6082,.T.);
#6082 = LINE('',#6083,#6084);
#6083 = CARTESIAN_POINT('',(3.45,1.1,6.));
#6084 = VECTOR('',#6085,1.);
#6085 = DIRECTION('',(-1.,1.224646799147E-16,0.));
#6086 = PLANE('',#6087);
#6087 = AXIS2_PLACEMENT_3D('',#6088,#6089,#6090);
#6088 = CARTESIAN_POINT('',(-0.922222222222,1.18487654321,6.));
#6089 = DIRECTION('',(0.,0.,1.));
#6090 = DIRECTION('',(-1.,1.224646799147E-16,0.));
#6091 = ADVANCED_FACE('',(#6092),#6110,.F.);
#6092 = FACE_BOUND('',#6093,.F.);
#6093 = EDGE_LOOP('',(#6094,#6102,#6103,#6104));
#6094 = ORIENTED_EDGE('',*,*,#6095,.T.);
#6095 = EDGE_CURVE('',#6096,#6050,#6098,.T.);
#6096 = VERTEX_POINT('',#6097);
#6097 = CARTESIAN_POINT('',(-0.95,1.75,4.2));
#6098 = LINE('',#6099,#6100);
#6099 = CARTESIAN_POINT('',(-0.95,1.75,4.2));
#6100 = VECTOR('',#6101,1.);
#6101 = DIRECTION('',(0.,0.,1.));
#6102 = ORIENTED_EDGE('',*,*,#6057,.T.);
#6103 = ORIENTED_EDGE('',*,*,#5449,.F.);
#6104 = ORIENTED_EDGE('',*,*,#6105,.F.);
#6105 = EDGE_CURVE('',#6096,#5442,#6106,.T.);
#6106 = LINE('',#6107,#6108);
#6107 = CARTESIAN_POINT('',(-0.95,1.75,4.2));
#6108 = VECTOR('',#6109,1.);
#6109 = DIRECTION('',(-1.224646799147E-16,-1.,0.));
#6110 = PLANE('',#6111);
#6111 = AXIS2_PLACEMENT_3D('',#6112,#6113,#6114);
#6112 = CARTESIAN_POINT('',(-0.95,1.75,4.2));
#6113 = DIRECTION('',(1.,-1.224646799147E-16,0.));
#6114 = DIRECTION('',(-1.224646799147E-16,-1.,0.));
#6115 = ADVANCED_FACE('',(#6116),#6157,.T.);
#6116 = FACE_BOUND('',#6117,.T.);
#6117 = EDGE_LOOP('',(#6118,#6119,#6127,#6135,#6141,#6142,#6143,#6151));
#6118 = ORIENTED_EDGE('',*,*,#5409,.F.);
#6119 = ORIENTED_EDGE('',*,*,#6120,.T.);
#6120 = EDGE_CURVE('',#5410,#6121,#6123,.T.);
#6121 = VERTEX_POINT('',#6122);
#6122 = CARTESIAN_POINT('',(-0.4,1.1,4.2));
#6123 = LINE('',#6124,#6125);
#6124 = CARTESIAN_POINT('',(-0.4,1.7,4.2));
#6125 = VECTOR('',#6126,1.);
#6126 = DIRECTION('',(-1.224646799147E-16,-1.,0.));
#6127 = ORIENTED_EDGE('',*,*,#6128,.T.);
#6128 = EDGE_CURVE('',#6121,#6129,#6131,.T.);
#6129 = VERTEX_POINT('',#6130);
#6130 = CARTESIAN_POINT('',(-1.4,1.1,4.2));
#6131 = LINE('',#6132,#6133);
#6132 = CARTESIAN_POINT('',(1.525,1.1,4.2));
#6133 = VECTOR('',#6134,1.);
#6134 = DIRECTION('',(-1.,1.224646799147E-16,0.));
#6135 = ORIENTED_EDGE('',*,*,#6136,.F.);
#6136 = EDGE_CURVE('',#5434,#6129,#6137,.T.);
#6137 = LINE('',#6138,#6139);
#6138 = CARTESIAN_POINT('',(-1.4,1.7,4.2));
#6139 = VECTOR('',#6140,1.);
#6140 = DIRECTION('',(-1.224646799147E-16,-1.,0.));
#6141 = ORIENTED_EDGE('',*,*,#5441,.F.);
#6142 = ORIENTED_EDGE('',*,*,#6105,.F.);
#6143 = ORIENTED_EDGE('',*,*,#6144,.F.);
#6144 = EDGE_CURVE('',#6145,#6096,#6147,.T.);
#6145 = VERTEX_POINT('',#6146);
#6146 = CARTESIAN_POINT('',(-0.45,1.75,4.2));
#6147 = LINE('',#6148,#6149);
#6148 = CARTESIAN_POINT('',(-0.45,1.75,4.2));
#6149 = VECTOR('',#6150,1.);
#6150 = DIRECTION('',(-1.,1.224646799147E-16,0.));
#6151 = ORIENTED_EDGE('',*,*,#6152,.F.);
#6152 = EDGE_CURVE('',#5402,#6145,#6153,.T.);
#6153 = LINE('',#6154,#6155);
#6154 = CARTESIAN_POINT('',(-0.45,1.7,4.2));
#6155 = VECTOR('',#6156,1.);
#6156 = DIRECTION('',(1.224646799147E-16,1.,0.));
#6157 = PLANE('',#6158);
#6158 = AXIS2_PLACEMENT_3D('',#6159,#6160,#6161);
#6159 = CARTESIAN_POINT('',(-0.893939393939,1.417424242424,4.2));
#6160 = DIRECTION('',(-2.590322521168E-30,-2.221330562073E-31,-1.));
#6161 = DIRECTION('',(1.,-1.224646799147E-16,-2.590322521168E-30));
#6162 = ADVANCED_FACE('',(#6163),#6181,.T.);
#6163 = FACE_BOUND('',#6164,.T.);
#6164 = EDGE_LOOP('',(#6165,#6166,#6167,#6175));
#6165 = ORIENTED_EDGE('',*,*,#5433,.F.);
#6166 = ORIENTED_EDGE('',*,*,#6136,.T.);
#6167 = ORIENTED_EDGE('',*,*,#6168,.T.);
#6168 = EDGE_CURVE('',#6129,#6169,#6171,.T.);
#6169 = VERTEX_POINT('',#6170);
#6170 = CARTESIAN_POINT('',(-1.4,1.1,2.4));
#6171 = LINE('',#6172,#6173);
#6172 = CARTESIAN_POINT('',(-1.4,1.1,5.1));
#6173 = VECTOR('',#6174,1.);
#6174 = DIRECTION('',(-0.,0.,-1.));
#6175 = ORIENTED_EDGE('',*,*,#6176,.F.);
#6176 = EDGE_CURVE('',#5426,#6169,#6177,.T.);
#6177 = LINE('',#6178,#6179);
#6178 = CARTESIAN_POINT('',(-1.4,1.7,2.4));
#6179 = VECTOR('',#6180,1.);
#6180 = DIRECTION('',(-1.224646799147E-16,-1.,0.));
#6181 = PLANE('',#6182);
#6182 = AXIS2_PLACEMENT_3D('',#6183,#6184,#6185);
#6183 = CARTESIAN_POINT('',(-1.4,1.7,4.2));
#6184 = DIRECTION('',(1.,-1.224646799147E-16,-0.));
#6185 = DIRECTION('',(-0.,0.,-1.));
#6186 = ADVANCED_FACE('',(#6187),#6205,.T.);
#6187 = FACE_BOUND('',#6188,.T.);
#6188 = EDGE_LOOP('',(#6189,#6190,#6191,#6199));
#6189 = ORIENTED_EDGE('',*,*,#5425,.F.);
#6190 = ORIENTED_EDGE('',*,*,#6176,.T.);
#6191 = ORIENTED_EDGE('',*,*,#6192,.T.);
#6192 = EDGE_CURVE('',#6169,#6193,#6195,.T.);
#6193 = VERTEX_POINT('',#6194);
#6194 = CARTESIAN_POINT('',(-0.4,1.1,2.4));
#6195 = LINE('',#6196,#6197);
#6196 = CARTESIAN_POINT('',(1.025,1.1,2.4));
#6197 = VECTOR('',#6198,1.);
#6198 = DIRECTION('',(1.,-1.224646799147E-16,0.));
#6199 = ORIENTED_EDGE('',*,*,#6200,.F.);
#6200 = EDGE_CURVE('',#5418,#6193,#6201,.T.);
#6201 = LINE('',#6202,#6203);
#6202 = CARTESIAN_POINT('',(-0.4,1.7,2.4));
#6203 = VECTOR('',#6204,1.);
#6204 = DIRECTION('',(-1.224646799147E-16,-1.,0.));
#6205 = PLANE('',#6206);
#6206 = AXIS2_PLACEMENT_3D('',#6207,#6208,#6209);
#6207 = CARTESIAN_POINT('',(-1.4,1.7,2.4));
#6208 = DIRECTION('',(0.,0.,1.));
#6209 = DIRECTION('',(1.,-1.224646799147E-16,0.));
#6210 = ADVANCED_FACE('',(#6211),#6222,.T.);
#6211 = FACE_BOUND('',#6212,.T.);
#6212 = EDGE_LOOP('',(#6213,#6214,#6215,#6221));
#6213 = ORIENTED_EDGE('',*,*,#5417,.F.);
#6214 = ORIENTED_EDGE('',*,*,#6200,.T.);
#6215 = ORIENTED_EDGE('',*,*,#6216,.T.);
#6216 = EDGE_CURVE('',#6193,#6121,#6217,.T.);
#6217 = LINE('',#6218,#6219);
#6218 = CARTESIAN_POINT('',(-0.4,1.1,4.2));
#6219 = VECTOR('',#6220,1.);
#6220 = DIRECTION('',(0.,0.,1.));
#6221 = ORIENTED_EDGE('',*,*,#6120,.F.);
#6222 = PLANE('',#6223);
#6223 = AXIS2_PLACEMENT_3D('',#6224,#6225,#6226);
#6224 = CARTESIAN_POINT('',(-0.4,1.7,2.4));
#6225 = DIRECTION('',(-1.,1.224646799147E-16,0.));
#6226 = DIRECTION('',(0.,0.,1.));
#6227 = ADVANCED_FACE('',(#6228),#6239,.F.);
#6228 = FACE_BOUND('',#6229,.F.);
#6229 = EDGE_LOOP('',(#6230,#6231,#6232,#6238));
#6230 = ORIENTED_EDGE('',*,*,#5401,.T.);
#6231 = ORIENTED_EDGE('',*,*,#6041,.T.);
#6232 = ORIENTED_EDGE('',*,*,#6233,.F.);
#6233 = EDGE_CURVE('',#6145,#6042,#6234,.T.);
#6234 = LINE('',#6235,#6236);
#6235 = CARTESIAN_POINT('',(-0.45,1.75,4.2));
#6236 = VECTOR('',#6237,1.);
#6237 = DIRECTION('',(0.,0.,1.));
#6238 = ORIENTED_EDGE('',*,*,#6152,.F.);
#6239 = PLANE('',#6240);
#6240 = AXIS2_PLACEMENT_3D('',#6241,#6242,#6243);
#6241 = CARTESIAN_POINT('',(-0.45,1.7,4.2));
#6242 = DIRECTION('',(-1.,1.224646799147E-16,0.));
#6243 = DIRECTION('',(1.224646799147E-16,1.,0.));
#6244 = ADVANCED_FACE('',(#6245),#6263,.F.);
#6245 = FACE_BOUND('',#6246,.F.);
#6246 = EDGE_LOOP('',(#6247,#6248,#6256,#6262));
#6247 = ORIENTED_EDGE('',*,*,#5385,.F.);
#6248 = ORIENTED_EDGE('',*,*,#6249,.T.);
#6249 = EDGE_CURVE('',#5378,#6250,#6252,.T.);
#6250 = VERTEX_POINT('',#6251);
#6251 = CARTESIAN_POINT('',(0.55,1.1,2.1));
#6252 = LINE('',#6253,#6254);
#6253 = CARTESIAN_POINT('',(0.55,1.7,2.1));
#6254 = VECTOR('',#6255,1.);
#6255 = DIRECTION('',(-1.224646799147E-16,-1.,0.));
#6256 = ORIENTED_EDGE('',*,*,#6257,.T.);
#6257 = EDGE_CURVE('',#6250,#6033,#6258,.T.);
#6258 = LINE('',#6259,#6260);
#6259 = CARTESIAN_POINT('',(0.55,1.1,4.05));
#6260 = VECTOR('',#6261,1.);
#6261 = DIRECTION('',(0.,0.,1.));
#6262 = ORIENTED_EDGE('',*,*,#6032,.F.);
#6263 = PLANE('',#6264);
#6264 = AXIS2_PLACEMENT_3D('',#6265,#6266,#6267);
#6265 = CARTESIAN_POINT('',(0.55,1.7,2.1));
#6266 = DIRECTION('',(-1.,1.224646799147E-16,0.));
#6267 = DIRECTION('',(0.,0.,1.));
#6268 = ADVANCED_FACE('',(#6269),#6287,.F.);
#6269 = FACE_BOUND('',#6270,.F.);
#6270 = EDGE_LOOP('',(#6271,#6272,#6280,#6286));
#6271 = ORIENTED_EDGE('',*,*,#5377,.F.);
#6272 = ORIENTED_EDGE('',*,*,#6273,.T.);
#6273 = EDGE_CURVE('',#5370,#6274,#6276,.T.);
#6274 = VERTEX_POINT('',#6275);
#6275 = CARTESIAN_POINT('',(1.45,1.1,2.1));
#6276 = LINE('',#6277,#6278);
#6277 = CARTESIAN_POINT('',(1.45,1.7,2.1));
#6278 = VECTOR('',#6279,1.);
#6279 = DIRECTION('',(-1.224646799147E-16,-1.,0.));
#6280 = ORIENTED_EDGE('',*,*,#6281,.T.);
#6281 = EDGE_CURVE('',#6274,#6250,#6282,.T.);
#6282 = LINE('',#6283,#6284);
#6283 = CARTESIAN_POINT('',(2.45,1.1,2.1));
#6284 = VECTOR('',#6285,1.);
#6285 = DIRECTION('',(-1.,1.224646799147E-16,0.));
#6286 = ORIENTED_EDGE('',*,*,#6249,.F.);
#6287 = PLANE('',#6288);
#6288 = AXIS2_PLACEMENT_3D('',#6289,#6290,#6291);
#6289 = CARTESIAN_POINT('',(1.45,1.7,2.1));
#6290 = DIRECTION('',(-0.,0.,-1.));
#6291 = DIRECTION('',(-1.,1.224646799147E-16,0.));
#6292 = ADVANCED_FACE('',(#6293),#6304,.F.);
#6293 = FACE_BOUND('',#6294,.F.);
#6294 = EDGE_LOOP('',(#6295,#6296,#6297,#6303));
#6295 = ORIENTED_EDGE('',*,*,#5369,.F.);
#6296 = ORIENTED_EDGE('',*,*,#5580,.T.);
#6297 = ORIENTED_EDGE('',*,*,#6298,.T.);
#6298 = EDGE_CURVE('',#5581,#6274,#6299,.T.);
#6299 = LINE('',#6300,#6301);
#6300 = CARTESIAN_POINT('',(1.45,1.1,6.));
#6301 = VECTOR('',#6302,1.);
#6302 = DIRECTION('',(-0.,0.,-1.));
#6303 = ORIENTED_EDGE('',*,*,#6273,.F.);
#6304 = PLANE('',#6305);
#6305 = AXIS2_PLACEMENT_3D('',#6306,#6307,#6308);
#6306 = CARTESIAN_POINT('',(1.45,1.7,6.));
#6307 = DIRECTION('',(1.,-1.224646799147E-16,0.));
#6308 = DIRECTION('',(0.,-0.,-1.));
#6309 = ADVANCED_FACE('',(#6310),#6335,.F.);
#6310 = FACE_BOUND('',#6311,.F.);
#6311 = EDGE_LOOP('',(#6312,#6313,#6321,#6329));
#6312 = ORIENTED_EDGE('',*,*,#5530,.F.);
#6313 = ORIENTED_EDGE('',*,*,#6314,.T.);
#6314 = EDGE_CURVE('',#5531,#6315,#6317,.T.);
#6315 = VERTEX_POINT('',#6316);
#6316 = CARTESIAN_POINT('',(2.4,1.1,4.2));
#6317 = LINE('',#6318,#6319);
#6318 = CARTESIAN_POINT('',(2.4,1.7,4.2));
#6319 = VECTOR('',#6320,1.);
#6320 = DIRECTION('',(-1.224646799147E-16,-1.,0.));
#6321 = ORIENTED_EDGE('',*,*,#6322,.T.);
#6322 = EDGE_CURVE('',#6315,#6323,#6325,.T.);
#6323 = VERTEX_POINT('',#6324);
#6324 = CARTESIAN_POINT('',(3.4,1.1,4.2));
#6325 = LINE('',#6326,#6327);
#6326 = CARTESIAN_POINT('',(2.925,1.1,4.2));
#6327 = VECTOR('',#6328,1.);
#6328 = DIRECTION('',(1.,-1.224646799147E-16,0.));
#6329 = ORIENTED_EDGE('',*,*,#6330,.F.);
#6330 = EDGE_CURVE('',#5533,#6323,#6331,.T.);
#6331 = LINE('',#6332,#6333);
#6332 = CARTESIAN_POINT('',(3.4,1.7,4.2));
#6333 = VECTOR('',#6334,1.);
#6334 = DIRECTION('',(-1.224646799147E-16,-1.,0.));
#6335 = PLANE('',#6336);
#6336 = AXIS2_PLACEMENT_3D('',#6337,#6338,#6339);
#6337 = CARTESIAN_POINT('',(2.4,1.7,4.2));
#6338 = DIRECTION('',(0.,0.,1.));
#6339 = DIRECTION('',(1.,-1.224646799147E-16,0.));
#6340 = ADVANCED_FACE('',(#6341),#6359,.F.);
#6341 = FACE_BOUND('',#6342,.F.);
#6342 = EDGE_LOOP('',(#6343,#6344,#6352,#6358));
#6343 = ORIENTED_EDGE('',*,*,#5556,.F.);
#6344 = ORIENTED_EDGE('',*,*,#6345,.T.);
#6345 = EDGE_CURVE('',#5549,#6346,#6348,.T.);
#6346 = VERTEX_POINT('',#6347);
#6347 = CARTESIAN_POINT('',(2.4,1.1,2.4));
#6348 = LINE('',#6349,#6350);
#6349 = CARTESIAN_POINT('',(2.4,1.7,2.4));
#6350 = VECTOR('',#6351,1.);
#6351 = DIRECTION('',(-1.224646799147E-16,-1.,0.));
#6352 = ORIENTED_EDGE('',*,*,#6353,.T.);
#6353 = EDGE_CURVE('',#6346,#6315,#6354,.T.);
#6354 = LINE('',#6355,#6356);
#6355 = CARTESIAN_POINT('',(2.4,1.1,4.2));
#6356 = VECTOR('',#6357,1.);
#6357 = DIRECTION('',(0.,0.,1.));
#6358 = ORIENTED_EDGE('',*,*,#6314,.F.);
#6359 = PLANE('',#6360);
#6360 = AXIS2_PLACEMENT_3D('',#6361,#6362,#6363);
#6361 = CARTESIAN_POINT('',(2.4,1.7,2.4));
#6362 = DIRECTION('',(-1.,1.224646799147E-16,0.));
#6363 = DIRECTION('',(0.,0.,1.));
#6364 = ADVANCED_FACE('',(#6365),#6383,.F.);
#6365 = FACE_BOUND('',#6366,.F.);
#6366 = EDGE_LOOP('',(#6367,#6368,#6369,#6377));
#6367 = ORIENTED_EDGE('',*,*,#5540,.F.);
#6368 = ORIENTED_EDGE('',*,*,#6330,.T.);
#6369 = ORIENTED_EDGE('',*,*,#6370,.T.);
#6370 = EDGE_CURVE('',#6323,#6371,#6373,.T.);
#6371 = VERTEX_POINT('',#6372);
#6372 = CARTESIAN_POINT('',(3.4,1.1,2.4));
#6373 = LINE('',#6374,#6375);
#6374 = CARTESIAN_POINT('',(3.4,1.1,5.1));
#6375 = VECTOR('',#6376,1.);
#6376 = DIRECTION('',(-0.,0.,-1.));
#6377 = ORIENTED_EDGE('',*,*,#6378,.F.);
#6378 = EDGE_CURVE('',#5541,#6371,#6379,.T.);
#6379 = LINE('',#6380,#6381);
#6380 = CARTESIAN_POINT('',(3.4,1.7,2.4));
#6381 = VECTOR('',#6382,1.);
#6382 = DIRECTION('',(-1.224646799147E-16,-1.,0.));
#6383 = PLANE('',#6384);
#6384 = AXIS2_PLACEMENT_3D('',#6385,#6386,#6387);
#6385 = CARTESIAN_POINT('',(3.4,1.7,4.2));
#6386 = DIRECTION('',(1.,-1.224646799147E-16,-0.));
#6387 = DIRECTION('',(-0.,0.,-1.));
#6388 = ADVANCED_FACE('',(#6389),#6400,.F.);
#6389 = FACE_BOUND('',#6390,.F.);
#6390 = EDGE_LOOP('',(#6391,#6392,#6393,#6399));
#6391 = ORIENTED_EDGE('',*,*,#5548,.F.);
#6392 = ORIENTED_EDGE('',*,*,#6378,.T.);
#6393 = ORIENTED_EDGE('',*,*,#6394,.T.);
#6394 = EDGE_CURVE('',#6371,#6346,#6395,.T.);
#6395 = LINE('',#6396,#6397);
#6396 = CARTESIAN_POINT('',(3.425,1.1,2.4));
#6397 = VECTOR('',#6398,1.);
#6398 = DIRECTION('',(-1.,1.224646799147E-16,0.));
#6399 = ORIENTED_EDGE('',*,*,#6345,.F.);
#6400 = PLANE('',#6401);
#6401 = AXIS2_PLACEMENT_3D('',#6402,#6403,#6404);
#6402 = CARTESIAN_POINT('',(3.4,1.7,2.4));
#6403 = DIRECTION('',(-0.,0.,-1.));
#6404 = DIRECTION('',(-1.,1.224646799147E-16,0.));
#6405 = ADVANCED_FACE('',(#6406),#6435,.F.);
#6406 = FACE_BOUND('',#6407,.F.);
#6407 = EDGE_LOOP('',(#6408,#6409,#6417,#6425,#6431,#6432,#6433,#6434));
#6408 = ORIENTED_EDGE('',*,*,#5685,.F.);
#6409 = ORIENTED_EDGE('',*,*,#6410,.T.);
#6410 = EDGE_CURVE('',#5686,#6411,#6413,.T.);
#6411 = VERTEX_POINT('',#6412);
#6412 = CARTESIAN_POINT('',(3.45,-2.3,1.8));
#6413 = LINE('',#6414,#6415);
#6414 = CARTESIAN_POINT('',(3.45,-2.3,6.));
#6415 = VECTOR('',#6416,1.);
#6416 = DIRECTION('',(0.,0.,-1.));
#6417 = ORIENTED_EDGE('',*,*,#6418,.T.);
#6418 = EDGE_CURVE('',#6411,#6419,#6421,.T.);
#6419 = VERTEX_POINT('',#6420);
#6420 = CARTESIAN_POINT('',(3.45,1.1,1.8));
#6421 = LINE('',#6422,#6423);
#6422 = CARTESIAN_POINT('',(3.45,-2.3,1.8));
#6423 = VECTOR('',#6424,1.);
#6424 = DIRECTION('',(1.224646799147E-16,1.,0.));
#6425 = ORIENTED_EDGE('',*,*,#6426,.F.);
#6426 = EDGE_CURVE('',#5589,#6419,#6427,.T.);
#6427 = LINE('',#6428,#6429);
#6428 = CARTESIAN_POINT('',(3.45,1.1,6.));
#6429 = VECTOR('',#6430,1.);
#6430 = DIRECTION('',(0.,0.,-1.));
#6431 = ORIENTED_EDGE('',*,*,#5596,.F.);
#6432 = ORIENTED_EDGE('',*,*,#5612,.T.);
#6433 = ORIENTED_EDGE('',*,*,#5642,.F.);
#6434 = ORIENTED_EDGE('',*,*,#5661,.T.);
#6435 = PLANE('',#6436);
#6436 = AXIS2_PLACEMENT_3D('',#6437,#6438,#6439);
#6437 = CARTESIAN_POINT('',(3.45,-2.3,6.));
#6438 = DIRECTION('',(1.,-1.224646799147E-16,0.));
#6439 = DIRECTION('',(1.224646799147E-16,1.,0.));
#6440 = ADVANCED_FACE('',(#6441,#6463,#6469),#6475,.F.);
#6441 = FACE_BOUND('',#6442,.F.);
#6442 = EDGE_LOOP('',(#6443,#6444,#6445,#6453,#6459,#6460,#6461,#6462));
#6443 = ORIENTED_EDGE('',*,*,#5588,.F.);
#6444 = ORIENTED_EDGE('',*,*,#6426,.T.);
#6445 = ORIENTED_EDGE('',*,*,#6446,.T.);
#6446 = EDGE_CURVE('',#6419,#6447,#6449,.T.);
#6447 = VERTEX_POINT('',#6448);
#6448 = CARTESIAN_POINT('',(-1.45,1.1,1.8));
#6449 = LINE('',#6450,#6451);
#6450 = CARTESIAN_POINT('',(3.45,1.1,1.8));
#6451 = VECTOR('',#6452,1.);
#6452 = DIRECTION('',(-1.,1.224646799147E-16,0.));
#6453 = ORIENTED_EDGE('',*,*,#6454,.F.);
#6454 = EDGE_CURVE('',#6074,#6447,#6455,.T.);
#6455 = LINE('',#6456,#6457);
#6456 = CARTESIAN_POINT('',(-1.45,1.1,6.));
#6457 = VECTOR('',#6458,1.);
#6458 = DIRECTION('',(0.,0.,-1.));
#6459 = ORIENTED_EDGE('',*,*,#6081,.F.);
#6460 = ORIENTED_EDGE('',*,*,#6257,.F.);
#6461 = ORIENTED_EDGE('',*,*,#6281,.F.);
#6462 = ORIENTED_EDGE('',*,*,#6298,.F.);
#6463 = FACE_BOUND('',#6464,.F.);
#6464 = EDGE_LOOP('',(#6465,#6466,#6467,#6468));
#6465 = ORIENTED_EDGE('',*,*,#6128,.T.);
#6466 = ORIENTED_EDGE('',*,*,#6168,.T.);
#6467 = ORIENTED_EDGE('',*,*,#6192,.T.);
#6468 = ORIENTED_EDGE('',*,*,#6216,.T.);
#6469 = FACE_BOUND('',#6470,.F.);
#6470 = EDGE_LOOP('',(#6471,#6472,#6473,#6474));
#6471 = ORIENTED_EDGE('',*,*,#6394,.F.);
#6472 = ORIENTED_EDGE('',*,*,#6370,.F.);
#6473 = ORIENTED_EDGE('',*,*,#6322,.F.);
#6474 = ORIENTED_EDGE('',*,*,#6353,.F.);
#6475 = PLANE('',#6476);
#6476 = AXIS2_PLACEMENT_3D('',#6477,#6478,#6479);
#6477 = CARTESIAN_POINT('',(3.45,1.1,6.));
#6478 = DIRECTION('',(1.224646799147E-16,1.,0.));
#6479 = DIRECTION('',(-1.,1.224646799147E-16,0.));
#6480 = ADVANCED_FACE('',(#6481),#6499,.T.);
#6481 = FACE_BOUND('',#6482,.T.);
#6482 = EDGE_LOOP('',(#6483,#6491,#6497,#6498));
#6483 = ORIENTED_EDGE('',*,*,#6484,.T.);
#6484 = EDGE_CURVE('',#5702,#6485,#6487,.T.);
#6485 = VERTEX_POINT('',#6486);
#6486 = CARTESIAN_POINT('',(-1.45,-0.6,4.4));
#6487 = LINE('',#6488,#6489);
#6488 = CARTESIAN_POINT('',(-1.45,-0.6,5.2));
#6489 = VECTOR('',#6490,1.);
#6490 = DIRECTION('',(-0.,0.,-1.));
#6491 = ORIENTED_EDGE('',*,*,#6492,.T.);
#6492 = EDGE_CURVE('',#6485,#5928,#6493,.T.);
#6493 = LINE('',#6494,#6495);
#6494 = CARTESIAN_POINT('',(3.95,-0.6,4.4));
#6495 = VECTOR('',#6496,1.);
#6496 = DIRECTION('',(-1.,1.224646799147E-16,0.));
#6497 = ORIENTED_EDGE('',*,*,#5936,.T.);
#6498 = ORIENTED_EDGE('',*,*,#5709,.F.);
#6499 = PLANE('',#6500);
#6500 = AXIS2_PLACEMENT_3D('',#6501,#6502,#6503);
#6501 = CARTESIAN_POINT('',(3.95,-0.6,4.4));
#6502 = DIRECTION('',(1.224646799147E-16,1.,0.));
#6503 = DIRECTION('',(0.,-0.,1.));
#6504 = ADVANCED_FACE('',(#6505),#6540,.F.);
#6505 = FACE_BOUND('',#6506,.F.);
#6506 = EDGE_LOOP('',(#6507,#6508,#6509,#6517,#6523,#6524,#6525,#6534));
#6507 = ORIENTED_EDGE('',*,*,#6073,.F.);
#6508 = ORIENTED_EDGE('',*,*,#6454,.T.);
#6509 = ORIENTED_EDGE('',*,*,#6510,.T.);
#6510 = EDGE_CURVE('',#6447,#6511,#6513,.T.);
#6511 = VERTEX_POINT('',#6512);
#6512 = CARTESIAN_POINT('',(-1.45,-2.3,1.8));
#6513 = LINE('',#6514,#6515);
#6514 = CARTESIAN_POINT('',(-1.45,1.1,1.8));
#6515 = VECTOR('',#6516,1.);
#6516 = DIRECTION('',(-1.224646799147E-16,-1.,0.));
#6517 = ORIENTED_EDGE('',*,*,#6518,.F.);
#6518 = EDGE_CURVE('',#5694,#6511,#6519,.T.);
#6519 = LINE('',#6520,#6521);
#6520 = CARTESIAN_POINT('',(-1.45,-2.3,6.));
#6521 = VECTOR('',#6522,1.);
#6522 = DIRECTION('',(0.,0.,-1.));
#6523 = ORIENTED_EDGE('',*,*,#5701,.F.);
#6524 = ORIENTED_EDGE('',*,*,#6484,.T.);
#6525 = ORIENTED_EDGE('',*,*,#6526,.T.);
#6526 = EDGE_CURVE('',#6485,#6527,#6529,.T.);
#6527 = VERTEX_POINT('',#6528);
#6528 = CARTESIAN_POINT('',(-1.45,0.2,4.4));
#6529 = CIRCLE('',#6530,0.4);
#6530 = AXIS2_PLACEMENT_3D('',#6531,#6532,#6533);
#6531 = CARTESIAN_POINT('',(-1.45,-0.2,4.4));
#6532 = DIRECTION('',(1.,-1.224646799147E-16,0.));
#6533 = DIRECTION('',(1.224646799147E-16,1.,0.));
#6534 = ORIENTED_EDGE('',*,*,#6535,.T.);
#6535 = EDGE_CURVE('',#6527,#6066,#6536,.T.);
#6536 = LINE('',#6537,#6538);
#6537 = CARTESIAN_POINT('',(-1.45,0.2,6.));
#6538 = VECTOR('',#6539,1.);
#6539 = DIRECTION('',(0.,0.,1.));
#6540 = PLANE('',#6541);
#6541 = AXIS2_PLACEMENT_3D('',#6542,#6543,#6544);
#6542 = CARTESIAN_POINT('',(-1.45,1.1,6.));
#6543 = DIRECTION('',(-1.,1.224646799147E-16,0.));
#6544 = DIRECTION('',(-1.224646799147E-16,-1.,0.));
#6545 = ADVANCED_FACE('',(#6546),#6589,.F.);
#6546 = FACE_BOUND('',#6547,.F.);
#6547 = EDGE_LOOP('',(#6548,#6549,#6550,#6558,#6566,#6574,#6582,#6588));
#6548 = ORIENTED_EDGE('',*,*,#5693,.F.);
#6549 = ORIENTED_EDGE('',*,*,#6518,.T.);
#6550 = ORIENTED_EDGE('',*,*,#6551,.T.);
#6551 = EDGE_CURVE('',#6511,#6552,#6554,.T.);
#6552 = VERTEX_POINT('',#6553);
#6553 = CARTESIAN_POINT('',(0.8,-2.3,1.8));
#6554 = LINE('',#6555,#6556);
#6555 = CARTESIAN_POINT('',(-1.45,-2.3,1.8));
#6556 = VECTOR('',#6557,1.);
#6557 = DIRECTION('',(1.,-1.224646799147E-16,0.));
#6558 = ORIENTED_EDGE('',*,*,#6559,.T.);
#6559 = EDGE_CURVE('',#6552,#6560,#6562,.T.);
#6560 = VERTEX_POINT('',#6561);
#6561 = CARTESIAN_POINT('',(0.8,-2.3,3.7));
#6562 = LINE('',#6563,#6564);
#6563 = CARTESIAN_POINT('',(0.8,-2.3,1.8));
#6564 = VECTOR('',#6565,1.);
#6565 = DIRECTION('',(0.,0.,1.));
#6566 = ORIENTED_EDGE('',*,*,#6567,.T.);
#6567 = EDGE_CURVE('',#6560,#6568,#6570,.T.);
#6568 = VERTEX_POINT('',#6569);
#6569 = CARTESIAN_POINT('',(1.2,-2.3,3.7));
#6570 = LINE('',#6571,#6572);
#6571 = CARTESIAN_POINT('',(0.8,-2.3,3.7));
#6572 = VECTOR('',#6573,1.);
#6573 = DIRECTION('',(1.,-1.224646799147E-16,0.));
#6574 = ORIENTED_EDGE('',*,*,#6575,.F.);
#6575 = EDGE_CURVE('',#6576,#6568,#6578,.T.);
#6576 = VERTEX_POINT('',#6577);
#6577 = CARTESIAN_POINT('',(1.2,-2.3,1.8));
#6578 = LINE('',#6579,#6580);
#6579 = CARTESIAN_POINT('',(1.2,-2.3,1.8));
#6580 = VECTOR('',#6581,1.);
#6581 = DIRECTION('',(0.,0.,1.));
#6582 = ORIENTED_EDGE('',*,*,#6583,.T.);
#6583 = EDGE_CURVE('',#6576,#6411,#6584,.T.);
#6584 = LINE('',#6585,#6586);
#6585 = CARTESIAN_POINT('',(-1.45,-2.3,1.8));
#6586 = VECTOR('',#6587,1.);
#6587 = DIRECTION('',(1.,-1.224646799147E-16,0.));
#6588 = ORIENTED_EDGE('',*,*,#6410,.F.);
#6589 = PLANE('',#6590);
#6590 = AXIS2_PLACEMENT_3D('',#6591,#6592,#6593);
#6591 = CARTESIAN_POINT('',(-1.45,-2.3,6.));
#6592 = DIRECTION('',(-1.224646799147E-16,-1.,0.));
#6593 = DIRECTION('',(1.,-1.224646799147E-16,0.));
#6594 = ADVANCED_FACE('',(#6595,#6601),#6635,.F.);
#6595 = FACE_BOUND('',#6596,.F.);
#6596 = EDGE_LOOP('',(#6597,#6598,#6599,#6600));
#6597 = ORIENTED_EDGE('',*,*,#6017,.T.);
#6598 = ORIENTED_EDGE('',*,*,#5763,.T.);
#6599 = ORIENTED_EDGE('',*,*,#5787,.F.);
#6600 = ORIENTED_EDGE('',*,*,#5820,.F.);
#6601 = FACE_BOUND('',#6602,.F.);
#6602 = EDGE_LOOP('',(#6603,#6613,#6621,#6629));
#6603 = ORIENTED_EDGE('',*,*,#6604,.T.);
#6604 = EDGE_CURVE('',#6605,#6607,#6609,.T.);
#6605 = VERTEX_POINT('',#6606);
#6606 = CARTESIAN_POINT('',(-0.25,0.25,0.1));
#6607 = VERTEX_POINT('',#6608);
#6608 = CARTESIAN_POINT('',(0.25,0.25,0.1));
#6609 = LINE('',#6610,#6611);
#6610 = CARTESIAN_POINT('',(0.5,0.25,0.1));
#6611 = VECTOR('',#6612,1.);
#6612 = DIRECTION('',(1.,-1.224646799147E-16,0.));
#6613 = ORIENTED_EDGE('',*,*,#6614,.T.);
#6614 = EDGE_CURVE('',#6607,#6615,#6617,.T.);
#6615 = VERTEX_POINT('',#6616);
#6616 = CARTESIAN_POINT('',(0.25,-0.25,0.1));
#6617 = LINE('',#6618,#6619);
#6618 = CARTESIAN_POINT('',(0.25,0.271633216363,0.1));
#6619 = VECTOR('',#6620,1.);
#6620 = DIRECTION('',(-1.224646799147E-16,-1.,0.));
#6621 = ORIENTED_EDGE('',*,*,#6622,.T.);
#6622 = EDGE_CURVE('',#6615,#6623,#6625,.T.);
#6623 = VERTEX_POINT('',#6624);
#6624 = CARTESIAN_POINT('',(-0.25,-0.25,0.1));
#6625 = LINE('',#6626,#6627);
#6626 = CARTESIAN_POINT('',(0.5,-0.25,0.1));
#6627 = VECTOR('',#6628,1.);
#6628 = DIRECTION('',(-1.,1.224646799147E-16,0.));
#6629 = ORIENTED_EDGE('',*,*,#6630,.F.);
#6630 = EDGE_CURVE('',#6605,#6623,#6631,.T.);
#6631 = LINE('',#6632,#6633);
#6632 = CARTESIAN_POINT('',(-0.25,0.271633216363,0.1));
#6633 = VECTOR('',#6634,1.);
#6634 = DIRECTION('',(-1.224646799147E-16,-1.,0.));
#6635 = PLANE('',#6636);
#6636 = AXIS2_PLACEMENT_3D('',#6637,#6638,#6639);
#6637 = CARTESIAN_POINT('',(0.75,0.5,0.1));
#6638 = DIRECTION('',(0.,0.,1.));
#6639 = DIRECTION('',(-1.224646799147E-16,-1.,0.));
#6640 = ADVANCED_FACE('',(#6641),#6652,.F.);
#6641 = FACE_BOUND('',#6642,.F.);
#6642 = EDGE_LOOP('',(#6643,#6644,#6645,#6651));
#6643 = ORIENTED_EDGE('',*,*,#6492,.T.);
#6644 = ORIENTED_EDGE('',*,*,#5927,.T.);
#6645 = ORIENTED_EDGE('',*,*,#6646,.F.);
#6646 = EDGE_CURVE('',#6527,#5920,#6647,.T.);
#6647 = LINE('',#6648,#6649);
#6648 = CARTESIAN_POINT('',(3.95,0.2,4.4));
#6649 = VECTOR('',#6650,1.);
#6650 = DIRECTION('',(-1.,1.224646799147E-16,0.));
#6651 = ORIENTED_EDGE('',*,*,#6526,.F.);
#6652 = CYLINDRICAL_SURFACE('',#6653,0.4);
#6653 = AXIS2_PLACEMENT_3D('',#6654,#6655,#6656);
#6654 = CARTESIAN_POINT('',(3.95,-0.2,4.4));
#6655 = DIRECTION('',(1.,-1.224646799147E-16,-0.));
#6656 = DIRECTION('',(1.224646799147E-16,1.,0.));
#6657 = ADVANCED_FACE('',(#6658),#6664,.T.);
#6658 = FACE_BOUND('',#6659,.T.);
#6659 = EDGE_LOOP('',(#6660,#6661,#6662,#6663));
#6660 = ORIENTED_EDGE('',*,*,#6535,.T.);
#6661 = ORIENTED_EDGE('',*,*,#6065,.T.);
#6662 = ORIENTED_EDGE('',*,*,#5919,.T.);
#6663 = ORIENTED_EDGE('',*,*,#6646,.F.);
#6664 = PLANE('',#6665);
#6665 = AXIS2_PLACEMENT_3D('',#6666,#6667,#6668);
#6666 = CARTESIAN_POINT('',(3.95,0.2,6.));
#6667 = DIRECTION('',(-1.224646799147E-16,-1.,0.));
#6668 = DIRECTION('',(-0.,0.,-1.));
#6669 = ADVANCED_FACE('',(#6670),#6695,.F.);
#6670 = FACE_BOUND('',#6671,.F.);
#6671 = EDGE_LOOP('',(#6672,#6680,#6681,#6689));
#6672 = ORIENTED_EDGE('',*,*,#6673,.F.);
#6673 = EDGE_CURVE('',#5978,#6674,#6676,.T.);
#6674 = VERTEX_POINT('',#6675);
#6675 = CARTESIAN_POINT('',(2.25,0.25,-0.9));
#6676 = LINE('',#6677,#6678);
#6677 = CARTESIAN_POINT('',(2.25,0.25,5.));
#6678 = VECTOR('',#6679,1.);
#6679 = DIRECTION('',(-0.,0.,-1.));
#6680 = ORIENTED_EDGE('',*,*,#5975,.F.);
#6681 = ORIENTED_EDGE('',*,*,#6682,.T.);
#6682 = EDGE_CURVE('',#5976,#6683,#6685,.T.);
#6683 = VERTEX_POINT('',#6684);
#6684 = CARTESIAN_POINT('',(1.75,0.25,-0.9));
#6685 = LINE('',#6686,#6687);
#6686 = CARTESIAN_POINT('',(1.75,0.25,5.));
#6687 = VECTOR('',#6688,1.);
#6688 = DIRECTION('',(-0.,0.,-1.));
#6689 = ORIENTED_EDGE('',*,*,#6690,.F.);
#6690 = EDGE_CURVE('',#6674,#6683,#6691,.T.);
#6691 = LINE('',#6692,#6693);
#6692 = CARTESIAN_POINT('',(2.25,0.25,-0.9));
#6693 = VECTOR('',#6694,1.);
#6694 = DIRECTION('',(-1.,1.224646799147E-16,0.));
#6695 = PLANE('',#6696);
#6696 = AXIS2_PLACEMENT_3D('',#6697,#6698,#6699);
#6697 = CARTESIAN_POINT('',(2.25,0.25,5.));
#6698 = DIRECTION('',(-1.224646799147E-16,-1.,0.));
#6699 = DIRECTION('',(-0.,0.,-1.));
#6700 = ADVANCED_FACE('',(#6701),#6751,.T.);
#6701 = FACE_BOUND('',#6702,.T.);
#6702 = EDGE_LOOP('',(#6703,#6713,#6721,#6729,#6735,#6736,#6737,#6745));
#6703 = ORIENTED_EDGE('',*,*,#6704,.T.);
#6704 = EDGE_CURVE('',#6705,#6707,#6709,.T.);
#6705 = VERTEX_POINT('',#6706);
#6706 = CARTESIAN_POINT('',(1.75,0.281578947368,-3.2));
#6707 = VERTEX_POINT('',#6708);
#6708 = CARTESIAN_POINT('',(1.75,-0.218421052632,-3.2));
#6709 = LINE('',#6710,#6711);
#6710 = CARTESIAN_POINT('',(1.75,0.25,-3.2));
#6711 = VECTOR('',#6712,1.);
#6712 = DIRECTION('',(-1.224646799147E-16,-1.,0.));
#6713 = ORIENTED_EDGE('',*,*,#6714,.T.);
#6714 = EDGE_CURVE('',#6707,#6715,#6717,.T.);
#6715 = VERTEX_POINT('',#6716);
#6716 = CARTESIAN_POINT('',(1.75,5.E-02,-1.5));
#6717 = LINE('',#6718,#6719);
#6718 = CARTESIAN_POINT('',(1.75,-0.25,-3.4));
#6719 = VECTOR('',#6720,1.);
#6720 = DIRECTION('',(1.909990663905E-17,0.155962573473,0.987762965329)
  );
#6721 = ORIENTED_EDGE('',*,*,#6722,.T.);
#6722 = EDGE_CURVE('',#6715,#6723,#6725,.T.);
#6723 = VERTEX_POINT('',#6724);
#6724 = CARTESIAN_POINT('',(1.75,-0.25,-0.9));
#6725 = LINE('',#6726,#6727);
#6726 = CARTESIAN_POINT('',(1.75,5.E-02,-1.5));
#6727 = VECTOR('',#6728,1.);
#6728 = DIRECTION('',(-5.476786982641E-17,-0.4472135955,0.894427191));
#6729 = ORIENTED_EDGE('',*,*,#6730,.T.);
#6730 = EDGE_CURVE('',#6723,#5994,#6731,.T.);
#6731 = LINE('',#6732,#6733);
#6732 = CARTESIAN_POINT('',(1.75,-0.25,-0.9));
#6733 = VECTOR('',#6734,1.);
#6734 = DIRECTION('',(0.,0.,1.));
#6735 = ORIENTED_EDGE('',*,*,#6001,.F.);
#6736 = ORIENTED_EDGE('',*,*,#6682,.T.);
#6737 = ORIENTED_EDGE('',*,*,#6738,.T.);
#6738 = EDGE_CURVE('',#6683,#6739,#6741,.T.);
#6739 = VERTEX_POINT('',#6740);
#6740 = CARTESIAN_POINT('',(1.75,0.55,-1.5));
#6741 = LINE('',#6742,#6743);
#6742 = CARTESIAN_POINT('',(1.75,0.25,-0.9));
#6743 = VECTOR('',#6744,1.);
#6744 = DIRECTION('',(5.476786982641E-17,0.4472135955,-0.894427191));
#6745 = ORIENTED_EDGE('',*,*,#6746,.T.);
#6746 = EDGE_CURVE('',#6739,#6705,#6747,.T.);
#6747 = LINE('',#6748,#6749);
#6748 = CARTESIAN_POINT('',(1.75,0.55,-1.5));
#6749 = VECTOR('',#6750,1.);
#6750 = DIRECTION('',(-1.909990663905E-17,-0.155962573473,
    -0.987762965329));
#6751 = PLANE('',#6752);
#6752 = AXIS2_PLACEMENT_3D('',#6753,#6754,#6755);
#6753 = CARTESIAN_POINT('',(1.75,4.326643272645E-02,0.775746953017));
#6754 = DIRECTION('',(-1.,1.224646799147E-16,0.));
#6755 = DIRECTION('',(0.,0.,1.));
#6756 = ADVANCED_FACE('',(#6757),#6775,.F.);
#6757 = FACE_BOUND('',#6758,.F.);
#6758 = EDGE_LOOP('',(#6759,#6767,#6773,#6774));
#6759 = ORIENTED_EDGE('',*,*,#6760,.F.);
#6760 = EDGE_CURVE('',#6761,#5986,#6763,.T.);
#6761 = VERTEX_POINT('',#6762);
#6762 = CARTESIAN_POINT('',(2.25,-0.25,-0.9));
#6763 = LINE('',#6764,#6765);
#6764 = CARTESIAN_POINT('',(2.25,-0.25,-0.9));
#6765 = VECTOR('',#6766,1.);
#6766 = DIRECTION('',(0.,0.,1.));
#6767 = ORIENTED_EDGE('',*,*,#6768,.T.);
#6768 = EDGE_CURVE('',#6761,#6723,#6769,.T.);
#6769 = LINE('',#6770,#6771);
#6770 = CARTESIAN_POINT('',(2.25,-0.25,-0.9));
#6771 = VECTOR('',#6772,1.);
#6772 = DIRECTION('',(-1.,1.224646799147E-16,0.));
#6773 = ORIENTED_EDGE('',*,*,#6730,.T.);
#6774 = ORIENTED_EDGE('',*,*,#5993,.F.);
#6775 = PLANE('',#6776);
#6776 = AXIS2_PLACEMENT_3D('',#6777,#6778,#6779);
#6777 = CARTESIAN_POINT('',(2.25,-0.25,-0.9));
#6778 = DIRECTION('',(1.224646799147E-16,1.,0.));
#6779 = DIRECTION('',(0.,-0.,1.));
#6780 = ADVANCED_FACE('',(#6781),#6824,.F.);
#6781 = FACE_BOUND('',#6782,.F.);
#6782 = EDGE_LOOP('',(#6783,#6793,#6801,#6807,#6808,#6809,#6810,#6818));
#6783 = ORIENTED_EDGE('',*,*,#6784,.T.);
#6784 = EDGE_CURVE('',#6785,#6787,#6789,.T.);
#6785 = VERTEX_POINT('',#6786);
#6786 = CARTESIAN_POINT('',(2.25,0.281578947368,-3.2));
#6787 = VERTEX_POINT('',#6788);
#6788 = CARTESIAN_POINT('',(2.25,-0.218421052632,-3.2));
#6789 = LINE('',#6790,#6791);
#6790 = CARTESIAN_POINT('',(2.25,0.25,-3.2));
#6791 = VECTOR('',#6792,1.);
#6792 = DIRECTION('',(-1.224646799147E-16,-1.,0.));
#6793 = ORIENTED_EDGE('',*,*,#6794,.T.);
#6794 = EDGE_CURVE('',#6787,#6795,#6797,.T.);
#6795 = VERTEX_POINT('',#6796);
#6796 = CARTESIAN_POINT('',(2.25,5.E-02,-1.5));
#6797 = LINE('',#6798,#6799);
#6798 = CARTESIAN_POINT('',(2.25,-0.25,-3.4));
#6799 = VECTOR('',#6800,1.);
#6800 = DIRECTION('',(1.909990663905E-17,0.155962573473,0.987762965329)
  );
#6801 = ORIENTED_EDGE('',*,*,#6802,.T.);
#6802 = EDGE_CURVE('',#6795,#6761,#6803,.T.);
#6803 = LINE('',#6804,#6805);
#6804 = CARTESIAN_POINT('',(2.25,5.E-02,-1.5));
#6805 = VECTOR('',#6806,1.);
#6806 = DIRECTION('',(-5.476786982641E-17,-0.4472135955,0.894427191));
#6807 = ORIENTED_EDGE('',*,*,#6760,.T.);
#6808 = ORIENTED_EDGE('',*,*,#5985,.F.);
#6809 = ORIENTED_EDGE('',*,*,#6673,.T.);
#6810 = ORIENTED_EDGE('',*,*,#6811,.T.);
#6811 = EDGE_CURVE('',#6674,#6812,#6814,.T.);
#6812 = VERTEX_POINT('',#6813);
#6813 = CARTESIAN_POINT('',(2.25,0.55,-1.5));
#6814 = LINE('',#6815,#6816);
#6815 = CARTESIAN_POINT('',(2.25,0.25,-0.9));
#6816 = VECTOR('',#6817,1.);
#6817 = DIRECTION('',(5.476786982641E-17,0.4472135955,-0.894427191));
#6818 = ORIENTED_EDGE('',*,*,#6819,.T.);
#6819 = EDGE_CURVE('',#6812,#6785,#6820,.T.);
#6820 = LINE('',#6821,#6822);
#6821 = CARTESIAN_POINT('',(2.25,0.55,-1.5));
#6822 = VECTOR('',#6823,1.);
#6823 = DIRECTION('',(-1.909990663905E-17,-0.155962573473,
    -0.987762965329));
#6824 = PLANE('',#6825);
#6825 = AXIS2_PLACEMENT_3D('',#6826,#6827,#6828);
#6826 = CARTESIAN_POINT('',(2.25,4.326643272645E-02,0.775746953017));
#6827 = DIRECTION('',(-1.,1.224646799147E-16,0.));
#6828 = DIRECTION('',(0.,0.,1.));
#6829 = ADVANCED_FACE('',(#6830),#6836,.F.);
#6830 = FACE_BOUND('',#6831,.F.);
#6831 = EDGE_LOOP('',(#6832,#6833,#6834,#6835));
#6832 = ORIENTED_EDGE('',*,*,#6233,.T.);
#6833 = ORIENTED_EDGE('',*,*,#6049,.T.);
#6834 = ORIENTED_EDGE('',*,*,#6095,.F.);
#6835 = ORIENTED_EDGE('',*,*,#6144,.F.);
#6836 = PLANE('',#6837);
#6837 = AXIS2_PLACEMENT_3D('',#6838,#6839,#6840);
#6838 = CARTESIAN_POINT('',(-0.45,1.75,4.2));
#6839 = DIRECTION('',(-1.224646799147E-16,-1.,0.));
#6840 = DIRECTION('',(-1.,1.224646799147E-16,0.));
#6841 = ADVANCED_FACE('',(#6842,#6871,#6905),#6939,.T.);
#6842 = FACE_BOUND('',#6843,.T.);
#6843 = EDGE_LOOP('',(#6844,#6845,#6846,#6847,#6848,#6856,#6864,#6870));
#6844 = ORIENTED_EDGE('',*,*,#6418,.T.);
#6845 = ORIENTED_EDGE('',*,*,#6446,.T.);
#6846 = ORIENTED_EDGE('',*,*,#6510,.T.);
#6847 = ORIENTED_EDGE('',*,*,#6551,.T.);
#6848 = ORIENTED_EDGE('',*,*,#6849,.F.);
#6849 = EDGE_CURVE('',#6850,#6552,#6852,.T.);
#6850 = VERTEX_POINT('',#6851);
#6851 = CARTESIAN_POINT('',(0.8,-2.,1.8));
#6852 = LINE('',#6853,#6854);
#6853 = CARTESIAN_POINT('',(0.8,-2.,1.8));
#6854 = VECTOR('',#6855,1.);
#6855 = DIRECTION('',(-1.224646799147E-16,-1.,0.));
#6856 = ORIENTED_EDGE('',*,*,#6857,.F.);
#6857 = EDGE_CURVE('',#6858,#6850,#6860,.T.);
#6858 = VERTEX_POINT('',#6859);
#6859 = CARTESIAN_POINT('',(1.2,-2.,1.8));
#6860 = LINE('',#6861,#6862);
#6861 = CARTESIAN_POINT('',(1.2,-2.,1.8));
#6862 = VECTOR('',#6863,1.);
#6863 = DIRECTION('',(-1.,1.224646799147E-16,0.));
#6864 = ORIENTED_EDGE('',*,*,#6865,.F.);
#6865 = EDGE_CURVE('',#6576,#6858,#6866,.T.);
#6866 = LINE('',#6867,#6868);
#6867 = CARTESIAN_POINT('',(1.2,-2.3,1.8));
#6868 = VECTOR('',#6869,1.);
#6869 = DIRECTION('',(1.224646799147E-16,1.,0.));
#6870 = ORIENTED_EDGE('',*,*,#6583,.T.);
#6871 = FACE_BOUND('',#6872,.T.);
#6872 = EDGE_LOOP('',(#6873,#6883,#6891,#6899));
#6873 = ORIENTED_EDGE('',*,*,#6874,.T.);
#6874 = EDGE_CURVE('',#6875,#6877,#6879,.T.);
#6875 = VERTEX_POINT('',#6876);
#6876 = CARTESIAN_POINT('',(1.75,0.25,1.8));
#6877 = VERTEX_POINT('',#6878);
#6878 = CARTESIAN_POINT('',(2.25,0.25,1.8));
#6879 = LINE('',#6880,#6881);
#6880 = CARTESIAN_POINT('',(1.625,0.25,1.8));
#6881 = VECTOR('',#6882,1.);
#6882 = DIRECTION('',(1.,-1.224646799147E-16,0.));
#6883 = ORIENTED_EDGE('',*,*,#6884,.T.);
#6884 = EDGE_CURVE('',#6877,#6885,#6887,.T.);
#6885 = VERTEX_POINT('',#6886);
#6886 = CARTESIAN_POINT('',(2.25,-0.25,1.8));
#6887 = LINE('',#6888,#6889);
#6888 = CARTESIAN_POINT('',(2.25,-0.278366783637,1.8));
#6889 = VECTOR('',#6890,1.);
#6890 = DIRECTION('',(-1.224646799147E-16,-1.,0.));
#6891 = ORIENTED_EDGE('',*,*,#6892,.T.);
#6892 = EDGE_CURVE('',#6885,#6893,#6895,.T.);
#6893 = VERTEX_POINT('',#6894);
#6894 = CARTESIAN_POINT('',(1.75,-0.25,1.8));
#6895 = LINE('',#6896,#6897);
#6896 = CARTESIAN_POINT('',(1.625,-0.25,1.8));
#6897 = VECTOR('',#6898,1.);
#6898 = DIRECTION('',(-1.,1.224646799147E-16,0.));
#6899 = ORIENTED_EDGE('',*,*,#6900,.F.);
#6900 = EDGE_CURVE('',#6875,#6893,#6901,.T.);
#6901 = LINE('',#6902,#6903);
#6902 = CARTESIAN_POINT('',(1.75,-0.278366783637,1.8));
#6903 = VECTOR('',#6904,1.);
#6904 = DIRECTION('',(-1.224646799147E-16,-1.,0.));
#6905 = FACE_BOUND('',#6906,.T.);
#6906 = EDGE_LOOP('',(#6907,#6917,#6925,#6933));
#6907 = ORIENTED_EDGE('',*,*,#6908,.T.);
#6908 = EDGE_CURVE('',#6909,#6911,#6913,.T.);
#6909 = VERTEX_POINT('',#6910);
#6910 = CARTESIAN_POINT('',(-0.25,0.25,1.8));
#6911 = VERTEX_POINT('',#6912);
#6912 = CARTESIAN_POINT('',(0.25,0.25,1.8));
#6913 = LINE('',#6914,#6915);
#6914 = CARTESIAN_POINT('',(0.625,0.25,1.8));
#6915 = VECTOR('',#6916,1.);
#6916 = DIRECTION('',(1.,-1.224646799147E-16,0.));
#6917 = ORIENTED_EDGE('',*,*,#6918,.T.);
#6918 = EDGE_CURVE('',#6911,#6919,#6921,.T.);
#6919 = VERTEX_POINT('',#6920);
#6920 = CARTESIAN_POINT('',(0.25,-0.25,1.8));
#6921 = LINE('',#6922,#6923);
#6922 = CARTESIAN_POINT('',(0.25,-0.278366783637,1.8));
#6923 = VECTOR('',#6924,1.);
#6924 = DIRECTION('',(-1.224646799147E-16,-1.,0.));
#6925 = ORIENTED_EDGE('',*,*,#6926,.T.);
#6926 = EDGE_CURVE('',#6919,#6927,#6929,.T.);
#6927 = VERTEX_POINT('',#6928);
#6928 = CARTESIAN_POINT('',(-0.25,-0.25,1.8));
#6929 = LINE('',#6930,#6931);
#6930 = CARTESIAN_POINT('',(0.625,-0.25,1.8));
#6931 = VECTOR('',#6932,1.);
#6932 = DIRECTION('',(-1.,1.224646799147E-16,0.));
#6933 = ORIENTED_EDGE('',*,*,#6934,.F.);
#6934 = EDGE_CURVE('',#6909,#6927,#6935,.T.);
#6935 = LINE('',#6936,#6937);
#6936 = CARTESIAN_POINT('',(-0.25,-0.278366783637,1.8));
#6937 = VECTOR('',#6938,1.);
#6938 = DIRECTION('',(-1.224646799147E-16,-1.,0.));
#6939 = PLANE('',#6940);
#6940 = AXIS2_PLACEMENT_3D('',#6941,#6942,#6943);
#6941 = CARTESIAN_POINT('',(1.,-0.6,1.8));
#6942 = DIRECTION('',(0.,0.,1.));
#6943 = DIRECTION('',(-1.,1.224646799147E-16,0.));
#6944 = ADVANCED_FACE('',(#6945),#6963,.F.);
#6945 = FACE_BOUND('',#6946,.F.);
#6946 = EDGE_LOOP('',(#6947,#6948,#6956,#6962));
#6947 = ORIENTED_EDGE('',*,*,#6575,.T.);
#6948 = ORIENTED_EDGE('',*,*,#6949,.T.);
#6949 = EDGE_CURVE('',#6568,#6950,#6952,.T.);
#6950 = VERTEX_POINT('',#6951);
#6951 = CARTESIAN_POINT('',(1.2,-2.,3.7));
#6952 = LINE('',#6953,#6954);
#6953 = CARTESIAN_POINT('',(1.2,-2.3,3.7));
#6954 = VECTOR('',#6955,1.);
#6955 = DIRECTION('',(1.224646799147E-16,1.,0.));
#6956 = ORIENTED_EDGE('',*,*,#6957,.F.);
#6957 = EDGE_CURVE('',#6858,#6950,#6958,.T.);
#6958 = LINE('',#6959,#6960);
#6959 = CARTESIAN_POINT('',(1.2,-2.,1.8));
#6960 = VECTOR('',#6961,1.);
#6961 = DIRECTION('',(0.,0.,1.));
#6962 = ORIENTED_EDGE('',*,*,#6865,.F.);
#6963 = PLANE('',#6964);
#6964 = AXIS2_PLACEMENT_3D('',#6965,#6966,#6967);
#6965 = CARTESIAN_POINT('',(1.2,-2.3,1.8));
#6966 = DIRECTION('',(-1.,1.224646799147E-16,0.));
#6967 = DIRECTION('',(1.224646799147E-16,1.,0.));
#6968 = ADVANCED_FACE('',(#6969),#6987,.T.);
#6969 = FACE_BOUND('',#6970,.T.);
#6970 = EDGE_LOOP('',(#6971,#6979,#6985,#6986));
#6971 = ORIENTED_EDGE('',*,*,#6972,.T.);
#6972 = EDGE_CURVE('',#6950,#6973,#6975,.T.);
#6973 = VERTEX_POINT('',#6974);
#6974 = CARTESIAN_POINT('',(0.8,-2.,3.7));
#6975 = LINE('',#6976,#6977);
#6976 = CARTESIAN_POINT('',(1.2,-2.,3.7));
#6977 = VECTOR('',#6978,1.);
#6978 = DIRECTION('',(-1.,1.224646799147E-16,0.));
#6979 = ORIENTED_EDGE('',*,*,#6980,.T.);
#6980 = EDGE_CURVE('',#6973,#6560,#6981,.T.);
#6981 = LINE('',#6982,#6983);
#6982 = CARTESIAN_POINT('',(0.8,-2.,3.7));
#6983 = VECTOR('',#6984,1.);
#6984 = DIRECTION('',(-1.224646799147E-16,-1.,0.));
#6985 = ORIENTED_EDGE('',*,*,#6567,.T.);
#6986 = ORIENTED_EDGE('',*,*,#6949,.T.);
#6987 = PLANE('',#6988);
#6988 = AXIS2_PLACEMENT_3D('',#6989,#6990,#6991);
#6989 = CARTESIAN_POINT('',(1.,-2.15,3.7));
#6990 = DIRECTION('',(0.,0.,1.));
#6991 = DIRECTION('',(-1.,1.224646799147E-16,0.));
#6992 = ADVANCED_FACE('',(#6993),#7004,.F.);
#6993 = FACE_BOUND('',#6994,.F.);
#6994 = EDGE_LOOP('',(#6995,#7001,#7002,#7003));
#6995 = ORIENTED_EDGE('',*,*,#6996,.T.);
#6996 = EDGE_CURVE('',#6850,#6973,#6997,.T.);
#6997 = LINE('',#6998,#6999);
#6998 = CARTESIAN_POINT('',(0.8,-2.,1.8));
#6999 = VECTOR('',#7000,1.);
#7000 = DIRECTION('',(0.,0.,1.));
#7001 = ORIENTED_EDGE('',*,*,#6980,.T.);
#7002 = ORIENTED_EDGE('',*,*,#6559,.F.);
#7003 = ORIENTED_EDGE('',*,*,#6849,.F.);
#7004 = PLANE('',#7005);
#7005 = AXIS2_PLACEMENT_3D('',#7006,#7007,#7008);
#7006 = CARTESIAN_POINT('',(0.8,-2.,1.8));
#7007 = DIRECTION('',(1.,-1.224646799147E-16,0.));
#7008 = DIRECTION('',(-1.224646799147E-16,-1.,0.));
#7009 = ADVANCED_FACE('',(#7010),#7035,.F.);
#7010 = FACE_BOUND('',#7011,.F.);
#7011 = EDGE_LOOP('',(#7012,#7020,#7021,#7029));
#7012 = ORIENTED_EDGE('',*,*,#7013,.F.);
#7013 = EDGE_CURVE('',#6607,#7014,#7016,.T.);
#7014 = VERTEX_POINT('',#7015);
#7015 = CARTESIAN_POINT('',(0.25,0.25,-0.9));
#7016 = LINE('',#7017,#7018);
#7017 = CARTESIAN_POINT('',(0.25,0.25,5.));
#7018 = VECTOR('',#7019,1.);
#7019 = DIRECTION('',(-0.,0.,-1.));
#7020 = ORIENTED_EDGE('',*,*,#6604,.F.);
#7021 = ORIENTED_EDGE('',*,*,#7022,.T.);
#7022 = EDGE_CURVE('',#6605,#7023,#7025,.T.);
#7023 = VERTEX_POINT('',#7024);
#7024 = CARTESIAN_POINT('',(-0.25,0.25,-0.9));
#7025 = LINE('',#7026,#7027);
#7026 = CARTESIAN_POINT('',(-0.25,0.25,5.));
#7027 = VECTOR('',#7028,1.);
#7028 = DIRECTION('',(-0.,0.,-1.));
#7029 = ORIENTED_EDGE('',*,*,#7030,.F.);
#7030 = EDGE_CURVE('',#7014,#7023,#7031,.T.);
#7031 = LINE('',#7032,#7033);
#7032 = CARTESIAN_POINT('',(0.25,0.25,-0.9));
#7033 = VECTOR('',#7034,1.);
#7034 = DIRECTION('',(-1.,1.224646799147E-16,0.));
#7035 = PLANE('',#7036);
#7036 = AXIS2_PLACEMENT_3D('',#7037,#7038,#7039);
#7037 = CARTESIAN_POINT('',(0.25,0.25,5.));
#7038 = DIRECTION('',(-1.224646799147E-16,-1.,0.));
#7039 = DIRECTION('',(-0.,0.,-1.));
#7040 = ADVANCED_FACE('',(#7041),#7091,.T.);
#7041 = FACE_BOUND('',#7042,.T.);
#7042 = EDGE_LOOP('',(#7043,#7053,#7061,#7069,#7075,#7076,#7077,#7085));
#7043 = ORIENTED_EDGE('',*,*,#7044,.T.);
#7044 = EDGE_CURVE('',#7045,#7047,#7049,.T.);
#7045 = VERTEX_POINT('',#7046);
#7046 = CARTESIAN_POINT('',(-0.25,0.281578947368,-3.2));
#7047 = VERTEX_POINT('',#7048);
#7048 = CARTESIAN_POINT('',(-0.25,-0.218421052632,-3.2));
#7049 = LINE('',#7050,#7051);
#7050 = CARTESIAN_POINT('',(-0.25,0.25,-3.2));
#7051 = VECTOR('',#7052,1.);
#7052 = DIRECTION('',(-1.224646799147E-16,-1.,0.));
#7053 = ORIENTED_EDGE('',*,*,#7054,.T.);
#7054 = EDGE_CURVE('',#7047,#7055,#7057,.T.);
#7055 = VERTEX_POINT('',#7056);
#7056 = CARTESIAN_POINT('',(-0.25,5.E-02,-1.5));
#7057 = LINE('',#7058,#7059);
#7058 = CARTESIAN_POINT('',(-0.25,-0.25,-3.4));
#7059 = VECTOR('',#7060,1.);
#7060 = DIRECTION('',(1.909990663905E-17,0.155962573473,0.987762965329)
  );
#7061 = ORIENTED_EDGE('',*,*,#7062,.T.);
#7062 = EDGE_CURVE('',#7055,#7063,#7065,.T.);
#7063 = VERTEX_POINT('',#7064);
#7064 = CARTESIAN_POINT('',(-0.25,-0.25,-0.9));
#7065 = LINE('',#7066,#7067);
#7066 = CARTESIAN_POINT('',(-0.25,5.E-02,-1.5));
#7067 = VECTOR('',#7068,1.);
#7068 = DIRECTION('',(-5.476786982641E-17,-0.4472135955,0.894427191));
#7069 = ORIENTED_EDGE('',*,*,#7070,.T.);
#7070 = EDGE_CURVE('',#7063,#6623,#7071,.T.);
#7071 = LINE('',#7072,#7073);
#7072 = CARTESIAN_POINT('',(-0.25,-0.25,-0.9));
#7073 = VECTOR('',#7074,1.);
#7074 = DIRECTION('',(0.,0.,1.));
#7075 = ORIENTED_EDGE('',*,*,#6630,.F.);
#7076 = ORIENTED_EDGE('',*,*,#7022,.T.);
#7077 = ORIENTED_EDGE('',*,*,#7078,.T.);
#7078 = EDGE_CURVE('',#7023,#7079,#7081,.T.);
#7079 = VERTEX_POINT('',#7080);
#7080 = CARTESIAN_POINT('',(-0.25,0.55,-1.5));
#7081 = LINE('',#7082,#7083);
#7082 = CARTESIAN_POINT('',(-0.25,0.25,-0.9));
#7083 = VECTOR('',#7084,1.);
#7084 = DIRECTION('',(5.476786982641E-17,0.4472135955,-0.894427191));
#7085 = ORIENTED_EDGE('',*,*,#7086,.T.);
#7086 = EDGE_CURVE('',#7079,#7045,#7087,.T.);
#7087 = LINE('',#7088,#7089);
#7088 = CARTESIAN_POINT('',(-0.25,0.55,-1.5));
#7089 = VECTOR('',#7090,1.);
#7090 = DIRECTION('',(-1.909990663905E-17,-0.155962573473,
    -0.987762965329));
#7091 = PLANE('',#7092);
#7092 = AXIS2_PLACEMENT_3D('',#7093,#7094,#7095);
#7093 = CARTESIAN_POINT('',(-0.25,4.326643272645E-02,0.775746953017));
#7094 = DIRECTION('',(-1.,1.224646799147E-16,0.));
#7095 = DIRECTION('',(0.,0.,1.));
#7096 = ADVANCED_FACE('',(#7097),#7115,.F.);
#7097 = FACE_BOUND('',#7098,.F.);
#7098 = EDGE_LOOP('',(#7099,#7107,#7113,#7114));
#7099 = ORIENTED_EDGE('',*,*,#7100,.F.);
#7100 = EDGE_CURVE('',#7101,#6615,#7103,.T.);
#7101 = VERTEX_POINT('',#7102);
#7102 = CARTESIAN_POINT('',(0.25,-0.25,-0.9));
#7103 = LINE('',#7104,#7105);
#7104 = CARTESIAN_POINT('',(0.25,-0.25,-0.9));
#7105 = VECTOR('',#7106,1.);
#7106 = DIRECTION('',(0.,0.,1.));
#7107 = ORIENTED_EDGE('',*,*,#7108,.T.);
#7108 = EDGE_CURVE('',#7101,#7063,#7109,.T.);
#7109 = LINE('',#7110,#7111);
#7110 = CARTESIAN_POINT('',(0.25,-0.25,-0.9));
#7111 = VECTOR('',#7112,1.);
#7112 = DIRECTION('',(-1.,1.224646799147E-16,0.));
#7113 = ORIENTED_EDGE('',*,*,#7070,.T.);
#7114 = ORIENTED_EDGE('',*,*,#6622,.F.);
#7115 = PLANE('',#7116);
#7116 = AXIS2_PLACEMENT_3D('',#7117,#7118,#7119);
#7117 = CARTESIAN_POINT('',(0.25,-0.25,-0.9));
#7118 = DIRECTION('',(1.224646799147E-16,1.,0.));
#7119 = DIRECTION('',(0.,-0.,1.));
#7120 = ADVANCED_FACE('',(#7121),#7164,.F.);
#7121 = FACE_BOUND('',#7122,.F.);
#7122 = EDGE_LOOP('',(#7123,#7133,#7141,#7147,#7148,#7149,#7150,#7158));
#7123 = ORIENTED_EDGE('',*,*,#7124,.T.);
#7124 = EDGE_CURVE('',#7125,#7127,#7129,.T.);
#7125 = VERTEX_POINT('',#7126);
#7126 = CARTESIAN_POINT('',(0.25,0.281578947368,-3.2));
#7127 = VERTEX_POINT('',#7128);
#7128 = CARTESIAN_POINT('',(0.25,-0.218421052632,-3.2));
#7129 = LINE('',#7130,#7131);
#7130 = CARTESIAN_POINT('',(0.25,0.25,-3.2));
#7131 = VECTOR('',#7132,1.);
#7132 = DIRECTION('',(-1.224646799147E-16,-1.,0.));
#7133 = ORIENTED_EDGE('',*,*,#7134,.T.);
#7134 = EDGE_CURVE('',#7127,#7135,#7137,.T.);
#7135 = VERTEX_POINT('',#7136);
#7136 = CARTESIAN_POINT('',(0.25,5.E-02,-1.5));
#7137 = LINE('',#7138,#7139);
#7138 = CARTESIAN_POINT('',(0.25,-0.25,-3.4));
#7139 = VECTOR('',#7140,1.);
#7140 = DIRECTION('',(1.909990663905E-17,0.155962573473,0.987762965329)
  );
#7141 = ORIENTED_EDGE('',*,*,#7142,.T.);
#7142 = EDGE_CURVE('',#7135,#7101,#7143,.T.);
#7143 = LINE('',#7144,#7145);
#7144 = CARTESIAN_POINT('',(0.25,5.E-02,-1.5));
#7145 = VECTOR('',#7146,1.);
#7146 = DIRECTION('',(-5.476786982641E-17,-0.4472135955,0.894427191));
#7147 = ORIENTED_EDGE('',*,*,#7100,.T.);
#7148 = ORIENTED_EDGE('',*,*,#6614,.F.);
#7149 = ORIENTED_EDGE('',*,*,#7013,.T.);
#7150 = ORIENTED_EDGE('',*,*,#7151,.T.);
#7151 = EDGE_CURVE('',#7014,#7152,#7154,.T.);
#7152 = VERTEX_POINT('',#7153);
#7153 = CARTESIAN_POINT('',(0.25,0.55,-1.5));
#7154 = LINE('',#7155,#7156);
#7155 = CARTESIAN_POINT('',(0.25,0.25,-0.9));
#7156 = VECTOR('',#7157,1.);
#7157 = DIRECTION('',(5.476786982641E-17,0.4472135955,-0.894427191));
#7158 = ORIENTED_EDGE('',*,*,#7159,.T.);
#7159 = EDGE_CURVE('',#7152,#7125,#7160,.T.);
#7160 = LINE('',#7161,#7162);
#7161 = CARTESIAN_POINT('',(0.25,0.55,-1.5));
#7162 = VECTOR('',#7163,1.);
#7163 = DIRECTION('',(-1.909990663905E-17,-0.155962573473,
    -0.987762965329));
#7164 = PLANE('',#7165);
#7165 = AXIS2_PLACEMENT_3D('',#7166,#7167,#7168);
#7166 = CARTESIAN_POINT('',(0.25,4.326643272645E-02,0.775746953017));
#7167 = DIRECTION('',(-1.,1.224646799147E-16,0.));
#7168 = DIRECTION('',(0.,0.,1.));
#7169 = ADVANCED_FACE('',(#7170),#7181,.F.);
#7170 = FACE_BOUND('',#7171,.F.);
#7171 = EDGE_LOOP('',(#7172,#7173,#7174,#7180));
#7172 = ORIENTED_EDGE('',*,*,#6690,.T.);
#7173 = ORIENTED_EDGE('',*,*,#6738,.T.);
#7174 = ORIENTED_EDGE('',*,*,#7175,.F.);
#7175 = EDGE_CURVE('',#6812,#6739,#7176,.T.);
#7176 = LINE('',#7177,#7178);
#7177 = CARTESIAN_POINT('',(2.25,0.55,-1.5));
#7178 = VECTOR('',#7179,1.);
#7179 = DIRECTION('',(-1.,1.224646799147E-16,0.));
#7180 = ORIENTED_EDGE('',*,*,#6811,.F.);
#7181 = PLANE('',#7182);
#7182 = AXIS2_PLACEMENT_3D('',#7183,#7184,#7185);
#7183 = CARTESIAN_POINT('',(2.25,0.25,-0.9));
#7184 = DIRECTION('',(-1.095357396528E-16,-0.894427191,-0.4472135955));
#7185 = DIRECTION('',(5.476786982641E-17,0.4472135955,-0.894427191));
#7186 = ADVANCED_FACE('',(#7187),#7228,.F.);
#7187 = FACE_BOUND('',#7188,.T.);
#7188 = EDGE_LOOP('',(#7189,#7199,#7205,#7206,#7214,#7222));
#7189 = ORIENTED_EDGE('',*,*,#7190,.T.);
#7190 = EDGE_CURVE('',#7191,#7193,#7195,.T.);
#7191 = VERTEX_POINT('',#7192);
#7192 = CARTESIAN_POINT('',(1.95,-5.E-02,-3.4));
#7193 = VERTEX_POINT('',#7194);
#7194 = CARTESIAN_POINT('',(1.752447406934,-0.218807485305,
    -3.202447406934));
#7195 = LINE('',#7196,#7197);
#7196 = CARTESIAN_POINT('',(1.983963101414,-2.097873708559E-02,
    -3.433963101414));
#7197 = VECTOR('',#7198,1.);
#7198 = DIRECTION('',(-0.605209817607,-0.517148096144,0.605209817607));
#7199 = ORIENTED_EDGE('',*,*,#7200,.T.);
#7200 = EDGE_CURVE('',#7193,#6707,#7201,.T.);
#7201 = LINE('',#7202,#7203);
#7202 = CARTESIAN_POINT('',(1.955198358413,-0.250820793434,
    -3.405198358413));
#7203 = VECTOR('',#7204,1.);
#7204 = DIRECTION('',(-0.702740385383,0.110959008218,0.702740385383));
#7205 = ORIENTED_EDGE('',*,*,#6704,.F.);
#7206 = ORIENTED_EDGE('',*,*,#7207,.F.);
#7207 = EDGE_CURVE('',#7208,#6705,#7210,.T.);
#7208 = VERTEX_POINT('',#7209);
#7209 = CARTESIAN_POINT('',(1.752447406934,0.281192514695,
    -3.202447406934));
#7210 = LINE('',#7211,#7212);
#7211 = CARTESIAN_POINT('',(1.493844049248,0.322024623803,
    -2.943844049248));
#7212 = VECTOR('',#7213,1.);
#7213 = DIRECTION('',(-0.702740385383,0.110959008218,0.702740385383));
#7214 = ORIENTED_EDGE('',*,*,#7215,.F.);
#7215 = EDGE_CURVE('',#7216,#7208,#7218,.T.);
#7216 = VERTEX_POINT('',#7217);
#7217 = CARTESIAN_POINT('',(1.95,5.E-02,-3.4));
#7218 = LINE('',#7219,#7220);
#7219 = CARTESIAN_POINT('',(1.895376695718,0.113924744707,
    -3.345376695718));
#7220 = VECTOR('',#7221,1.);
#7221 = DIRECTION('',(-0.544770019249,0.63753529491,0.544770019249));
#7222 = ORIENTED_EDGE('',*,*,#7223,.T.);
#7223 = EDGE_CURVE('',#7216,#7191,#7224,.T.);
#7224 = LINE('',#7225,#7226);
#7225 = CARTESIAN_POINT('',(1.95,0.25,-3.4));
#7226 = VECTOR('',#7227,1.);
#7227 = DIRECTION('',(-1.224646799147E-16,-1.,0.));
#7228 = PLANE('',#7229);
#7229 = AXIS2_PLACEMENT_3D('',#7230,#7231,#7232);
#7230 = CARTESIAN_POINT('',(1.85,0.25,-3.3));
#7231 = DIRECTION('',(0.707106781187,-8.833102285013E-17,0.707106781187)
  );
#7232 = DIRECTION('',(1.236918052038E-16,1.,1.227125289097E-18));
#7233 = ADVANCED_FACE('',(#7234),#7254,.F.);
#7234 = FACE_BOUND('',#7235,.F.);
#7235 = EDGE_LOOP('',(#7236,#7237,#7238,#7239,#7240,#7248));
#7236 = ORIENTED_EDGE('',*,*,#6819,.F.);
#7237 = ORIENTED_EDGE('',*,*,#7175,.T.);
#7238 = ORIENTED_EDGE('',*,*,#6746,.T.);
#7239 = ORIENTED_EDGE('',*,*,#7207,.F.);
#7240 = ORIENTED_EDGE('',*,*,#7241,.F.);
#7241 = EDGE_CURVE('',#7242,#7208,#7244,.T.);
#7242 = VERTEX_POINT('',#7243);
#7243 = CARTESIAN_POINT('',(2.247552593066,0.281192514695,
    -3.202447406934));
#7244 = LINE('',#7245,#7246);
#7245 = CARTESIAN_POINT('',(2.25,0.281192514695,-3.202447406934));
#7246 = VECTOR('',#7247,1.);
#7247 = DIRECTION('',(-1.,1.224646799147E-16,0.));
#7248 = ORIENTED_EDGE('',*,*,#7249,.T.);
#7249 = EDGE_CURVE('',#7242,#6785,#7250,.T.);
#7250 = LINE('',#7251,#7252);
#7251 = CARTESIAN_POINT('',(2.629616963064,0.341518467852,
    -2.820383036936));
#7252 = VECTOR('',#7253,1.);
#7253 = DIRECTION('',(0.702740385383,0.110959008218,0.702740385383));
#7254 = PLANE('',#7255);
#7255 = AXIS2_PLACEMENT_3D('',#7256,#7257,#7258);
#7256 = CARTESIAN_POINT('',(2.25,0.55,-1.5));
#7257 = DIRECTION('',(-1.209660753807E-16,-0.987762965329,0.155962573473
    ));
#7258 = DIRECTION('',(-1.909990663905E-17,-0.155962573473,
    -0.987762965329));
#7259 = ADVANCED_FACE('',(#7260),#7271,.F.);
#7260 = FACE_BOUND('',#7261,.F.);
#7261 = EDGE_LOOP('',(#7262,#7268,#7269,#7270));
#7262 = ORIENTED_EDGE('',*,*,#7263,.T.);
#7263 = EDGE_CURVE('',#6795,#6715,#7264,.T.);
#7264 = LINE('',#7265,#7266);
#7265 = CARTESIAN_POINT('',(2.25,5.E-02,-1.5));
#7266 = VECTOR('',#7267,1.);
#7267 = DIRECTION('',(-1.,1.224646799147E-16,0.));
#7268 = ORIENTED_EDGE('',*,*,#6722,.T.);
#7269 = ORIENTED_EDGE('',*,*,#6768,.F.);
#7270 = ORIENTED_EDGE('',*,*,#6802,.F.);
#7271 = PLANE('',#7272);
#7272 = AXIS2_PLACEMENT_3D('',#7273,#7274,#7275);
#7273 = CARTESIAN_POINT('',(2.25,5.E-02,-1.5));
#7274 = DIRECTION('',(1.095357396528E-16,0.894427191,0.4472135955));
#7275 = DIRECTION('',(-5.476786982641E-17,-0.4472135955,0.894427191));
#7276 = ADVANCED_FACE('',(#7277),#7297,.F.);
#7277 = FACE_BOUND('',#7278,.F.);
#7278 = EDGE_LOOP('',(#7279,#7280,#7288,#7294,#7295,#7296));
#7279 = ORIENTED_EDGE('',*,*,#6794,.F.);
#7280 = ORIENTED_EDGE('',*,*,#7281,.F.);
#7281 = EDGE_CURVE('',#7282,#6787,#7284,.T.);
#7282 = VERTEX_POINT('',#7283);
#7283 = CARTESIAN_POINT('',(2.247552593066,-0.218807485305,
    -3.202447406934));
#7284 = LINE('',#7285,#7286);
#7285 = CARTESIAN_POINT('',(2.168262653899,-0.231326949384,
    -3.281737346101));
#7286 = VECTOR('',#7287,1.);
#7287 = DIRECTION('',(0.702740385383,0.110959008218,0.702740385383));
#7288 = ORIENTED_EDGE('',*,*,#7289,.T.);
#7289 = EDGE_CURVE('',#7282,#7193,#7290,.T.);
#7290 = LINE('',#7291,#7292);
#7291 = CARTESIAN_POINT('',(2.25,-0.218807485305,-3.202447406934));
#7292 = VECTOR('',#7293,1.);
#7293 = DIRECTION('',(-1.,1.224646799147E-16,0.));
#7294 = ORIENTED_EDGE('',*,*,#7200,.T.);
#7295 = ORIENTED_EDGE('',*,*,#6714,.T.);
#7296 = ORIENTED_EDGE('',*,*,#7263,.F.);
#7297 = PLANE('',#7298);
#7298 = AXIS2_PLACEMENT_3D('',#7299,#7300,#7301);
#7299 = CARTESIAN_POINT('',(2.25,-0.25,-3.4));
#7300 = DIRECTION('',(1.209660753807E-16,0.987762965329,-0.155962573473)
  );
#7301 = DIRECTION('',(1.909990663905E-17,0.155962573473,0.987762965329)
  );
#7302 = ADVANCED_FACE('',(#7303),#7330,.T.);
#7303 = FACE_BOUND('',#7304,.F.);
#7304 = EDGE_LOOP('',(#7305,#7313,#7314,#7315,#7316,#7324));
#7305 = ORIENTED_EDGE('',*,*,#7306,.T.);
#7306 = EDGE_CURVE('',#7307,#7282,#7309,.T.);
#7307 = VERTEX_POINT('',#7308);
#7308 = CARTESIAN_POINT('',(2.05,-5.E-02,-3.4));
#7309 = LINE('',#7310,#7311);
#7310 = CARTESIAN_POINT('',(2.107606629418,-9.922451332131E-02,
    -3.342393370582));
#7311 = VECTOR('',#7312,1.);
#7312 = DIRECTION('',(0.605209817607,-0.517148096144,0.605209817607));
#7313 = ORIENTED_EDGE('',*,*,#7281,.T.);
#7314 = ORIENTED_EDGE('',*,*,#6784,.F.);
#7315 = ORIENTED_EDGE('',*,*,#7249,.F.);
#7316 = ORIENTED_EDGE('',*,*,#7317,.F.);
#7317 = EDGE_CURVE('',#7318,#7242,#7320,.T.);
#7318 = VERTEX_POINT('',#7319);
#7319 = CARTESIAN_POINT('',(2.05,5.E-02,-3.4));
#7320 = LINE('',#7321,#7322);
#7321 = CARTESIAN_POINT('',(2.17881689775,0.200752273427,-3.27118310225)
  );
#7322 = VECTOR('',#7323,1.);
#7323 = DIRECTION('',(0.544770019249,0.63753529491,0.544770019249));
#7324 = ORIENTED_EDGE('',*,*,#7325,.T.);
#7325 = EDGE_CURVE('',#7318,#7307,#7326,.T.);
#7326 = LINE('',#7327,#7328);
#7327 = CARTESIAN_POINT('',(2.05,0.25,-3.4));
#7328 = VECTOR('',#7329,1.);
#7329 = DIRECTION('',(-1.224646799147E-16,-1.,0.));
#7330 = PLANE('',#7331);
#7331 = AXIS2_PLACEMENT_3D('',#7332,#7333,#7334);
#7332 = CARTESIAN_POINT('',(2.15,0.25,-3.3));
#7333 = DIRECTION('',(0.707106781187,-8.486018839685E-17,-0.707106781187
    ));
#7334 = DIRECTION('',(1.212375546256E-16,1.,1.227125289196E-18));
#7335 = ADVANCED_FACE('',(#7336),#7342,.F.);
#7336 = FACE_BOUND('',#7337,.F.);
#7337 = EDGE_LOOP('',(#7338,#7339,#7340,#7341));
#7338 = ORIENTED_EDGE('',*,*,#6957,.T.);
#7339 = ORIENTED_EDGE('',*,*,#6972,.T.);
#7340 = ORIENTED_EDGE('',*,*,#6996,.F.);
#7341 = ORIENTED_EDGE('',*,*,#6857,.F.);
#7342 = PLANE('',#7343);
#7343 = AXIS2_PLACEMENT_3D('',#7344,#7345,#7346);
#7344 = CARTESIAN_POINT('',(1.2,-2.,1.8));
#7345 = DIRECTION('',(-1.224646799147E-16,-1.,0.));
#7346 = DIRECTION('',(-1.,1.224646799147E-16,0.));
#7347 = ADVANCED_FACE('',(#7348),#7373,.F.);
#7348 = FACE_BOUND('',#7349,.F.);
#7349 = EDGE_LOOP('',(#7350,#7358,#7366,#7372));
#7350 = ORIENTED_EDGE('',*,*,#7351,.F.);
#7351 = EDGE_CURVE('',#7352,#6877,#7354,.T.);
#7352 = VERTEX_POINT('',#7353);
#7353 = CARTESIAN_POINT('',(2.25,0.25,4.8));
#7354 = LINE('',#7355,#7356);
#7355 = CARTESIAN_POINT('',(2.25,0.25,5.));
#7356 = VECTOR('',#7357,1.);
#7357 = DIRECTION('',(-0.,0.,-1.));
#7358 = ORIENTED_EDGE('',*,*,#7359,.T.);
#7359 = EDGE_CURVE('',#7352,#7360,#7362,.T.);
#7360 = VERTEX_POINT('',#7361);
#7361 = CARTESIAN_POINT('',(1.75,0.25,4.8));
#7362 = LINE('',#7363,#7364);
#7363 = CARTESIAN_POINT('',(2.25,0.25,4.8));
#7364 = VECTOR('',#7365,1.);
#7365 = DIRECTION('',(-1.,1.224646799147E-16,0.));
#7366 = ORIENTED_EDGE('',*,*,#7367,.T.);
#7367 = EDGE_CURVE('',#7360,#6875,#7368,.T.);
#7368 = LINE('',#7369,#7370);
#7369 = CARTESIAN_POINT('',(1.75,0.25,5.));
#7370 = VECTOR('',#7371,1.);
#7371 = DIRECTION('',(-0.,0.,-1.));
#7372 = ORIENTED_EDGE('',*,*,#6874,.T.);
#7373 = PLANE('',#7374);
#7374 = AXIS2_PLACEMENT_3D('',#7375,#7376,#7377);
#7375 = CARTESIAN_POINT('',(2.25,0.25,5.));
#7376 = DIRECTION('',(-1.224646799147E-16,-1.,0.));
#7377 = DIRECTION('',(-0.,0.,-1.));
#7378 = ADVANCED_FACE('',(#7379),#7397,.T.);
#7379 = FACE_BOUND('',#7380,.T.);
#7380 = EDGE_LOOP('',(#7381,#7382,#7390,#7396));
#7381 = ORIENTED_EDGE('',*,*,#6900,.T.);
#7382 = ORIENTED_EDGE('',*,*,#7383,.T.);
#7383 = EDGE_CURVE('',#6893,#7384,#7386,.T.);
#7384 = VERTEX_POINT('',#7385);
#7385 = CARTESIAN_POINT('',(1.75,-0.25,4.8));
#7386 = LINE('',#7387,#7388);
#7387 = CARTESIAN_POINT('',(1.75,-0.25,-0.9));
#7388 = VECTOR('',#7389,1.);
#7389 = DIRECTION('',(0.,0.,1.));
#7390 = ORIENTED_EDGE('',*,*,#7391,.T.);
#7391 = EDGE_CURVE('',#7384,#7360,#7392,.T.);
#7392 = LINE('',#7393,#7394);
#7393 = CARTESIAN_POINT('',(1.75,-0.25,4.8));
#7394 = VECTOR('',#7395,1.);
#7395 = DIRECTION('',(1.224646799147E-16,1.,0.));
#7396 = ORIENTED_EDGE('',*,*,#7367,.T.);
#7397 = PLANE('',#7398);
#7398 = AXIS2_PLACEMENT_3D('',#7399,#7400,#7401);
#7399 = CARTESIAN_POINT('',(1.75,4.326643272645E-02,0.775746953017));
#7400 = DIRECTION('',(-1.,1.224646799147E-16,0.));
#7401 = DIRECTION('',(0.,0.,1.));
#7402 = ADVANCED_FACE('',(#7403),#7421,.F.);
#7403 = FACE_BOUND('',#7404,.F.);
#7404 = EDGE_LOOP('',(#7405,#7413,#7414,#7415));
#7405 = ORIENTED_EDGE('',*,*,#7406,.F.);
#7406 = EDGE_CURVE('',#6885,#7407,#7409,.T.);
#7407 = VERTEX_POINT('',#7408);
#7408 = CARTESIAN_POINT('',(2.25,-0.25,4.8));
#7409 = LINE('',#7410,#7411);
#7410 = CARTESIAN_POINT('',(2.25,-0.25,-0.9));
#7411 = VECTOR('',#7412,1.);
#7412 = DIRECTION('',(0.,0.,1.));
#7413 = ORIENTED_EDGE('',*,*,#6892,.T.);
#7414 = ORIENTED_EDGE('',*,*,#7383,.T.);
#7415 = ORIENTED_EDGE('',*,*,#7416,.F.);
#7416 = EDGE_CURVE('',#7407,#7384,#7417,.T.);
#7417 = LINE('',#7418,#7419);
#7418 = CARTESIAN_POINT('',(2.25,-0.25,4.8));
#7419 = VECTOR('',#7420,1.);
#7420 = DIRECTION('',(-1.,1.224646799147E-16,0.));
#7421 = PLANE('',#7422);
#7422 = AXIS2_PLACEMENT_3D('',#7423,#7424,#7425);
#7423 = CARTESIAN_POINT('',(2.25,-0.25,-0.9));
#7424 = DIRECTION('',(1.224646799147E-16,1.,0.));
#7425 = DIRECTION('',(0.,-0.,1.));
#7426 = ADVANCED_FACE('',(#7427),#7438,.F.);
#7427 = FACE_BOUND('',#7428,.F.);
#7428 = EDGE_LOOP('',(#7429,#7430,#7431,#7437));
#7429 = ORIENTED_EDGE('',*,*,#6884,.T.);
#7430 = ORIENTED_EDGE('',*,*,#7406,.T.);
#7431 = ORIENTED_EDGE('',*,*,#7432,.T.);
#7432 = EDGE_CURVE('',#7407,#7352,#7433,.T.);
#7433 = LINE('',#7434,#7435);
#7434 = CARTESIAN_POINT('',(2.25,-0.25,4.8));
#7435 = VECTOR('',#7436,1.);
#7436 = DIRECTION('',(1.224646799147E-16,1.,0.));
#7437 = ORIENTED_EDGE('',*,*,#7351,.T.);
#7438 = PLANE('',#7439);
#7439 = AXIS2_PLACEMENT_3D('',#7440,#7441,#7442);
#7440 = CARTESIAN_POINT('',(2.25,4.326643272645E-02,0.775746953017));
#7441 = DIRECTION('',(-1.,1.224646799147E-16,0.));
#7442 = DIRECTION('',(0.,0.,1.));
#7443 = ADVANCED_FACE('',(#7444),#7469,.F.);
#7444 = FACE_BOUND('',#7445,.F.);
#7445 = EDGE_LOOP('',(#7446,#7454,#7462,#7468));
#7446 = ORIENTED_EDGE('',*,*,#7447,.F.);
#7447 = EDGE_CURVE('',#7448,#6911,#7450,.T.);
#7448 = VERTEX_POINT('',#7449);
#7449 = CARTESIAN_POINT('',(0.25,0.25,4.8));
#7450 = LINE('',#7451,#7452);
#7451 = CARTESIAN_POINT('',(0.25,0.25,5.));
#7452 = VECTOR('',#7453,1.);
#7453 = DIRECTION('',(-0.,0.,-1.));
#7454 = ORIENTED_EDGE('',*,*,#7455,.T.);
#7455 = EDGE_CURVE('',#7448,#7456,#7458,.T.);
#7456 = VERTEX_POINT('',#7457);
#7457 = CARTESIAN_POINT('',(-0.25,0.25,4.8));
#7458 = LINE('',#7459,#7460);
#7459 = CARTESIAN_POINT('',(0.25,0.25,4.8));
#7460 = VECTOR('',#7461,1.);
#7461 = DIRECTION('',(-1.,1.224646799147E-16,0.));
#7462 = ORIENTED_EDGE('',*,*,#7463,.T.);
#7463 = EDGE_CURVE('',#7456,#6909,#7464,.T.);
#7464 = LINE('',#7465,#7466);
#7465 = CARTESIAN_POINT('',(-0.25,0.25,5.));
#7466 = VECTOR('',#7467,1.);
#7467 = DIRECTION('',(-0.,0.,-1.));
#7468 = ORIENTED_EDGE('',*,*,#6908,.T.);
#7469 = PLANE('',#7470);
#7470 = AXIS2_PLACEMENT_3D('',#7471,#7472,#7473);
#7471 = CARTESIAN_POINT('',(0.25,0.25,5.));
#7472 = DIRECTION('',(-1.224646799147E-16,-1.,0.));
#7473 = DIRECTION('',(-0.,0.,-1.));
#7474 = ADVANCED_FACE('',(#7475),#7493,.T.);
#7475 = FACE_BOUND('',#7476,.T.);
#7476 = EDGE_LOOP('',(#7477,#7478,#7486,#7492));
#7477 = ORIENTED_EDGE('',*,*,#6934,.T.);
#7478 = ORIENTED_EDGE('',*,*,#7479,.T.);
#7479 = EDGE_CURVE('',#6927,#7480,#7482,.T.);
#7480 = VERTEX_POINT('',#7481);
#7481 = CARTESIAN_POINT('',(-0.25,-0.25,4.8));
#7482 = LINE('',#7483,#7484);
#7483 = CARTESIAN_POINT('',(-0.25,-0.25,-0.9));
#7484 = VECTOR('',#7485,1.);
#7485 = DIRECTION('',(0.,0.,1.));
#7486 = ORIENTED_EDGE('',*,*,#7487,.T.);
#7487 = EDGE_CURVE('',#7480,#7456,#7488,.T.);
#7488 = LINE('',#7489,#7490);
#7489 = CARTESIAN_POINT('',(-0.25,-0.25,4.8));
#7490 = VECTOR('',#7491,1.);
#7491 = DIRECTION('',(1.224646799147E-16,1.,0.));
#7492 = ORIENTED_EDGE('',*,*,#7463,.T.);
#7493 = PLANE('',#7494);
#7494 = AXIS2_PLACEMENT_3D('',#7495,#7496,#7497);
#7495 = CARTESIAN_POINT('',(-0.25,4.326643272645E-02,0.775746953017));
#7496 = DIRECTION('',(-1.,1.224646799147E-16,0.));
#7497 = DIRECTION('',(0.,0.,1.));
#7498 = ADVANCED_FACE('',(#7499),#7517,.F.);
#7499 = FACE_BOUND('',#7500,.F.);
#7500 = EDGE_LOOP('',(#7501,#7509,#7510,#7511));
#7501 = ORIENTED_EDGE('',*,*,#7502,.F.);
#7502 = EDGE_CURVE('',#6919,#7503,#7505,.T.);
#7503 = VERTEX_POINT('',#7504);
#7504 = CARTESIAN_POINT('',(0.25,-0.25,4.8));
#7505 = LINE('',#7506,#7507);
#7506 = CARTESIAN_POINT('',(0.25,-0.25,-0.9));
#7507 = VECTOR('',#7508,1.);
#7508 = DIRECTION('',(0.,0.,1.));
#7509 = ORIENTED_EDGE('',*,*,#6926,.T.);
#7510 = ORIENTED_EDGE('',*,*,#7479,.T.);
#7511 = ORIENTED_EDGE('',*,*,#7512,.F.);
#7512 = EDGE_CURVE('',#7503,#7480,#7513,.T.);
#7513 = LINE('',#7514,#7515);
#7514 = CARTESIAN_POINT('',(0.25,-0.25,4.8));
#7515 = VECTOR('',#7516,1.);
#7516 = DIRECTION('',(-1.,1.224646799147E-16,0.));
#7517 = PLANE('',#7518);
#7518 = AXIS2_PLACEMENT_3D('',#7519,#7520,#7521);
#7519 = CARTESIAN_POINT('',(0.25,-0.25,-0.9));
#7520 = DIRECTION('',(1.224646799147E-16,1.,0.));
#7521 = DIRECTION('',(0.,-0.,1.));
#7522 = ADVANCED_FACE('',(#7523),#7534,.F.);
#7523 = FACE_BOUND('',#7524,.F.);
#7524 = EDGE_LOOP('',(#7525,#7526,#7527,#7533));
#7525 = ORIENTED_EDGE('',*,*,#6918,.T.);
#7526 = ORIENTED_EDGE('',*,*,#7502,.T.);
#7527 = ORIENTED_EDGE('',*,*,#7528,.T.);
#7528 = EDGE_CURVE('',#7503,#7448,#7529,.T.);
#7529 = LINE('',#7530,#7531);
#7530 = CARTESIAN_POINT('',(0.25,-0.25,4.8));
#7531 = VECTOR('',#7532,1.);
#7532 = DIRECTION('',(1.224646799147E-16,1.,0.));
#7533 = ORIENTED_EDGE('',*,*,#7447,.T.);
#7534 = PLANE('',#7535);
#7535 = AXIS2_PLACEMENT_3D('',#7536,#7537,#7538);
#7536 = CARTESIAN_POINT('',(0.25,4.326643272645E-02,0.775746953017));
#7537 = DIRECTION('',(-1.,1.224646799147E-16,0.));
#7538 = DIRECTION('',(0.,0.,1.));
#7539 = ADVANCED_FACE('',(#7540),#7551,.F.);
#7540 = FACE_BOUND('',#7541,.F.);
#7541 = EDGE_LOOP('',(#7542,#7543,#7544,#7550));
#7542 = ORIENTED_EDGE('',*,*,#7030,.T.);
#7543 = ORIENTED_EDGE('',*,*,#7078,.T.);
#7544 = ORIENTED_EDGE('',*,*,#7545,.F.);
#7545 = EDGE_CURVE('',#7152,#7079,#7546,.T.);
#7546 = LINE('',#7547,#7548);
#7547 = CARTESIAN_POINT('',(0.25,0.55,-1.5));
#7548 = VECTOR('',#7549,1.);
#7549 = DIRECTION('',(-1.,1.224646799147E-16,0.));
#7550 = ORIENTED_EDGE('',*,*,#7151,.F.);
#7551 = PLANE('',#7552);
#7552 = AXIS2_PLACEMENT_3D('',#7553,#7554,#7555);
#7553 = CARTESIAN_POINT('',(0.25,0.25,-0.9));
#7554 = DIRECTION('',(-1.095357396528E-16,-0.894427191,-0.4472135955));
#7555 = DIRECTION('',(5.476786982641E-17,0.4472135955,-0.894427191));
#7556 = ADVANCED_FACE('',(#7557),#7598,.F.);
#7557 = FACE_BOUND('',#7558,.T.);
#7558 = EDGE_LOOP('',(#7559,#7569,#7575,#7576,#7584,#7592));
#7559 = ORIENTED_EDGE('',*,*,#7560,.T.);
#7560 = EDGE_CURVE('',#7561,#7563,#7565,.T.);
#7561 = VERTEX_POINT('',#7562);
#7562 = CARTESIAN_POINT('',(-5.E-02,-5.E-02,-3.4));
#7563 = VERTEX_POINT('',#7564);
#7564 = CARTESIAN_POINT('',(-0.247552593066,-0.218807485305,
    -3.202447406934));
#7565 = LINE('',#7566,#7567);
#7566 = CARTESIAN_POINT('',(-1.603689858649E-02,-2.097873708559E-02,
    -3.433963101414));
#7567 = VECTOR('',#7568,1.);
#7568 = DIRECTION('',(-0.605209817607,-0.517148096144,0.605209817607));
#7569 = ORIENTED_EDGE('',*,*,#7570,.T.);
#7570 = EDGE_CURVE('',#7563,#7047,#7571,.T.);
#7571 = LINE('',#7572,#7573);
#7572 = CARTESIAN_POINT('',(-4.480164158687E-02,-0.250820793434,
    -3.405198358413));
#7573 = VECTOR('',#7574,1.);
#7574 = DIRECTION('',(-0.702740385383,0.110959008218,0.702740385383));
#7575 = ORIENTED_EDGE('',*,*,#7044,.F.);
#7576 = ORIENTED_EDGE('',*,*,#7577,.F.);
#7577 = EDGE_CURVE('',#7578,#7045,#7580,.T.);
#7578 = VERTEX_POINT('',#7579);
#7579 = CARTESIAN_POINT('',(-0.247552593066,0.281192514695,
    -3.202447406934));
#7580 = LINE('',#7581,#7582);
#7581 = CARTESIAN_POINT('',(-0.506155950752,0.322024623803,
    -2.943844049248));
#7582 = VECTOR('',#7583,1.);
#7583 = DIRECTION('',(-0.702740385383,0.110959008218,0.702740385383));
#7584 = ORIENTED_EDGE('',*,*,#7585,.F.);
#7585 = EDGE_CURVE('',#7586,#7578,#7588,.T.);
#7586 = VERTEX_POINT('',#7587);
#7587 = CARTESIAN_POINT('',(-5.E-02,5.E-02,-3.4));
#7588 = LINE('',#7589,#7590);
#7589 = CARTESIAN_POINT('',(-0.104623304282,0.113924744707,
    -3.345376695718));
#7590 = VECTOR('',#7591,1.);
#7591 = DIRECTION('',(-0.544770019249,0.63753529491,0.544770019249));
#7592 = ORIENTED_EDGE('',*,*,#7593,.T.);
#7593 = EDGE_CURVE('',#7586,#7561,#7594,.T.);
#7594 = LINE('',#7595,#7596);
#7595 = CARTESIAN_POINT('',(-5.E-02,0.25,-3.4));
#7596 = VECTOR('',#7597,1.);
#7597 = DIRECTION('',(-1.224646799147E-16,-1.,0.));
#7598 = PLANE('',#7599);
#7599 = AXIS2_PLACEMENT_3D('',#7600,#7601,#7602);
#7600 = CARTESIAN_POINT('',(-0.15,0.25,-3.3));
#7601 = DIRECTION('',(0.707106781187,-8.833102285013E-17,0.707106781187)
  );
#7602 = DIRECTION('',(1.236918052038E-16,1.,1.227125289097E-18));
#7603 = ADVANCED_FACE('',(#7604),#7624,.F.);
#7604 = FACE_BOUND('',#7605,.F.);
#7605 = EDGE_LOOP('',(#7606,#7607,#7608,#7609,#7610,#7618));
#7606 = ORIENTED_EDGE('',*,*,#7159,.F.);
#7607 = ORIENTED_EDGE('',*,*,#7545,.T.);
#7608 = ORIENTED_EDGE('',*,*,#7086,.T.);
#7609 = ORIENTED_EDGE('',*,*,#7577,.F.);
#7610 = ORIENTED_EDGE('',*,*,#7611,.F.);
#7611 = EDGE_CURVE('',#7612,#7578,#7614,.T.);
#7612 = VERTEX_POINT('',#7613);
#7613 = CARTESIAN_POINT('',(0.247552593066,0.281192514695,
    -3.202447406934));
#7614 = LINE('',#7615,#7616);
#7615 = CARTESIAN_POINT('',(0.25,0.281192514695,-3.202447406934));
#7616 = VECTOR('',#7617,1.);
#7617 = DIRECTION('',(-1.,1.224646799147E-16,0.));
#7618 = ORIENTED_EDGE('',*,*,#7619,.T.);
#7619 = EDGE_CURVE('',#7612,#7125,#7620,.T.);
#7620 = LINE('',#7621,#7622);
#7621 = CARTESIAN_POINT('',(0.629616963064,0.341518467852,
    -2.820383036936));
#7622 = VECTOR('',#7623,1.);
#7623 = DIRECTION('',(0.702740385383,0.110959008218,0.702740385383));
#7624 = PLANE('',#7625);
#7625 = AXIS2_PLACEMENT_3D('',#7626,#7627,#7628);
#7626 = CARTESIAN_POINT('',(0.25,0.55,-1.5));
#7627 = DIRECTION('',(-1.209660753807E-16,-0.987762965329,0.155962573473
    ));
#7628 = DIRECTION('',(-1.909990663905E-17,-0.155962573473,
    -0.987762965329));
#7629 = ADVANCED_FACE('',(#7630),#7641,.F.);
#7630 = FACE_BOUND('',#7631,.F.);
#7631 = EDGE_LOOP('',(#7632,#7638,#7639,#7640));
#7632 = ORIENTED_EDGE('',*,*,#7633,.T.);
#7633 = EDGE_CURVE('',#7135,#7055,#7634,.T.);
#7634 = LINE('',#7635,#7636);
#7635 = CARTESIAN_POINT('',(0.25,5.E-02,-1.5));
#7636 = VECTOR('',#7637,1.);
#7637 = DIRECTION('',(-1.,1.224646799147E-16,0.));
#7638 = ORIENTED_EDGE('',*,*,#7062,.T.);
#7639 = ORIENTED_EDGE('',*,*,#7108,.F.);
#7640 = ORIENTED_EDGE('',*,*,#7142,.F.);
#7641 = PLANE('',#7642);
#7642 = AXIS2_PLACEMENT_3D('',#7643,#7644,#7645);
#7643 = CARTESIAN_POINT('',(0.25,5.E-02,-1.5));
#7644 = DIRECTION('',(1.095357396528E-16,0.894427191,0.4472135955));
#7645 = DIRECTION('',(-5.476786982641E-17,-0.4472135955,0.894427191));
#7646 = ADVANCED_FACE('',(#7647),#7667,.F.);
#7647 = FACE_BOUND('',#7648,.F.);
#7648 = EDGE_LOOP('',(#7649,#7650,#7658,#7664,#7665,#7666));
#7649 = ORIENTED_EDGE('',*,*,#7134,.F.);
#7650 = ORIENTED_EDGE('',*,*,#7651,.F.);
#7651 = EDGE_CURVE('',#7652,#7127,#7654,.T.);
#7652 = VERTEX_POINT('',#7653);
#7653 = CARTESIAN_POINT('',(0.247552593066,-0.218807485305,
    -3.202447406934));
#7654 = LINE('',#7655,#7656);
#7655 = CARTESIAN_POINT('',(0.168262653899,-0.231326949384,
    -3.281737346101));
#7656 = VECTOR('',#7657,1.);
#7657 = DIRECTION('',(0.702740385383,0.110959008218,0.702740385383));
#7658 = ORIENTED_EDGE('',*,*,#7659,.T.);
#7659 = EDGE_CURVE('',#7652,#7563,#7660,.T.);
#7660 = LINE('',#7661,#7662);
#7661 = CARTESIAN_POINT('',(0.25,-0.218807485305,-3.202447406934));
#7662 = VECTOR('',#7663,1.);
#7663 = DIRECTION('',(-1.,1.224646799147E-16,0.));
#7664 = ORIENTED_EDGE('',*,*,#7570,.T.);
#7665 = ORIENTED_EDGE('',*,*,#7054,.T.);
#7666 = ORIENTED_EDGE('',*,*,#7633,.F.);
#7667 = PLANE('',#7668);
#7668 = AXIS2_PLACEMENT_3D('',#7669,#7670,#7671);
#7669 = CARTESIAN_POINT('',(0.25,-0.25,-3.4));
#7670 = DIRECTION('',(1.209660753807E-16,0.987762965329,-0.155962573473)
  );
#7671 = DIRECTION('',(1.909990663905E-17,0.155962573473,0.987762965329)
  );
#7672 = ADVANCED_FACE('',(#7673),#7700,.T.);
#7673 = FACE_BOUND('',#7674,.F.);
#7674 = EDGE_LOOP('',(#7675,#7683,#7684,#7685,#7686,#7694));
#7675 = ORIENTED_EDGE('',*,*,#7676,.T.);
#7676 = EDGE_CURVE('',#7677,#7652,#7679,.T.);
#7677 = VERTEX_POINT('',#7678);
#7678 = CARTESIAN_POINT('',(5.E-02,-5.E-02,-3.4));
#7679 = LINE('',#7680,#7681);
#7680 = CARTESIAN_POINT('',(0.107606629418,-9.922451332131E-02,
    -3.342393370582));
#7681 = VECTOR('',#7682,1.);
#7682 = DIRECTION('',(0.605209817607,-0.517148096144,0.605209817607));
#7683 = ORIENTED_EDGE('',*,*,#7651,.T.);
#7684 = ORIENTED_EDGE('',*,*,#7124,.F.);
#7685 = ORIENTED_EDGE('',*,*,#7619,.F.);
#7686 = ORIENTED_EDGE('',*,*,#7687,.F.);
#7687 = EDGE_CURVE('',#7688,#7612,#7690,.T.);
#7688 = VERTEX_POINT('',#7689);
#7689 = CARTESIAN_POINT('',(5.E-02,5.E-02,-3.4));
#7690 = LINE('',#7691,#7692);
#7691 = CARTESIAN_POINT('',(0.17881689775,0.200752273427,-3.27118310225)
  );
#7692 = VECTOR('',#7693,1.);
#7693 = DIRECTION('',(0.544770019249,0.63753529491,0.544770019249));
#7694 = ORIENTED_EDGE('',*,*,#7695,.T.);
#7695 = EDGE_CURVE('',#7688,#7677,#7696,.T.);
#7696 = LINE('',#7697,#7698);
#7697 = CARTESIAN_POINT('',(5.E-02,0.25,-3.4));
#7698 = VECTOR('',#7699,1.);
#7699 = DIRECTION('',(-1.224646799147E-16,-1.,0.));
#7700 = PLANE('',#7701);
#7701 = AXIS2_PLACEMENT_3D('',#7702,#7703,#7704);
#7702 = CARTESIAN_POINT('',(0.15,0.25,-3.3));
#7703 = DIRECTION('',(0.707106781187,-8.486018839685E-17,-0.707106781187
    ));
#7704 = DIRECTION('',(1.212375546256E-16,1.,1.227125289196E-18));
#7705 = ADVANCED_FACE('',(#7706),#7717,.T.);
#7706 = FACE_BOUND('',#7707,.F.);
#7707 = EDGE_LOOP('',(#7708,#7709,#7715,#7716));
#7708 = ORIENTED_EDGE('',*,*,#7306,.F.);
#7709 = ORIENTED_EDGE('',*,*,#7710,.T.);
#7710 = EDGE_CURVE('',#7307,#7191,#7711,.T.);
#7711 = LINE('',#7712,#7713);
#7712 = CARTESIAN_POINT('',(2.25,-5.E-02,-3.4));
#7713 = VECTOR('',#7714,1.);
#7714 = DIRECTION('',(-1.,1.224646799147E-16,0.));
#7715 = ORIENTED_EDGE('',*,*,#7190,.T.);
#7716 = ORIENTED_EDGE('',*,*,#7289,.F.);
#7717 = PLANE('',#7718);
#7718 = AXIS2_PLACEMENT_3D('',#7719,#7720,#7721);
#7719 = CARTESIAN_POINT('',(2.25,-0.134403742653,-3.301223703467));
#7720 = DIRECTION('',(-9.136856246232E-17,-0.760250805153,-0.64962967394
    ));
#7721 = DIRECTION('',(1.,-1.211454098155E-16,1.127308249542E-18));
#7722 = ADVANCED_FACE('',(#7723),#7734,.F.);
#7723 = FACE_BOUND('',#7724,.F.);
#7724 = EDGE_LOOP('',(#7725,#7726,#7727,#7733));
#7725 = ORIENTED_EDGE('',*,*,#7710,.F.);
#7726 = ORIENTED_EDGE('',*,*,#7325,.F.);
#7727 = ORIENTED_EDGE('',*,*,#7728,.T.);
#7728 = EDGE_CURVE('',#7318,#7216,#7729,.T.);
#7729 = LINE('',#7730,#7731);
#7730 = CARTESIAN_POINT('',(2.25,5.E-02,-3.4));
#7731 = VECTOR('',#7732,1.);
#7732 = DIRECTION('',(-1.,1.224646799147E-16,0.));
#7733 = ORIENTED_EDGE('',*,*,#7223,.T.);
#7734 = PLANE('',#7735);
#7735 = AXIS2_PLACEMENT_3D('',#7736,#7737,#7738);
#7736 = CARTESIAN_POINT('',(2.25,0.25,-3.4));
#7737 = DIRECTION('',(0.,0.,1.));
#7738 = DIRECTION('',(-1.224646799147E-16,-1.,0.));
#7739 = ADVANCED_FACE('',(#7740),#7746,.T.);
#7740 = FACE_BOUND('',#7741,.T.);
#7741 = EDGE_LOOP('',(#7742,#7743,#7744,#7745));
#7742 = ORIENTED_EDGE('',*,*,#7317,.F.);
#7743 = ORIENTED_EDGE('',*,*,#7728,.T.);
#7744 = ORIENTED_EDGE('',*,*,#7215,.T.);
#7745 = ORIENTED_EDGE('',*,*,#7241,.F.);
#7746 = PLANE('',#7747);
#7747 = AXIS2_PLACEMENT_3D('',#7748,#7749,#7750);
#7748 = CARTESIAN_POINT('',(2.25,0.165596257347,-3.301223703467));
#7749 = DIRECTION('',(8.302774088379E-17,0.64962967394,-0.760250805153)
  );
#7750 = DIRECTION('',(-1.,1.247195775152E-16,-2.638869166629E-18));
#7751 = ADVANCED_FACE('',(#7752),#7777,.T.);
#7752 = FACE_BOUND('',#7753,.F.);
#7753 = EDGE_LOOP('',(#7754,#7762,#7770,#7776));
#7754 = ORIENTED_EDGE('',*,*,#7755,.F.);
#7755 = EDGE_CURVE('',#7756,#7352,#7758,.T.);
#7756 = VERTEX_POINT('',#7757);
#7757 = CARTESIAN_POINT('',(2.05,5.E-02,5.));
#7758 = LINE('',#7759,#7760);
#7759 = CARTESIAN_POINT('',(2.1,0.1,4.95));
#7760 = VECTOR('',#7761,1.);
#7761 = DIRECTION('',(0.57735026919,0.57735026919,-0.57735026919));
#7762 = ORIENTED_EDGE('',*,*,#7763,.T.);
#7763 = EDGE_CURVE('',#7756,#7764,#7766,.T.);
#7764 = VERTEX_POINT('',#7765);
#7765 = CARTESIAN_POINT('',(1.95,5.E-02,5.));
#7766 = LINE('',#7767,#7768);
#7767 = CARTESIAN_POINT('',(2.25,5.E-02,5.));
#7768 = VECTOR('',#7769,1.);
#7769 = DIRECTION('',(-1.,1.224646799147E-16,0.));
#7770 = ORIENTED_EDGE('',*,*,#7771,.T.);
#7771 = EDGE_CURVE('',#7764,#7360,#7772,.T.);
#7772 = LINE('',#7773,#7774);
#7773 = CARTESIAN_POINT('',(1.983333333333,1.666666666667E-02,
    5.033333333333));
#7774 = VECTOR('',#7775,1.);
#7775 = DIRECTION('',(-0.57735026919,0.57735026919,-0.57735026919));
#7776 = ORIENTED_EDGE('',*,*,#7359,.F.);
#7777 = PLANE('',#7778);
#7778 = AXIS2_PLACEMENT_3D('',#7779,#7780,#7781);
#7779 = CARTESIAN_POINT('',(2.25,0.15,4.9));
#7780 = DIRECTION('',(8.833102285013E-17,0.707106781187,0.707106781187)
  );
#7781 = DIRECTION('',(1.,-1.236918052038E-16,-1.227125289097E-18));
#7782 = ADVANCED_FACE('',(#7783),#7801,.F.);
#7783 = FACE_BOUND('',#7784,.T.);
#7784 = EDGE_LOOP('',(#7785,#7793,#7799,#7800));
#7785 = ORIENTED_EDGE('',*,*,#7786,.F.);
#7786 = EDGE_CURVE('',#7787,#7384,#7789,.T.);
#7787 = VERTEX_POINT('',#7788);
#7788 = CARTESIAN_POINT('',(1.95,-5.E-02,5.));
#7789 = LINE('',#7790,#7791);
#7790 = CARTESIAN_POINT('',(1.9,-0.1,4.95));
#7791 = VECTOR('',#7792,1.);
#7792 = DIRECTION('',(-0.57735026919,-0.57735026919,-0.57735026919));
#7793 = ORIENTED_EDGE('',*,*,#7794,.T.);
#7794 = EDGE_CURVE('',#7787,#7764,#7795,.T.);
#7795 = LINE('',#7796,#7797);
#7796 = CARTESIAN_POINT('',(1.95,-0.25,5.));
#7797 = VECTOR('',#7798,1.);
#7798 = DIRECTION('',(1.224646799147E-16,1.,0.));
#7799 = ORIENTED_EDGE('',*,*,#7771,.T.);
#7800 = ORIENTED_EDGE('',*,*,#7391,.F.);
#7801 = PLANE('',#7802);
#7802 = AXIS2_PLACEMENT_3D('',#7803,#7804,#7805);
#7803 = CARTESIAN_POINT('',(1.85,-0.25,4.9));
#7804 = DIRECTION('',(0.707106781187,-8.486018839685E-17,-0.707106781187
    ));
#7805 = DIRECTION('',(-1.212375546256E-16,-1.,-1.227125289196E-18));
#7806 = ADVANCED_FACE('',(#7807),#7825,.T.);
#7807 = FACE_BOUND('',#7808,.F.);
#7808 = EDGE_LOOP('',(#7809,#7817,#7818,#7819));
#7809 = ORIENTED_EDGE('',*,*,#7810,.F.);
#7810 = EDGE_CURVE('',#7407,#7811,#7813,.T.);
#7811 = VERTEX_POINT('',#7812);
#7812 = CARTESIAN_POINT('',(2.05,-5.E-02,5.));
#7813 = LINE('',#7814,#7815);
#7814 = CARTESIAN_POINT('',(2.183333333333,-0.183333333333,
    4.866666666667));
#7815 = VECTOR('',#7816,1.);
#7816 = DIRECTION('',(-0.57735026919,0.57735026919,0.57735026919));
#7817 = ORIENTED_EDGE('',*,*,#7416,.T.);
#7818 = ORIENTED_EDGE('',*,*,#7786,.F.);
#7819 = ORIENTED_EDGE('',*,*,#7820,.F.);
#7820 = EDGE_CURVE('',#7811,#7787,#7821,.T.);
#7821 = LINE('',#7822,#7823);
#7822 = CARTESIAN_POINT('',(2.25,-5.E-02,5.));
#7823 = VECTOR('',#7824,1.);
#7824 = DIRECTION('',(-1.,1.224646799147E-16,0.));
#7825 = PLANE('',#7826);
#7826 = AXIS2_PLACEMENT_3D('',#7827,#7828,#7829);
#7827 = CARTESIAN_POINT('',(2.25,-0.15,4.9));
#7828 = DIRECTION('',(-8.833102285013E-17,-0.707106781187,0.707106781187
    ));
#7829 = DIRECTION('',(1.,-1.236918052038E-16,1.227125289097E-18));
#7830 = ADVANCED_FACE('',(#7831),#7842,.T.);
#7831 = FACE_BOUND('',#7832,.F.);
#7832 = EDGE_LOOP('',(#7833,#7834,#7840,#7841));
#7833 = ORIENTED_EDGE('',*,*,#7810,.T.);
#7834 = ORIENTED_EDGE('',*,*,#7835,.T.);
#7835 = EDGE_CURVE('',#7811,#7756,#7836,.T.);
#7836 = LINE('',#7837,#7838);
#7837 = CARTESIAN_POINT('',(2.05,-0.25,5.));
#7838 = VECTOR('',#7839,1.);
#7839 = DIRECTION('',(1.224646799147E-16,1.,0.));
#7840 = ORIENTED_EDGE('',*,*,#7755,.T.);
#7841 = ORIENTED_EDGE('',*,*,#7432,.F.);
#7842 = PLANE('',#7843);
#7843 = AXIS2_PLACEMENT_3D('',#7844,#7845,#7846);
#7844 = CARTESIAN_POINT('',(2.15,-0.25,4.9));
#7845 = DIRECTION('',(0.707106781187,-8.833102285013E-17,0.707106781187)
  );
#7846 = DIRECTION('',(-1.236918052038E-16,-1.,-1.227125289097E-18));
#7847 = ADVANCED_FACE('',(#7848),#7873,.T.);
#7848 = FACE_BOUND('',#7849,.F.);
#7849 = EDGE_LOOP('',(#7850,#7858,#7866,#7872));
#7850 = ORIENTED_EDGE('',*,*,#7851,.F.);
#7851 = EDGE_CURVE('',#7852,#7448,#7854,.T.);
#7852 = VERTEX_POINT('',#7853);
#7853 = CARTESIAN_POINT('',(5.E-02,5.E-02,5.));
#7854 = LINE('',#7855,#7856);
#7855 = CARTESIAN_POINT('',(0.1,0.1,4.95));
#7856 = VECTOR('',#7857,1.);
#7857 = DIRECTION('',(0.57735026919,0.57735026919,-0.57735026919));
#7858 = ORIENTED_EDGE('',*,*,#7859,.T.);
#7859 = EDGE_CURVE('',#7852,#7860,#7862,.T.);
#7860 = VERTEX_POINT('',#7861);
#7861 = CARTESIAN_POINT('',(-5.E-02,5.E-02,5.));
#7862 = LINE('',#7863,#7864);
#7863 = CARTESIAN_POINT('',(0.25,5.E-02,5.));
#7864 = VECTOR('',#7865,1.);
#7865 = DIRECTION('',(-1.,1.224646799147E-16,0.));
#7866 = ORIENTED_EDGE('',*,*,#7867,.T.);
#7867 = EDGE_CURVE('',#7860,#7456,#7868,.T.);
#7868 = LINE('',#7869,#7870);
#7869 = CARTESIAN_POINT('',(-1.666666666667E-02,1.666666666667E-02,
    5.033333333333));
#7870 = VECTOR('',#7871,1.);
#7871 = DIRECTION('',(-0.57735026919,0.57735026919,-0.57735026919));
#7872 = ORIENTED_EDGE('',*,*,#7455,.F.);
#7873 = PLANE('',#7874);
#7874 = AXIS2_PLACEMENT_3D('',#7875,#7876,#7877);
#7875 = CARTESIAN_POINT('',(0.25,0.15,4.9));
#7876 = DIRECTION('',(8.833102285013E-17,0.707106781187,0.707106781187)
  );
#7877 = DIRECTION('',(1.,-1.236918052038E-16,-1.227125289097E-18));
#7878 = ADVANCED_FACE('',(#7879),#7897,.F.);
#7879 = FACE_BOUND('',#7880,.T.);
#7880 = EDGE_LOOP('',(#7881,#7889,#7895,#7896));
#7881 = ORIENTED_EDGE('',*,*,#7882,.F.);
#7882 = EDGE_CURVE('',#7883,#7480,#7885,.T.);
#7883 = VERTEX_POINT('',#7884);
#7884 = CARTESIAN_POINT('',(-5.E-02,-5.E-02,5.));
#7885 = LINE('',#7886,#7887);
#7886 = CARTESIAN_POINT('',(-0.1,-0.1,4.95));
#7887 = VECTOR('',#7888,1.);
#7888 = DIRECTION('',(-0.57735026919,-0.57735026919,-0.57735026919));
#7889 = ORIENTED_EDGE('',*,*,#7890,.T.);
#7890 = EDGE_CURVE('',#7883,#7860,#7891,.T.);
#7891 = LINE('',#7892,#7893);
#7892 = CARTESIAN_POINT('',(-5.E-02,-0.25,5.));
#7893 = VECTOR('',#7894,1.);
#7894 = DIRECTION('',(1.224646799147E-16,1.,0.));
#7895 = ORIENTED_EDGE('',*,*,#7867,.T.);
#7896 = ORIENTED_EDGE('',*,*,#7487,.F.);
#7897 = PLANE('',#7898);
#7898 = AXIS2_PLACEMENT_3D('',#7899,#7900,#7901);
#7899 = CARTESIAN_POINT('',(-0.15,-0.25,4.9));
#7900 = DIRECTION('',(0.707106781187,-8.486018839685E-17,-0.707106781187
    ));
#7901 = DIRECTION('',(-1.212375546256E-16,-1.,-1.227125289196E-18));
#7902 = ADVANCED_FACE('',(#7903),#7921,.T.);
#7903 = FACE_BOUND('',#7904,.F.);
#7904 = EDGE_LOOP('',(#7905,#7913,#7914,#7915));
#7905 = ORIENTED_EDGE('',*,*,#7906,.F.);
#7906 = EDGE_CURVE('',#7503,#7907,#7909,.T.);
#7907 = VERTEX_POINT('',#7908);
#7908 = CARTESIAN_POINT('',(5.E-02,-5.E-02,5.));
#7909 = LINE('',#7910,#7911);
#7910 = CARTESIAN_POINT('',(0.183333333333,-0.183333333333,
    4.866666666667));
#7911 = VECTOR('',#7912,1.);
#7912 = DIRECTION('',(-0.57735026919,0.57735026919,0.57735026919));
#7913 = ORIENTED_EDGE('',*,*,#7512,.T.);
#7914 = ORIENTED_EDGE('',*,*,#7882,.F.);
#7915 = ORIENTED_EDGE('',*,*,#7916,.F.);
#7916 = EDGE_CURVE('',#7907,#7883,#7917,.T.);
#7917 = LINE('',#7918,#7919);
#7918 = CARTESIAN_POINT('',(0.25,-5.E-02,5.));
#7919 = VECTOR('',#7920,1.);
#7920 = DIRECTION('',(-1.,1.224646799147E-16,0.));
#7921 = PLANE('',#7922);
#7922 = AXIS2_PLACEMENT_3D('',#7923,#7924,#7925);
#7923 = CARTESIAN_POINT('',(0.25,-0.15,4.9));
#7924 = DIRECTION('',(-8.833102285013E-17,-0.707106781187,0.707106781187
    ));
#7925 = DIRECTION('',(1.,-1.236918052038E-16,1.227125289097E-18));
#7926 = ADVANCED_FACE('',(#7927),#7938,.T.);
#7927 = FACE_BOUND('',#7928,.F.);
#7928 = EDGE_LOOP('',(#7929,#7930,#7936,#7937));
#7929 = ORIENTED_EDGE('',*,*,#7906,.T.);
#7930 = ORIENTED_EDGE('',*,*,#7931,.T.);
#7931 = EDGE_CURVE('',#7907,#7852,#7932,.T.);
#7932 = LINE('',#7933,#7934);
#7933 = CARTESIAN_POINT('',(5.E-02,-0.25,5.));
#7934 = VECTOR('',#7935,1.);
#7935 = DIRECTION('',(1.224646799147E-16,1.,0.));
#7936 = ORIENTED_EDGE('',*,*,#7851,.T.);
#7937 = ORIENTED_EDGE('',*,*,#7528,.F.);
#7938 = PLANE('',#7939);
#7939 = AXIS2_PLACEMENT_3D('',#7940,#7941,#7942);
#7940 = CARTESIAN_POINT('',(0.15,-0.25,4.9));
#7941 = DIRECTION('',(0.707106781187,-8.833102285013E-17,0.707106781187)
  );
#7942 = DIRECTION('',(-1.236918052038E-16,-1.,-1.227125289097E-18));
#7943 = ADVANCED_FACE('',(#7944),#7955,.T.);
#7944 = FACE_BOUND('',#7945,.F.);
#7945 = EDGE_LOOP('',(#7946,#7947,#7953,#7954));
#7946 = ORIENTED_EDGE('',*,*,#7676,.F.);
#7947 = ORIENTED_EDGE('',*,*,#7948,.T.);
#7948 = EDGE_CURVE('',#7677,#7561,#7949,.T.);
#7949 = LINE('',#7950,#7951);
#7950 = CARTESIAN_POINT('',(0.25,-5.E-02,-3.4));
#7951 = VECTOR('',#7952,1.);
#7952 = DIRECTION('',(-1.,1.224646799147E-16,0.));
#7953 = ORIENTED_EDGE('',*,*,#7560,.T.);
#7954 = ORIENTED_EDGE('',*,*,#7659,.F.);
#7955 = PLANE('',#7956);
#7956 = AXIS2_PLACEMENT_3D('',#7957,#7958,#7959);
#7957 = CARTESIAN_POINT('',(0.25,-0.134403742653,-3.301223703467));
#7958 = DIRECTION('',(-9.136856246232E-17,-0.760250805153,-0.64962967394
    ));
#7959 = DIRECTION('',(1.,-1.211454098155E-16,1.127308249542E-18));
#7960 = ADVANCED_FACE('',(#7961),#7972,.F.);
#7961 = FACE_BOUND('',#7962,.F.);
#7962 = EDGE_LOOP('',(#7963,#7964,#7965,#7971));
#7963 = ORIENTED_EDGE('',*,*,#7948,.F.);
#7964 = ORIENTED_EDGE('',*,*,#7695,.F.);
#7965 = ORIENTED_EDGE('',*,*,#7966,.T.);
#7966 = EDGE_CURVE('',#7688,#7586,#7967,.T.);
#7967 = LINE('',#7968,#7969);
#7968 = CARTESIAN_POINT('',(0.25,5.E-02,-3.4));
#7969 = VECTOR('',#7970,1.);
#7970 = DIRECTION('',(-1.,1.224646799147E-16,0.));
#7971 = ORIENTED_EDGE('',*,*,#7593,.T.);
#7972 = PLANE('',#7973);
#7973 = AXIS2_PLACEMENT_3D('',#7974,#7975,#7976);
#7974 = CARTESIAN_POINT('',(0.25,0.25,-3.4));
#7975 = DIRECTION('',(0.,0.,1.));
#7976 = DIRECTION('',(-1.224646799147E-16,-1.,0.));
#7977 = ADVANCED_FACE('',(#7978),#7984,.T.);
#7978 = FACE_BOUND('',#7979,.T.);
#7979 = EDGE_LOOP('',(#7980,#7981,#7982,#7983));
#7980 = ORIENTED_EDGE('',*,*,#7687,.F.);
#7981 = ORIENTED_EDGE('',*,*,#7966,.T.);
#7982 = ORIENTED_EDGE('',*,*,#7585,.T.);
#7983 = ORIENTED_EDGE('',*,*,#7611,.F.);
#7984 = PLANE('',#7985);
#7985 = AXIS2_PLACEMENT_3D('',#7986,#7987,#7988);
#7986 = CARTESIAN_POINT('',(0.25,0.165596257347,-3.301223703467));
#7987 = DIRECTION('',(8.302774088379E-17,0.64962967394,-0.760250805153)
  );
#7988 = DIRECTION('',(-1.,1.247195775152E-16,-2.638869166629E-18));
#7989 = ADVANCED_FACE('',(#7990),#7996,.F.);
#7990 = FACE_BOUND('',#7991,.F.);
#7991 = EDGE_LOOP('',(#7992,#7993,#7994,#7995));
#7992 = ORIENTED_EDGE('',*,*,#7794,.T.);
#7993 = ORIENTED_EDGE('',*,*,#7763,.F.);
#7994 = ORIENTED_EDGE('',*,*,#7835,.F.);
#7995 = ORIENTED_EDGE('',*,*,#7820,.T.);
#7996 = PLANE('',#7997);
#7997 = AXIS2_PLACEMENT_3D('',#7998,#7999,#8000);
#7998 = CARTESIAN_POINT('',(2.25,-0.25,5.));
#7999 = DIRECTION('',(-0.,0.,-1.));
#8000 = DIRECTION('',(1.224646799147E-16,1.,0.));
#8001 = ADVANCED_FACE('',(#8002),#8008,.F.);
#8002 = FACE_BOUND('',#8003,.F.);
#8003 = EDGE_LOOP('',(#8004,#8005,#8006,#8007));
#8004 = ORIENTED_EDGE('',*,*,#7890,.T.);
#8005 = ORIENTED_EDGE('',*,*,#7859,.F.);
#8006 = ORIENTED_EDGE('',*,*,#7931,.F.);
#8007 = ORIENTED_EDGE('',*,*,#7916,.T.);
#8008 = PLANE('',#8009);
#8009 = AXIS2_PLACEMENT_3D('',#8010,#8011,#8012);
#8010 = CARTESIAN_POINT('',(0.25,-0.25,5.));
#8011 = DIRECTION('',(-0.,0.,-1.));
#8012 = DIRECTION('',(1.224646799147E-16,1.,0.));
#8013 = ( GEOMETRIC_REPRESENTATION_CONTEXT(3) 
GLOBAL_UNCERTAINTY_ASSIGNED_CONTEXT((#8017)) 
GLOBAL_UNIT_ASSIGNED_CONTEXT((#8014,#8015,#8016)) REPRESENTATION_CONTEXT
('Context #1','3D Context with UNIT and UNCERTAINTY') );
#8014 = ( LENGTH_UNIT() NAMED_UNIT(*) SI_UNIT(.MILLI.,.METRE.) );
#8015 = ( NAMED_UNIT(*) PLANE_ANGLE_UNIT() SI_UNIT($,.RADIAN.) );
#8016 = ( NAMED_UNIT(*) SI_UNIT($,.STERADIAN.) SOLID_ANGLE_UNIT() );
#8017 = UNCERTAINTY_MEASURE_WITH_UNIT(LENGTH_MEASURE(1.E-07),#8014,
  'distance_accuracy_value','confusion accuracy');
#8018 = CONTEXT_DEPENDENT_SHAPE_REPRESENTATION(#8019,#8021);
#8019 = ( REPRESENTATION_RELATIONSHIP('','',#5120,#10) 
REPRESENTATION_RELATIONSHIP_WITH_TRANSFORMATION(#8020) 
SHAPE_REPRESENTATION_RELATIONSHIP() );
#8020 = ITEM_DEFINED_TRANSFORMATION('','',#11,#31);
#8021 = PRODUCT_DEFINITION_SHAPE('Placement','Placement of an item',
  #8022);
#8022 = NEXT_ASSEMBLY_USAGE_OCCURRENCE('5','J_BATT1','',#5,#5115,$);
#8023 = PRODUCT_RELATED_PRODUCT_CATEGORY('part',$,(#5117));
#8024 = CONTEXT_DEPENDENT_SHAPE_REPRESENTATION(#8025,#8027);
#8025 = ( REPRESENTATION_RELATIONSHIP('','',#56,#10) 
REPRESENTATION_RELATIONSHIP_WITH_TRANSFORMATION(#8026) 
SHAPE_REPRESENTATION_RELATIONSHIP() );
#8026 = ITEM_DEFINED_TRANSFORMATION('','',#11,#35);
#8027 = PRODUCT_DEFINITION_SHAPE('Placement','Placement of an item',
  #8028);
#8028 = NEXT_ASSEMBLY_USAGE_OCCURRENCE('6','X27168StepperMotor1','',#5,
  #51,$);
#8029 = SHAPE_DEFINITION_REPRESENTATION(#8030,#8036);
#8030 = PRODUCT_DEFINITION_SHAPE('','',#8031);
#8031 = PRODUCT_DEFINITION('design','',#8032,#8035);
#8032 = PRODUCT_DEFINITION_FORMATION('','',#8033);
#8033 = PRODUCT('Vibe Bot - Display Device - DZ_PCB',
  'Vibe Bot - Display Device - DZ_PCB','',(#8034));
#8034 = PRODUCT_CONTEXT('',#2,'mechanical');
#8035 = PRODUCT_DEFINITION_CONTEXT('part definition',#2,'design');
#8036 = ADVANCED_BREP_SHAPE_REPRESENTATION('',(#11,#8037),#9387);
#8037 = MANIFOLD_SOLID_BREP('',#8038);
#8038 = CLOSED_SHELL('',(#8039,#8081,#8112,#8143,#8487,#8831,#8848,#8865
    ,#8882,#8899,#8911,#8928,#8945,#8962,#8979,#8996,#9013,#9030,#9047,
    #9064,#9081,#9098,#9115,#9137,#9154,#9171,#9183,#9205,#9222,#9239,
    #9251,#9268,#9285,#9302,#9319,#9336,#9353,#9370));
#8039 = ADVANCED_FACE('',(#8040),#8076,.T.);
#8040 = FACE_BOUND('',#8041,.T.);
#8041 = EDGE_LOOP('',(#8042,#8052,#8061,#8069));
#8042 = ORIENTED_EDGE('',*,*,#8043,.T.);
#8043 = EDGE_CURVE('',#8044,#8046,#8048,.T.);
#8044 = VERTEX_POINT('',#8045);
#8045 = CARTESIAN_POINT('',(-45.5,-15.,0.));
#8046 = VERTEX_POINT('',#8047);
#8047 = CARTESIAN_POINT('',(-45.5,-15.,1.51));
#8048 = LINE('',#8049,#8050);
#8049 = CARTESIAN_POINT('',(-45.5,-15.,0.));
#8050 = VECTOR('',#8051,1.);
#8051 = DIRECTION('',(0.,0.,1.));
#8052 = ORIENTED_EDGE('',*,*,#8053,.T.);
#8053 = EDGE_CURVE('',#8046,#8054,#8056,.T.);
#8054 = VERTEX_POINT('',#8055);
#8055 = CARTESIAN_POINT('',(-43.5,-17.,1.51));
#8056 = CIRCLE('',#8057,1.99999850585);
#8057 = AXIS2_PLACEMENT_3D('',#8058,#8059,#8060);
#8058 = CARTESIAN_POINT('',(-45.49999850585,-16.99999850585,1.51));
#8059 = DIRECTION('',(0.,0.,-1.));
#8060 = DIRECTION('',(-7.470757420593E-07,1.,0.));
#8061 = ORIENTED_EDGE('',*,*,#8062,.F.);
#8062 = EDGE_CURVE('',#8063,#8054,#8065,.T.);
#8063 = VERTEX_POINT('',#8064);
#8064 = CARTESIAN_POINT('',(-43.5,-17.,0.));
#8065 = LINE('',#8066,#8067);
#8066 = CARTESIAN_POINT('',(-43.5,-17.,0.));
#8067 = VECTOR('',#8068,1.);
#8068 = DIRECTION('',(0.,0.,1.));
#8069 = ORIENTED_EDGE('',*,*,#8070,.F.);
#8070 = EDGE_CURVE('',#8044,#8063,#8071,.T.);
#8071 = CIRCLE('',#8072,1.99999850585);
#8072 = AXIS2_PLACEMENT_3D('',#8073,#8074,#8075);
#8073 = CARTESIAN_POINT('',(-45.49999850585,-16.99999850585,0.));
#8074 = DIRECTION('',(0.,0.,-1.));
#8075 = DIRECTION('',(-7.470757420593E-07,1.,0.));
#8076 = CYLINDRICAL_SURFACE('',#8077,1.99999850585);
#8077 = AXIS2_PLACEMENT_3D('',#8078,#8079,#8080);
#8078 = CARTESIAN_POINT('',(-45.49999850585,-16.99999850585,0.));
#8079 = DIRECTION('',(0.,0.,-1.));
#8080 = DIRECTION('',(-7.470757420593E-07,1.,0.));
#8081 = ADVANCED_FACE('',(#8082),#8107,.T.);
#8082 = FACE_BOUND('',#8083,.T.);
#8083 = EDGE_LOOP('',(#8084,#8094,#8100,#8101));
#8084 = ORIENTED_EDGE('',*,*,#8085,.T.);
#8085 = EDGE_CURVE('',#8086,#8088,#8090,.T.);
#8086 = VERTEX_POINT('',#8087);
#8087 = CARTESIAN_POINT('',(-103.,-15.,0.));
#8088 = VERTEX_POINT('',#8089);
#8089 = CARTESIAN_POINT('',(-103.,-15.,1.51));
#8090 = LINE('',#8091,#8092);
#8091 = CARTESIAN_POINT('',(-103.,-15.,0.));
#8092 = VECTOR('',#8093,1.);
#8093 = DIRECTION('',(0.,0.,1.));
#8094 = ORIENTED_EDGE('',*,*,#8095,.T.);
#8095 = EDGE_CURVE('',#8088,#8046,#8096,.T.);
#8096 = LINE('',#8097,#8098);
#8097 = CARTESIAN_POINT('',(-103.,-15.,1.51));
#8098 = VECTOR('',#8099,1.);
#8099 = DIRECTION('',(1.,0.,0.));
#8100 = ORIENTED_EDGE('',*,*,#8043,.F.);
#8101 = ORIENTED_EDGE('',*,*,#8102,.F.);
#8102 = EDGE_CURVE('',#8086,#8044,#8103,.T.);
#8103 = LINE('',#8104,#8105);
#8104 = CARTESIAN_POINT('',(-103.,-15.,0.));
#8105 = VECTOR('',#8106,1.);
#8106 = DIRECTION('',(1.,0.,0.));
#8107 = PLANE('',#8108);
#8108 = AXIS2_PLACEMENT_3D('',#8109,#8110,#8111);
#8109 = CARTESIAN_POINT('',(-103.,-15.,0.));
#8110 = DIRECTION('',(0.,1.,0.));
#8111 = DIRECTION('',(1.,0.,0.));
#8112 = ADVANCED_FACE('',(#8113),#8138,.T.);
#8113 = FACE_BOUND('',#8114,.T.);
#8114 = EDGE_LOOP('',(#8115,#8116,#8124,#8132));
#8115 = ORIENTED_EDGE('',*,*,#8062,.T.);
#8116 = ORIENTED_EDGE('',*,*,#8117,.T.);
#8117 = EDGE_CURVE('',#8054,#8118,#8120,.T.);
#8118 = VERTEX_POINT('',#8119);
#8119 = CARTESIAN_POINT('',(-43.5,-48.5,1.51));
#8120 = LINE('',#8121,#8122);
#8121 = CARTESIAN_POINT('',(-43.5,-17.,1.51));
#8122 = VECTOR('',#8123,1.);
#8123 = DIRECTION('',(0.,-1.,0.));
#8124 = ORIENTED_EDGE('',*,*,#8125,.F.);
#8125 = EDGE_CURVE('',#8126,#8118,#8128,.T.);
#8126 = VERTEX_POINT('',#8127);
#8127 = CARTESIAN_POINT('',(-43.5,-48.5,0.));
#8128 = LINE('',#8129,#8130);
#8129 = CARTESIAN_POINT('',(-43.5,-48.5,0.));
#8130 = VECTOR('',#8131,1.);
#8131 = DIRECTION('',(0.,0.,1.));
#8132 = ORIENTED_EDGE('',*,*,#8133,.F.);
#8133 = EDGE_CURVE('',#8063,#8126,#8134,.T.);
#8134 = LINE('',#8135,#8136);
#8135 = CARTESIAN_POINT('',(-43.5,-17.,0.));
#8136 = VECTOR('',#8137,1.);
#8137 = DIRECTION('',(0.,-1.,0.));
#8138 = PLANE('',#8139);
#8139 = AXIS2_PLACEMENT_3D('',#8140,#8141,#8142);
#8140 = CARTESIAN_POINT('',(-43.5,-17.,0.));
#8141 = DIRECTION('',(1.,0.,-0.));
#8142 = DIRECTION('',(0.,-1.,0.));
#8143 = ADVANCED_FACE('',(#8144,#8190,#8201,#8212,#8223,#8234,#8245,
    #8256,#8267,#8278,#8289,#8300,#8311,#8322,#8358,#8394,#8405,#8416,
    #8427,#8438,#8449,#8460,#8471),#8482,.F.);
#8144 = FACE_BOUND('',#8145,.F.);
#8145 = EDGE_LOOP('',(#8146,#8147,#8148,#8157,#8165,#8174,#8182,#8189));
#8146 = ORIENTED_EDGE('',*,*,#8070,.F.);
#8147 = ORIENTED_EDGE('',*,*,#8102,.F.);
#8148 = ORIENTED_EDGE('',*,*,#8149,.F.);
#8149 = EDGE_CURVE('',#8150,#8086,#8152,.T.);
#8150 = VERTEX_POINT('',#8151);
#8151 = CARTESIAN_POINT('',(-105.,-17.,0.));
#8152 = CIRCLE('',#8153,1.99999850585);
#8153 = AXIS2_PLACEMENT_3D('',#8154,#8155,#8156);
#8154 = CARTESIAN_POINT('',(-103.0000014941,-16.99999850585,0.));
#8155 = DIRECTION('',(0.,0.,-1.));
#8156 = DIRECTION('',(-1.,-7.470757420593E-07,-0.));
#8157 = ORIENTED_EDGE('',*,*,#8158,.F.);
#8158 = EDGE_CURVE('',#8159,#8150,#8161,.T.);
#8159 = VERTEX_POINT('',#8160);
#8160 = CARTESIAN_POINT('',(-105.,-48.5,0.));
#8161 = LINE('',#8162,#8163);
#8162 = CARTESIAN_POINT('',(-105.,-48.5,0.));
#8163 = VECTOR('',#8164,1.);
#8164 = DIRECTION('',(0.,1.,0.));
#8165 = ORIENTED_EDGE('',*,*,#8166,.F.);
#8166 = EDGE_CURVE('',#8167,#8159,#8169,.T.);
#8167 = VERTEX_POINT('',#8168);
#8168 = CARTESIAN_POINT('',(-103.,-50.5,0.));
#8169 = CIRCLE('',#8170,1.99999850585);
#8170 = AXIS2_PLACEMENT_3D('',#8171,#8172,#8173);
#8171 = CARTESIAN_POINT('',(-103.0000014941,-48.50000149415,0.));
#8172 = DIRECTION('',(0.,0.,-1.));
#8173 = DIRECTION('',(7.470757491648E-07,-1.,0.));
#8174 = ORIENTED_EDGE('',*,*,#8175,.F.);
#8175 = EDGE_CURVE('',#8176,#8167,#8178,.T.);
#8176 = VERTEX_POINT('',#8177);
#8177 = CARTESIAN_POINT('',(-45.5,-50.5,0.));
#8178 = LINE('',#8179,#8180);
#8179 = CARTESIAN_POINT('',(-45.5,-50.5,0.));
#8180 = VECTOR('',#8181,1.);
#8181 = DIRECTION('',(-1.,0.,0.));
#8182 = ORIENTED_EDGE('',*,*,#8183,.F.);
#8183 = EDGE_CURVE('',#8126,#8176,#8184,.T.);
#8184 = CIRCLE('',#8185,1.99999850585);
#8185 = AXIS2_PLACEMENT_3D('',#8186,#8187,#8188);
#8186 = CARTESIAN_POINT('',(-45.49999850585,-48.50000149415,0.));
#8187 = DIRECTION('',(0.,0.,-1.));
#8188 = DIRECTION('',(1.,7.470757420593E-07,0.));
#8189 = ORIENTED_EDGE('',*,*,#8133,.F.);
#8190 = FACE_BOUND('',#8191,.F.);
#8191 = EDGE_LOOP('',(#8192));
#8192 = ORIENTED_EDGE('',*,*,#8193,.F.);
#8193 = EDGE_CURVE('',#8194,#8194,#8196,.T.);
#8194 = VERTEX_POINT('',#8195);
#8195 = CARTESIAN_POINT('',(-100.8,-47.5,0.));
#8196 = CIRCLE('',#8197,1.7);
#8197 = AXIS2_PLACEMENT_3D('',#8198,#8199,#8200);
#8198 = CARTESIAN_POINT('',(-102.5,-47.5,0.));
#8199 = DIRECTION('',(0.,0.,1.));
#8200 = DIRECTION('',(1.,0.,-0.));
#8201 = FACE_BOUND('',#8202,.F.);
#8202 = EDGE_LOOP('',(#8203));
#8203 = ORIENTED_EDGE('',*,*,#8204,.T.);
#8204 = EDGE_CURVE('',#8205,#8205,#8207,.T.);
#8205 = VERTEX_POINT('',#8206);
#8206 = CARTESIAN_POINT('',(-98.5,-44.12,0.));
#8207 = CIRCLE('',#8208,0.5);
#8208 = AXIS2_PLACEMENT_3D('',#8209,#8210,#8211);
#8209 = CARTESIAN_POINT('',(-98.5,-43.62,0.));
#8210 = DIRECTION('',(-0.,0.,-1.));
#8211 = DIRECTION('',(-0.,-1.,0.));
#8212 = FACE_BOUND('',#8213,.F.);
#8213 = EDGE_LOOP('',(#8214));
#8214 = ORIENTED_EDGE('',*,*,#8215,.T.);
#8215 = EDGE_CURVE('',#8216,#8216,#8218,.T.);
#8216 = VERTEX_POINT('',#8217);
#8217 = CARTESIAN_POINT('',(-98.5,-41.58,0.));
#8218 = CIRCLE('',#8219,0.5);
#8219 = AXIS2_PLACEMENT_3D('',#8220,#8221,#8222);
#8220 = CARTESIAN_POINT('',(-98.5,-41.08,0.));
#8221 = DIRECTION('',(-0.,0.,-1.));
#8222 = DIRECTION('',(-0.,-1.,0.));
#8223 = FACE_BOUND('',#8224,.F.);
#8224 = EDGE_LOOP('',(#8225));
#8225 = ORIENTED_EDGE('',*,*,#8226,.T.);
#8226 = EDGE_CURVE('',#8227,#8227,#8229,.T.);
#8227 = VERTEX_POINT('',#8228);
#8228 = CARTESIAN_POINT('',(-79.,-43.375,0.));
#8229 = CIRCLE('',#8230,0.375);
#8230 = AXIS2_PLACEMENT_3D('',#8231,#8232,#8233);
#8231 = CARTESIAN_POINT('',(-79.,-43.,0.));
#8232 = DIRECTION('',(-0.,0.,-1.));
#8233 = DIRECTION('',(-0.,-1.,0.));
#8234 = FACE_BOUND('',#8235,.F.);
#8235 = EDGE_LOOP('',(#8236));
#8236 = ORIENTED_EDGE('',*,*,#8237,.T.);
#8237 = EDGE_CURVE('',#8238,#8238,#8240,.T.);
#8238 = VERTEX_POINT('',#8239);
#8239 = CARTESIAN_POINT('',(-77.,-43.375,0.));
#8240 = CIRCLE('',#8241,0.375);
#8241 = AXIS2_PLACEMENT_3D('',#8242,#8243,#8244);
#8242 = CARTESIAN_POINT('',(-77.,-43.,0.));
#8243 = DIRECTION('',(-0.,0.,-1.));
#8244 = DIRECTION('',(-0.,-1.,0.));
#8245 = FACE_BOUND('',#8246,.F.);
#8246 = EDGE_LOOP('',(#8247));
#8247 = ORIENTED_EDGE('',*,*,#8248,.T.);
#8248 = EDGE_CURVE('',#8249,#8249,#8251,.T.);
#8249 = VERTEX_POINT('',#8250);
#8250 = CARTESIAN_POINT('',(-98.5,-39.04,0.));
#8251 = CIRCLE('',#8252,0.5);
#8252 = AXIS2_PLACEMENT_3D('',#8253,#8254,#8255);
#8253 = CARTESIAN_POINT('',(-98.5,-38.54,0.));
#8254 = DIRECTION('',(-0.,0.,-1.));
#8255 = DIRECTION('',(-0.,-1.,0.));
#8256 = FACE_BOUND('',#8257,.F.);
#8257 = EDGE_LOOP('',(#8258));
#8258 = ORIENTED_EDGE('',*,*,#8259,.T.);
#8259 = EDGE_CURVE('',#8260,#8260,#8262,.T.);
#8260 = VERTEX_POINT('',#8261);
#8261 = CARTESIAN_POINT('',(-98.5,-36.5,0.));
#8262 = CIRCLE('',#8263,0.5);
#8263 = AXIS2_PLACEMENT_3D('',#8264,#8265,#8266);
#8264 = CARTESIAN_POINT('',(-98.5,-36.,0.));
#8265 = DIRECTION('',(-0.,0.,-1.));
#8266 = DIRECTION('',(-0.,-1.,0.));
#8267 = FACE_BOUND('',#8268,.F.);
#8268 = EDGE_LOOP('',(#8269));
#8269 = ORIENTED_EDGE('',*,*,#8270,.T.);
#8270 = EDGE_CURVE('',#8271,#8271,#8273,.T.);
#8271 = VERTEX_POINT('',#8272);
#8272 = CARTESIAN_POINT('',(-64.5,-45.04,0.));
#8273 = CIRCLE('',#8274,0.5);
#8274 = AXIS2_PLACEMENT_3D('',#8275,#8276,#8277);
#8275 = CARTESIAN_POINT('',(-64.5,-44.54,0.));
#8276 = DIRECTION('',(-0.,0.,-1.));
#8277 = DIRECTION('',(-0.,-1.,0.));
#8278 = FACE_BOUND('',#8279,.F.);
#8279 = EDGE_LOOP('',(#8280));
#8280 = ORIENTED_EDGE('',*,*,#8281,.T.);
#8281 = EDGE_CURVE('',#8282,#8282,#8284,.T.);
#8282 = VERTEX_POINT('',#8283);
#8283 = CARTESIAN_POINT('',(-61.96,-45.04,0.));
#8284 = CIRCLE('',#8285,0.5);
#8285 = AXIS2_PLACEMENT_3D('',#8286,#8287,#8288);
#8286 = CARTESIAN_POINT('',(-61.96,-44.54,0.));
#8287 = DIRECTION('',(-0.,0.,-1.));
#8288 = DIRECTION('',(-0.,-1.,0.));
#8289 = FACE_BOUND('',#8290,.F.);
#8290 = EDGE_LOOP('',(#8291));
#8291 = ORIENTED_EDGE('',*,*,#8292,.F.);
#8292 = EDGE_CURVE('',#8293,#8293,#8295,.T.);
#8293 = VERTEX_POINT('',#8294);
#8294 = CARTESIAN_POINT('',(-44.8,-47.5,0.));
#8295 = CIRCLE('',#8296,1.7);
#8296 = AXIS2_PLACEMENT_3D('',#8297,#8298,#8299);
#8297 = CARTESIAN_POINT('',(-46.5,-47.5,0.));
#8298 = DIRECTION('',(0.,0.,1.));
#8299 = DIRECTION('',(1.,0.,-0.));
#8300 = FACE_BOUND('',#8301,.F.);
#8301 = EDGE_LOOP('',(#8302));
#8302 = ORIENTED_EDGE('',*,*,#8303,.T.);
#8303 = EDGE_CURVE('',#8304,#8304,#8306,.T.);
#8304 = VERTEX_POINT('',#8305);
#8305 = CARTESIAN_POINT('',(-98.5,-29.04,0.));
#8306 = CIRCLE('',#8307,0.5);
#8307 = AXIS2_PLACEMENT_3D('',#8308,#8309,#8310);
#8308 = CARTESIAN_POINT('',(-98.5,-28.54,0.));
#8309 = DIRECTION('',(-0.,0.,-1.));
#8310 = DIRECTION('',(-0.,-1.,0.));
#8311 = FACE_BOUND('',#8312,.F.);
#8312 = EDGE_LOOP('',(#8313));
#8313 = ORIENTED_EDGE('',*,*,#8314,.T.);
#8314 = EDGE_CURVE('',#8315,#8315,#8317,.T.);
#8315 = VERTEX_POINT('',#8316);
#8316 = CARTESIAN_POINT('',(-98.5,-26.5,0.));
#8317 = CIRCLE('',#8318,0.5);
#8318 = AXIS2_PLACEMENT_3D('',#8319,#8320,#8321);
#8319 = CARTESIAN_POINT('',(-98.5,-26.,0.));
#8320 = DIRECTION('',(-0.,0.,-1.));
#8321 = DIRECTION('',(-0.,-1.,0.));
#8322 = FACE_BOUND('',#8323,.F.);
#8323 = EDGE_LOOP('',(#8324,#8335,#8343,#8352));
#8324 = ORIENTED_EDGE('',*,*,#8325,.T.);
#8325 = EDGE_CURVE('',#8326,#8328,#8330,.T.);
#8326 = VERTEX_POINT('',#8327);
#8327 = CARTESIAN_POINT('',(-76.4525,-27.74,0.));
#8328 = VERTEX_POINT('',#8329);
#8329 = CARTESIAN_POINT('',(-76.4525,-28.74,0.));
#8330 = CIRCLE('',#8331,0.5);
#8331 = AXIS2_PLACEMENT_3D('',#8332,#8333,#8334);
#8332 = CARTESIAN_POINT('',(-76.4525,-28.24,0.));
#8333 = DIRECTION('',(-0.,0.,-1.));
#8334 = DIRECTION('',(-0.,-1.,0.));
#8335 = ORIENTED_EDGE('',*,*,#8336,.T.);
#8336 = EDGE_CURVE('',#8328,#8337,#8339,.T.);
#8337 = VERTEX_POINT('',#8338);
#8338 = CARTESIAN_POINT('',(-77.4525,-28.74,0.));
#8339 = LINE('',#8340,#8341);
#8340 = CARTESIAN_POINT('',(-38.72625,-28.74,0.));
#8341 = VECTOR('',#8342,1.);
#8342 = DIRECTION('',(-1.,0.,0.));
#8343 = ORIENTED_EDGE('',*,*,#8344,.T.);
#8344 = EDGE_CURVE('',#8337,#8345,#8347,.T.);
#8345 = VERTEX_POINT('',#8346);
#8346 = CARTESIAN_POINT('',(-77.4525,-27.74,0.));
#8347 = CIRCLE('',#8348,0.5);
#8348 = AXIS2_PLACEMENT_3D('',#8349,#8350,#8351);
#8349 = CARTESIAN_POINT('',(-77.4525,-28.24,0.));
#8350 = DIRECTION('',(-0.,0.,-1.));
#8351 = DIRECTION('',(0.,1.,0.));
#8352 = ORIENTED_EDGE('',*,*,#8353,.T.);
#8353 = EDGE_CURVE('',#8345,#8326,#8354,.T.);
#8354 = LINE('',#8355,#8356);
#8355 = CARTESIAN_POINT('',(-38.22625,-27.74,0.));
#8356 = VECTOR('',#8357,1.);
#8357 = DIRECTION('',(1.,0.,-0.));
#8358 = FACE_BOUND('',#8359,.F.);
#8359 = EDGE_LOOP('',(#8360,#8371,#8379,#8388));
#8360 = ORIENTED_EDGE('',*,*,#8361,.T.);
#8361 = EDGE_CURVE('',#8362,#8364,#8366,.T.);
#8362 = VERTEX_POINT('',#8363);
#8363 = CARTESIAN_POINT('',(-76.4415,-25.84,0.));
#8364 = VERTEX_POINT('',#8365);
#8365 = CARTESIAN_POINT('',(-76.4415,-26.84,0.));
#8366 = CIRCLE('',#8367,0.5);
#8367 = AXIS2_PLACEMENT_3D('',#8368,#8369,#8370);
#8368 = CARTESIAN_POINT('',(-76.4415,-26.34,0.));
#8369 = DIRECTION('',(-0.,0.,-1.));
#8370 = DIRECTION('',(-0.,-1.,0.));
#8371 = ORIENTED_EDGE('',*,*,#8372,.T.);
#8372 = EDGE_CURVE('',#8364,#8373,#8375,.T.);
#8373 = VERTEX_POINT('',#8374);
#8374 = CARTESIAN_POINT('',(-77.4415,-26.84,0.));
#8375 = LINE('',#8376,#8377);
#8376 = CARTESIAN_POINT('',(-38.72075,-26.84,0.));
#8377 = VECTOR('',#8378,1.);
#8378 = DIRECTION('',(-1.,0.,0.));
#8379 = ORIENTED_EDGE('',*,*,#8380,.T.);
#8380 = EDGE_CURVE('',#8373,#8381,#8383,.T.);
#8381 = VERTEX_POINT('',#8382);
#8382 = CARTESIAN_POINT('',(-77.4415,-25.84,0.));
#8383 = CIRCLE('',#8384,0.5);
#8384 = AXIS2_PLACEMENT_3D('',#8385,#8386,#8387);
#8385 = CARTESIAN_POINT('',(-77.4415,-26.34,0.));
#8386 = DIRECTION('',(-0.,0.,-1.));
#8387 = DIRECTION('',(0.,1.,0.));
#8388 = ORIENTED_EDGE('',*,*,#8389,.T.);
#8389 = EDGE_CURVE('',#8381,#8362,#8390,.T.);
#8390 = LINE('',#8391,#8392);
#8391 = CARTESIAN_POINT('',(-38.22075,-25.84,0.));
#8392 = VECTOR('',#8393,1.);
#8393 = DIRECTION('',(1.,0.,-0.));
#8394 = FACE_BOUND('',#8395,.F.);
#8395 = EDGE_LOOP('',(#8396));
#8396 = ORIENTED_EDGE('',*,*,#8397,.T.);
#8397 = EDGE_CURVE('',#8398,#8398,#8400,.T.);
#8398 = VERTEX_POINT('',#8399);
#8399 = CARTESIAN_POINT('',(-98.5,-23.96,0.));
#8400 = CIRCLE('',#8401,0.5);
#8401 = AXIS2_PLACEMENT_3D('',#8402,#8403,#8404);
#8402 = CARTESIAN_POINT('',(-98.5,-23.46,0.));
#8403 = DIRECTION('',(-0.,0.,-1.));
#8404 = DIRECTION('',(-0.,-1.,0.));
#8405 = FACE_BOUND('',#8406,.F.);
#8406 = EDGE_LOOP('',(#8407));
#8407 = ORIENTED_EDGE('',*,*,#8408,.T.);
#8408 = EDGE_CURVE('',#8409,#8409,#8411,.T.);
#8409 = VERTEX_POINT('',#8410);
#8410 = CARTESIAN_POINT('',(-98.5,-21.42,0.));
#8411 = CIRCLE('',#8412,0.5);
#8412 = AXIS2_PLACEMENT_3D('',#8413,#8414,#8415);
#8413 = CARTESIAN_POINT('',(-98.5,-20.92,0.));
#8414 = DIRECTION('',(-0.,0.,-1.));
#8415 = DIRECTION('',(-0.,-1.,0.));
#8416 = FACE_BOUND('',#8417,.F.);
#8417 = EDGE_LOOP('',(#8418));
#8418 = ORIENTED_EDGE('',*,*,#8419,.F.);
#8419 = EDGE_CURVE('',#8420,#8420,#8422,.T.);
#8420 = VERTEX_POINT('',#8421);
#8421 = CARTESIAN_POINT('',(-100.3,-18.,0.));
#8422 = CIRCLE('',#8423,1.7);
#8423 = AXIS2_PLACEMENT_3D('',#8424,#8425,#8426);
#8424 = CARTESIAN_POINT('',(-102.,-18.,0.));
#8425 = DIRECTION('',(0.,0.,1.));
#8426 = DIRECTION('',(1.,0.,-0.));
#8427 = FACE_BOUND('',#8428,.F.);
#8428 = EDGE_LOOP('',(#8429));
#8429 = ORIENTED_EDGE('',*,*,#8430,.T.);
#8430 = EDGE_CURVE('',#8431,#8431,#8433,.T.);
#8431 = VERTEX_POINT('',#8432);
#8432 = CARTESIAN_POINT('',(-48.5,-32.04,0.));
#8433 = CIRCLE('',#8434,0.5);
#8434 = AXIS2_PLACEMENT_3D('',#8435,#8436,#8437);
#8435 = CARTESIAN_POINT('',(-48.5,-31.54,0.));
#8436 = DIRECTION('',(-0.,0.,-1.));
#8437 = DIRECTION('',(-0.,-1.,0.));
#8438 = FACE_BOUND('',#8439,.F.);
#8439 = EDGE_LOOP('',(#8440));
#8440 = ORIENTED_EDGE('',*,*,#8441,.T.);
#8441 = EDGE_CURVE('',#8442,#8442,#8444,.T.);
#8442 = VERTEX_POINT('',#8443);
#8443 = CARTESIAN_POINT('',(-48.5,-29.5,0.));
#8444 = CIRCLE('',#8445,0.5);
#8445 = AXIS2_PLACEMENT_3D('',#8446,#8447,#8448);
#8446 = CARTESIAN_POINT('',(-48.5,-29.,0.));
#8447 = DIRECTION('',(-0.,0.,-1.));
#8448 = DIRECTION('',(-0.,-1.,0.));
#8449 = FACE_BOUND('',#8450,.F.);
#8450 = EDGE_LOOP('',(#8451));
#8451 = ORIENTED_EDGE('',*,*,#8452,.T.);
#8452 = EDGE_CURVE('',#8453,#8453,#8455,.T.);
#8453 = VERTEX_POINT('',#8454);
#8454 = CARTESIAN_POINT('',(-48.5,-26.96,0.));
#8455 = CIRCLE('',#8456,0.5);
#8456 = AXIS2_PLACEMENT_3D('',#8457,#8458,#8459);
#8457 = CARTESIAN_POINT('',(-48.5,-26.46,0.));
#8458 = DIRECTION('',(-0.,0.,-1.));
#8459 = DIRECTION('',(-0.,-1.,0.));
#8460 = FACE_BOUND('',#8461,.F.);
#8461 = EDGE_LOOP('',(#8462));
#8462 = ORIENTED_EDGE('',*,*,#8463,.T.);
#8463 = EDGE_CURVE('',#8464,#8464,#8466,.T.);
#8464 = VERTEX_POINT('',#8465);
#8465 = CARTESIAN_POINT('',(-48.5,-24.42,0.));
#8466 = CIRCLE('',#8467,0.5);
#8467 = AXIS2_PLACEMENT_3D('',#8468,#8469,#8470);
#8468 = CARTESIAN_POINT('',(-48.5,-23.92,0.));
#8469 = DIRECTION('',(-0.,0.,-1.));
#8470 = DIRECTION('',(-0.,-1.,0.));
#8471 = FACE_BOUND('',#8472,.F.);
#8472 = EDGE_LOOP('',(#8473));
#8473 = ORIENTED_EDGE('',*,*,#8474,.F.);
#8474 = EDGE_CURVE('',#8475,#8475,#8477,.T.);
#8475 = VERTEX_POINT('',#8476);
#8476 = CARTESIAN_POINT('',(-44.3,-17.5,0.));
#8477 = CIRCLE('',#8478,1.7);
#8478 = AXIS2_PLACEMENT_3D('',#8479,#8480,#8481);
#8479 = CARTESIAN_POINT('',(-46.,-17.5,0.));
#8480 = DIRECTION('',(0.,0.,1.));
#8481 = DIRECTION('',(1.,0.,-0.));
#8482 = PLANE('',#8483);
#8483 = AXIS2_PLACEMENT_3D('',#8484,#8485,#8486);
#8484 = CARTESIAN_POINT('',(0.,0.,0.));
#8485 = DIRECTION('',(0.,0.,1.));
#8486 = DIRECTION('',(1.,0.,-0.));
#8487 = ADVANCED_FACE('',(#8488,#8534,#8545,#8556,#8567,#8578,#8589,
    #8600,#8611,#8622,#8633,#8644,#8655,#8666,#8702,#8738,#8749,#8760,
    #8771,#8782,#8793,#8804,#8815),#8826,.T.);
#8488 = FACE_BOUND('',#8489,.T.);
#8489 = EDGE_LOOP('',(#8490,#8491,#8492,#8501,#8509,#8518,#8526,#8533));
#8490 = ORIENTED_EDGE('',*,*,#8053,.F.);
#8491 = ORIENTED_EDGE('',*,*,#8095,.F.);
#8492 = ORIENTED_EDGE('',*,*,#8493,.F.);
#8493 = EDGE_CURVE('',#8494,#8088,#8496,.T.);
#8494 = VERTEX_POINT('',#8495);
#8495 = CARTESIAN_POINT('',(-105.,-17.,1.51));
#8496 = CIRCLE('',#8497,1.99999850585);
#8497 = AXIS2_PLACEMENT_3D('',#8498,#8499,#8500);
#8498 = CARTESIAN_POINT('',(-103.0000014941,-16.99999850585,1.51));
#8499 = DIRECTION('',(0.,0.,-1.));
#8500 = DIRECTION('',(-1.,-7.470757420593E-07,-0.));
#8501 = ORIENTED_EDGE('',*,*,#8502,.F.);
#8502 = EDGE_CURVE('',#8503,#8494,#8505,.T.);
#8503 = VERTEX_POINT('',#8504);
#8504 = CARTESIAN_POINT('',(-105.,-48.5,1.51));
#8505 = LINE('',#8506,#8507);
#8506 = CARTESIAN_POINT('',(-105.,-48.5,1.51));
#8507 = VECTOR('',#8508,1.);
#8508 = DIRECTION('',(0.,1.,0.));
#8509 = ORIENTED_EDGE('',*,*,#8510,.F.);
#8510 = EDGE_CURVE('',#8511,#8503,#8513,.T.);
#8511 = VERTEX_POINT('',#8512);
#8512 = CARTESIAN_POINT('',(-103.,-50.5,1.51));
#8513 = CIRCLE('',#8514,1.99999850585);
#8514 = AXIS2_PLACEMENT_3D('',#8515,#8516,#8517);
#8515 = CARTESIAN_POINT('',(-103.0000014941,-48.50000149415,1.51));
#8516 = DIRECTION('',(0.,0.,-1.));
#8517 = DIRECTION('',(7.470757491648E-07,-1.,0.));
#8518 = ORIENTED_EDGE('',*,*,#8519,.F.);
#8519 = EDGE_CURVE('',#8520,#8511,#8522,.T.);
#8520 = VERTEX_POINT('',#8521);
#8521 = CARTESIAN_POINT('',(-45.5,-50.5,1.51));
#8522 = LINE('',#8523,#8524);
#8523 = CARTESIAN_POINT('',(-45.5,-50.5,1.51));
#8524 = VECTOR('',#8525,1.);
#8525 = DIRECTION('',(-1.,0.,0.));
#8526 = ORIENTED_EDGE('',*,*,#8527,.F.);
#8527 = EDGE_CURVE('',#8118,#8520,#8528,.T.);
#8528 = CIRCLE('',#8529,1.99999850585);
#8529 = AXIS2_PLACEMENT_3D('',#8530,#8531,#8532);
#8530 = CARTESIAN_POINT('',(-45.49999850585,-48.50000149415,1.51));
#8531 = DIRECTION('',(0.,0.,-1.));
#8532 = DIRECTION('',(1.,7.470757420593E-07,0.));
#8533 = ORIENTED_EDGE('',*,*,#8117,.F.);
#8534 = FACE_BOUND('',#8535,.T.);
#8535 = EDGE_LOOP('',(#8536));
#8536 = ORIENTED_EDGE('',*,*,#8537,.F.);
#8537 = EDGE_CURVE('',#8538,#8538,#8540,.T.);
#8538 = VERTEX_POINT('',#8539);
#8539 = CARTESIAN_POINT('',(-100.8,-47.5,1.51));
#8540 = CIRCLE('',#8541,1.7);
#8541 = AXIS2_PLACEMENT_3D('',#8542,#8543,#8544);
#8542 = CARTESIAN_POINT('',(-102.5,-47.5,1.51));
#8543 = DIRECTION('',(0.,0.,1.));
#8544 = DIRECTION('',(1.,0.,-0.));
#8545 = FACE_BOUND('',#8546,.T.);
#8546 = EDGE_LOOP('',(#8547));
#8547 = ORIENTED_EDGE('',*,*,#8548,.T.);
#8548 = EDGE_CURVE('',#8549,#8549,#8551,.T.);
#8549 = VERTEX_POINT('',#8550);
#8550 = CARTESIAN_POINT('',(-98.5,-44.12,1.51));
#8551 = CIRCLE('',#8552,0.5);
#8552 = AXIS2_PLACEMENT_3D('',#8553,#8554,#8555);
#8553 = CARTESIAN_POINT('',(-98.5,-43.62,1.51));
#8554 = DIRECTION('',(-0.,0.,-1.));
#8555 = DIRECTION('',(-0.,-1.,0.));
#8556 = FACE_BOUND('',#8557,.T.);
#8557 = EDGE_LOOP('',(#8558));
#8558 = ORIENTED_EDGE('',*,*,#8559,.T.);
#8559 = EDGE_CURVE('',#8560,#8560,#8562,.T.);
#8560 = VERTEX_POINT('',#8561);
#8561 = CARTESIAN_POINT('',(-98.5,-41.58,1.51));
#8562 = CIRCLE('',#8563,0.5);
#8563 = AXIS2_PLACEMENT_3D('',#8564,#8565,#8566);
#8564 = CARTESIAN_POINT('',(-98.5,-41.08,1.51));
#8565 = DIRECTION('',(-0.,0.,-1.));
#8566 = DIRECTION('',(-0.,-1.,0.));
#8567 = FACE_BOUND('',#8568,.T.);
#8568 = EDGE_LOOP('',(#8569));
#8569 = ORIENTED_EDGE('',*,*,#8570,.T.);
#8570 = EDGE_CURVE('',#8571,#8571,#8573,.T.);
#8571 = VERTEX_POINT('',#8572);
#8572 = CARTESIAN_POINT('',(-79.,-43.375,1.51));
#8573 = CIRCLE('',#8574,0.375);
#8574 = AXIS2_PLACEMENT_3D('',#8575,#8576,#8577);
#8575 = CARTESIAN_POINT('',(-79.,-43.,1.51));
#8576 = DIRECTION('',(-0.,0.,-1.));
#8577 = DIRECTION('',(-0.,-1.,0.));
#8578 = FACE_BOUND('',#8579,.T.);
#8579 = EDGE_LOOP('',(#8580));
#8580 = ORIENTED_EDGE('',*,*,#8581,.T.);
#8581 = EDGE_CURVE('',#8582,#8582,#8584,.T.);
#8582 = VERTEX_POINT('',#8583);
#8583 = CARTESIAN_POINT('',(-77.,-43.375,1.51));
#8584 = CIRCLE('',#8585,0.375);
#8585 = AXIS2_PLACEMENT_3D('',#8586,#8587,#8588);
#8586 = CARTESIAN_POINT('',(-77.,-43.,1.51));
#8587 = DIRECTION('',(-0.,0.,-1.));
#8588 = DIRECTION('',(-0.,-1.,0.));
#8589 = FACE_BOUND('',#8590,.T.);
#8590 = EDGE_LOOP('',(#8591));
#8591 = ORIENTED_EDGE('',*,*,#8592,.T.);
#8592 = EDGE_CURVE('',#8593,#8593,#8595,.T.);
#8593 = VERTEX_POINT('',#8594);
#8594 = CARTESIAN_POINT('',(-98.5,-39.04,1.51));
#8595 = CIRCLE('',#8596,0.5);
#8596 = AXIS2_PLACEMENT_3D('',#8597,#8598,#8599);
#8597 = CARTESIAN_POINT('',(-98.5,-38.54,1.51));
#8598 = DIRECTION('',(-0.,0.,-1.));
#8599 = DIRECTION('',(-0.,-1.,0.));
#8600 = FACE_BOUND('',#8601,.T.);
#8601 = EDGE_LOOP('',(#8602));
#8602 = ORIENTED_EDGE('',*,*,#8603,.T.);
#8603 = EDGE_CURVE('',#8604,#8604,#8606,.T.);
#8604 = VERTEX_POINT('',#8605);
#8605 = CARTESIAN_POINT('',(-98.5,-36.5,1.51));
#8606 = CIRCLE('',#8607,0.5);
#8607 = AXIS2_PLACEMENT_3D('',#8608,#8609,#8610);
#8608 = CARTESIAN_POINT('',(-98.5,-36.,1.51));
#8609 = DIRECTION('',(-0.,0.,-1.));
#8610 = DIRECTION('',(-0.,-1.,0.));
#8611 = FACE_BOUND('',#8612,.T.);
#8612 = EDGE_LOOP('',(#8613));
#8613 = ORIENTED_EDGE('',*,*,#8614,.T.);
#8614 = EDGE_CURVE('',#8615,#8615,#8617,.T.);
#8615 = VERTEX_POINT('',#8616);
#8616 = CARTESIAN_POINT('',(-64.5,-45.04,1.51));
#8617 = CIRCLE('',#8618,0.5);
#8618 = AXIS2_PLACEMENT_3D('',#8619,#8620,#8621);
#8619 = CARTESIAN_POINT('',(-64.5,-44.54,1.51));
#8620 = DIRECTION('',(-0.,0.,-1.));
#8621 = DIRECTION('',(-0.,-1.,0.));
#8622 = FACE_BOUND('',#8623,.T.);
#8623 = EDGE_LOOP('',(#8624));
#8624 = ORIENTED_EDGE('',*,*,#8625,.T.);
#8625 = EDGE_CURVE('',#8626,#8626,#8628,.T.);
#8626 = VERTEX_POINT('',#8627);
#8627 = CARTESIAN_POINT('',(-61.96,-45.04,1.51));
#8628 = CIRCLE('',#8629,0.5);
#8629 = AXIS2_PLACEMENT_3D('',#8630,#8631,#8632);
#8630 = CARTESIAN_POINT('',(-61.96,-44.54,1.51));
#8631 = DIRECTION('',(-0.,0.,-1.));
#8632 = DIRECTION('',(-0.,-1.,0.));
#8633 = FACE_BOUND('',#8634,.T.);
#8634 = EDGE_LOOP('',(#8635));
#8635 = ORIENTED_EDGE('',*,*,#8636,.F.);
#8636 = EDGE_CURVE('',#8637,#8637,#8639,.T.);
#8637 = VERTEX_POINT('',#8638);
#8638 = CARTESIAN_POINT('',(-44.8,-47.5,1.51));
#8639 = CIRCLE('',#8640,1.7);
#8640 = AXIS2_PLACEMENT_3D('',#8641,#8642,#8643);
#8641 = CARTESIAN_POINT('',(-46.5,-47.5,1.51));
#8642 = DIRECTION('',(0.,0.,1.));
#8643 = DIRECTION('',(1.,0.,-0.));
#8644 = FACE_BOUND('',#8645,.T.);
#8645 = EDGE_LOOP('',(#8646));
#8646 = ORIENTED_EDGE('',*,*,#8647,.T.);
#8647 = EDGE_CURVE('',#8648,#8648,#8650,.T.);
#8648 = VERTEX_POINT('',#8649);
#8649 = CARTESIAN_POINT('',(-98.5,-29.04,1.51));
#8650 = CIRCLE('',#8651,0.5);
#8651 = AXIS2_PLACEMENT_3D('',#8652,#8653,#8654);
#8652 = CARTESIAN_POINT('',(-98.5,-28.54,1.51));
#8653 = DIRECTION('',(-0.,0.,-1.));
#8654 = DIRECTION('',(-0.,-1.,0.));
#8655 = FACE_BOUND('',#8656,.T.);
#8656 = EDGE_LOOP('',(#8657));
#8657 = ORIENTED_EDGE('',*,*,#8658,.T.);
#8658 = EDGE_CURVE('',#8659,#8659,#8661,.T.);
#8659 = VERTEX_POINT('',#8660);
#8660 = CARTESIAN_POINT('',(-98.5,-26.5,1.51));
#8661 = CIRCLE('',#8662,0.5);
#8662 = AXIS2_PLACEMENT_3D('',#8663,#8664,#8665);
#8663 = CARTESIAN_POINT('',(-98.5,-26.,1.51));
#8664 = DIRECTION('',(-0.,0.,-1.));
#8665 = DIRECTION('',(-0.,-1.,0.));
#8666 = FACE_BOUND('',#8667,.T.);
#8667 = EDGE_LOOP('',(#8668,#8679,#8687,#8696));
#8668 = ORIENTED_EDGE('',*,*,#8669,.T.);
#8669 = EDGE_CURVE('',#8670,#8672,#8674,.T.);
#8670 = VERTEX_POINT('',#8671);
#8671 = CARTESIAN_POINT('',(-76.4525,-27.74,1.51));
#8672 = VERTEX_POINT('',#8673);
#8673 = CARTESIAN_POINT('',(-76.4525,-28.74,1.51));
#8674 = CIRCLE('',#8675,0.5);
#8675 = AXIS2_PLACEMENT_3D('',#8676,#8677,#8678);
#8676 = CARTESIAN_POINT('',(-76.4525,-28.24,1.51));
#8677 = DIRECTION('',(-0.,0.,-1.));
#8678 = DIRECTION('',(-0.,-1.,0.));
#8679 = ORIENTED_EDGE('',*,*,#8680,.T.);
#8680 = EDGE_CURVE('',#8672,#8681,#8683,.T.);
#8681 = VERTEX_POINT('',#8682);
#8682 = CARTESIAN_POINT('',(-77.4525,-28.74,1.51));
#8683 = LINE('',#8684,#8685);
#8684 = CARTESIAN_POINT('',(-38.72625,-28.74,1.51));
#8685 = VECTOR('',#8686,1.);
#8686 = DIRECTION('',(-1.,0.,0.));
#8687 = ORIENTED_EDGE('',*,*,#8688,.T.);
#8688 = EDGE_CURVE('',#8681,#8689,#8691,.T.);
#8689 = VERTEX_POINT('',#8690);
#8690 = CARTESIAN_POINT('',(-77.4525,-27.74,1.51));
#8691 = CIRCLE('',#8692,0.5);
#8692 = AXIS2_PLACEMENT_3D('',#8693,#8694,#8695);
#8693 = CARTESIAN_POINT('',(-77.4525,-28.24,1.51));
#8694 = DIRECTION('',(-0.,0.,-1.));
#8695 = DIRECTION('',(0.,1.,0.));
#8696 = ORIENTED_EDGE('',*,*,#8697,.T.);
#8697 = EDGE_CURVE('',#8689,#8670,#8698,.T.);
#8698 = LINE('',#8699,#8700);
#8699 = CARTESIAN_POINT('',(-38.22625,-27.74,1.51));
#8700 = VECTOR('',#8701,1.);
#8701 = DIRECTION('',(1.,0.,-0.));
#8702 = FACE_BOUND('',#8703,.T.);
#8703 = EDGE_LOOP('',(#8704,#8715,#8723,#8732));
#8704 = ORIENTED_EDGE('',*,*,#8705,.T.);
#8705 = EDGE_CURVE('',#8706,#8708,#8710,.T.);
#8706 = VERTEX_POINT('',#8707);
#8707 = CARTESIAN_POINT('',(-76.4415,-25.84,1.51));
#8708 = VERTEX_POINT('',#8709);
#8709 = CARTESIAN_POINT('',(-76.4415,-26.84,1.51));
#8710 = CIRCLE('',#8711,0.5);
#8711 = AXIS2_PLACEMENT_3D('',#8712,#8713,#8714);
#8712 = CARTESIAN_POINT('',(-76.4415,-26.34,1.51));
#8713 = DIRECTION('',(-0.,0.,-1.));
#8714 = DIRECTION('',(-0.,-1.,0.));
#8715 = ORIENTED_EDGE('',*,*,#8716,.T.);
#8716 = EDGE_CURVE('',#8708,#8717,#8719,.T.);
#8717 = VERTEX_POINT('',#8718);
#8718 = CARTESIAN_POINT('',(-77.4415,-26.84,1.51));
#8719 = LINE('',#8720,#8721);
#8720 = CARTESIAN_POINT('',(-38.72075,-26.84,1.51));
#8721 = VECTOR('',#8722,1.);
#8722 = DIRECTION('',(-1.,0.,0.));
#8723 = ORIENTED_EDGE('',*,*,#8724,.T.);
#8724 = EDGE_CURVE('',#8717,#8725,#8727,.T.);
#8725 = VERTEX_POINT('',#8726);
#8726 = CARTESIAN_POINT('',(-77.4415,-25.84,1.51));
#8727 = CIRCLE('',#8728,0.5);
#8728 = AXIS2_PLACEMENT_3D('',#8729,#8730,#8731);
#8729 = CARTESIAN_POINT('',(-77.4415,-26.34,1.51));
#8730 = DIRECTION('',(-0.,0.,-1.));
#8731 = DIRECTION('',(0.,1.,0.));
#8732 = ORIENTED_EDGE('',*,*,#8733,.T.);
#8733 = EDGE_CURVE('',#8725,#8706,#8734,.T.);
#8734 = LINE('',#8735,#8736);
#8735 = CARTESIAN_POINT('',(-38.22075,-25.84,1.51));
#8736 = VECTOR('',#8737,1.);
#8737 = DIRECTION('',(1.,0.,-0.));
#8738 = FACE_BOUND('',#8739,.T.);
#8739 = EDGE_LOOP('',(#8740));
#8740 = ORIENTED_EDGE('',*,*,#8741,.T.);
#8741 = EDGE_CURVE('',#8742,#8742,#8744,.T.);
#8742 = VERTEX_POINT('',#8743);
#8743 = CARTESIAN_POINT('',(-98.5,-23.96,1.51));
#8744 = CIRCLE('',#8745,0.5);
#8745 = AXIS2_PLACEMENT_3D('',#8746,#8747,#8748);
#8746 = CARTESIAN_POINT('',(-98.5,-23.46,1.51));
#8747 = DIRECTION('',(-0.,0.,-1.));
#8748 = DIRECTION('',(-0.,-1.,0.));
#8749 = FACE_BOUND('',#8750,.T.);
#8750 = EDGE_LOOP('',(#8751));
#8751 = ORIENTED_EDGE('',*,*,#8752,.T.);
#8752 = EDGE_CURVE('',#8753,#8753,#8755,.T.);
#8753 = VERTEX_POINT('',#8754);
#8754 = CARTESIAN_POINT('',(-98.5,-21.42,1.51));
#8755 = CIRCLE('',#8756,0.5);
#8756 = AXIS2_PLACEMENT_3D('',#8757,#8758,#8759);
#8757 = CARTESIAN_POINT('',(-98.5,-20.92,1.51));
#8758 = DIRECTION('',(-0.,0.,-1.));
#8759 = DIRECTION('',(-0.,-1.,0.));
#8760 = FACE_BOUND('',#8761,.T.);
#8761 = EDGE_LOOP('',(#8762));
#8762 = ORIENTED_EDGE('',*,*,#8763,.F.);
#8763 = EDGE_CURVE('',#8764,#8764,#8766,.T.);
#8764 = VERTEX_POINT('',#8765);
#8765 = CARTESIAN_POINT('',(-100.3,-18.,1.51));
#8766 = CIRCLE('',#8767,1.7);
#8767 = AXIS2_PLACEMENT_3D('',#8768,#8769,#8770);
#8768 = CARTESIAN_POINT('',(-102.,-18.,1.51));
#8769 = DIRECTION('',(0.,0.,1.));
#8770 = DIRECTION('',(1.,0.,-0.));
#8771 = FACE_BOUND('',#8772,.T.);
#8772 = EDGE_LOOP('',(#8773));
#8773 = ORIENTED_EDGE('',*,*,#8774,.T.);
#8774 = EDGE_CURVE('',#8775,#8775,#8777,.T.);
#8775 = VERTEX_POINT('',#8776);
#8776 = CARTESIAN_POINT('',(-48.5,-32.04,1.51));
#8777 = CIRCLE('',#8778,0.5);
#8778 = AXIS2_PLACEMENT_3D('',#8779,#8780,#8781);
#8779 = CARTESIAN_POINT('',(-48.5,-31.54,1.51));
#8780 = DIRECTION('',(-0.,0.,-1.));
#8781 = DIRECTION('',(-0.,-1.,0.));
#8782 = FACE_BOUND('',#8783,.T.);
#8783 = EDGE_LOOP('',(#8784));
#8784 = ORIENTED_EDGE('',*,*,#8785,.T.);
#8785 = EDGE_CURVE('',#8786,#8786,#8788,.T.);
#8786 = VERTEX_POINT('',#8787);
#8787 = CARTESIAN_POINT('',(-48.5,-29.5,1.51));
#8788 = CIRCLE('',#8789,0.5);
#8789 = AXIS2_PLACEMENT_3D('',#8790,#8791,#8792);
#8790 = CARTESIAN_POINT('',(-48.5,-29.,1.51));
#8791 = DIRECTION('',(-0.,0.,-1.));
#8792 = DIRECTION('',(-0.,-1.,0.));
#8793 = FACE_BOUND('',#8794,.T.);
#8794 = EDGE_LOOP('',(#8795));
#8795 = ORIENTED_EDGE('',*,*,#8796,.T.);
#8796 = EDGE_CURVE('',#8797,#8797,#8799,.T.);
#8797 = VERTEX_POINT('',#8798);
#8798 = CARTESIAN_POINT('',(-48.5,-26.96,1.51));
#8799 = CIRCLE('',#8800,0.5);
#8800 = AXIS2_PLACEMENT_3D('',#8801,#8802,#8803);
#8801 = CARTESIAN_POINT('',(-48.5,-26.46,1.51));
#8802 = DIRECTION('',(-0.,0.,-1.));
#8803 = DIRECTION('',(-0.,-1.,0.));
#8804 = FACE_BOUND('',#8805,.T.);
#8805 = EDGE_LOOP('',(#8806));
#8806 = ORIENTED_EDGE('',*,*,#8807,.T.);
#8807 = EDGE_CURVE('',#8808,#8808,#8810,.T.);
#8808 = VERTEX_POINT('',#8809);
#8809 = CARTESIAN_POINT('',(-48.5,-24.42,1.51));
#8810 = CIRCLE('',#8811,0.5);
#8811 = AXIS2_PLACEMENT_3D('',#8812,#8813,#8814);
#8812 = CARTESIAN_POINT('',(-48.5,-23.92,1.51));
#8813 = DIRECTION('',(-0.,0.,-1.));
#8814 = DIRECTION('',(-0.,-1.,0.));
#8815 = FACE_BOUND('',#8816,.T.);
#8816 = EDGE_LOOP('',(#8817));
#8817 = ORIENTED_EDGE('',*,*,#8818,.F.);
#8818 = EDGE_CURVE('',#8819,#8819,#8821,.T.);
#8819 = VERTEX_POINT('',#8820);
#8820 = CARTESIAN_POINT('',(-44.3,-17.5,1.51));
#8821 = CIRCLE('',#8822,1.7);
#8822 = AXIS2_PLACEMENT_3D('',#8823,#8824,#8825);
#8823 = CARTESIAN_POINT('',(-46.,-17.5,1.51));
#8824 = DIRECTION('',(0.,0.,1.));
#8825 = DIRECTION('',(1.,0.,-0.));
#8826 = PLANE('',#8827);
#8827 = AXIS2_PLACEMENT_3D('',#8828,#8829,#8830);
#8828 = CARTESIAN_POINT('',(0.,0.,1.51));
#8829 = DIRECTION('',(0.,0.,1.));
#8830 = DIRECTION('',(1.,0.,-0.));
#8831 = ADVANCED_FACE('',(#8832),#8843,.T.);
#8832 = FACE_BOUND('',#8833,.T.);
#8833 = EDGE_LOOP('',(#8834,#8840,#8841,#8842));
#8834 = ORIENTED_EDGE('',*,*,#8835,.T.);
#8835 = EDGE_CURVE('',#8150,#8494,#8836,.T.);
#8836 = LINE('',#8837,#8838);
#8837 = CARTESIAN_POINT('',(-105.,-17.,0.));
#8838 = VECTOR('',#8839,1.);
#8839 = DIRECTION('',(0.,0.,1.));
#8840 = ORIENTED_EDGE('',*,*,#8493,.T.);
#8841 = ORIENTED_EDGE('',*,*,#8085,.F.);
#8842 = ORIENTED_EDGE('',*,*,#8149,.F.);
#8843 = CYLINDRICAL_SURFACE('',#8844,1.99999850585);
#8844 = AXIS2_PLACEMENT_3D('',#8845,#8846,#8847);
#8845 = CARTESIAN_POINT('',(-103.0000014941,-16.99999850585,0.));
#8846 = DIRECTION('',(0.,0.,-1.));
#8847 = DIRECTION('',(-1.,-7.470757420593E-07,-0.));
#8848 = ADVANCED_FACE('',(#8849),#8860,.T.);
#8849 = FACE_BOUND('',#8850,.T.);
#8850 = EDGE_LOOP('',(#8851,#8852,#8853,#8859));
#8851 = ORIENTED_EDGE('',*,*,#8125,.T.);
#8852 = ORIENTED_EDGE('',*,*,#8527,.T.);
#8853 = ORIENTED_EDGE('',*,*,#8854,.F.);
#8854 = EDGE_CURVE('',#8176,#8520,#8855,.T.);
#8855 = LINE('',#8856,#8857);
#8856 = CARTESIAN_POINT('',(-45.5,-50.5,0.));
#8857 = VECTOR('',#8858,1.);
#8858 = DIRECTION('',(0.,0.,1.));
#8859 = ORIENTED_EDGE('',*,*,#8183,.F.);
#8860 = CYLINDRICAL_SURFACE('',#8861,1.99999850585);
#8861 = AXIS2_PLACEMENT_3D('',#8862,#8863,#8864);
#8862 = CARTESIAN_POINT('',(-45.49999850585,-48.50000149415,0.));
#8863 = DIRECTION('',(0.,0.,-1.));
#8864 = DIRECTION('',(1.,7.470757420593E-07,0.));
#8865 = ADVANCED_FACE('',(#8866),#8877,.T.);
#8866 = FACE_BOUND('',#8867,.T.);
#8867 = EDGE_LOOP('',(#8868,#8874,#8875,#8876));
#8868 = ORIENTED_EDGE('',*,*,#8869,.T.);
#8869 = EDGE_CURVE('',#8159,#8503,#8870,.T.);
#8870 = LINE('',#8871,#8872);
#8871 = CARTESIAN_POINT('',(-105.,-48.5,0.));
#8872 = VECTOR('',#8873,1.);
#8873 = DIRECTION('',(0.,0.,1.));
#8874 = ORIENTED_EDGE('',*,*,#8502,.T.);
#8875 = ORIENTED_EDGE('',*,*,#8835,.F.);
#8876 = ORIENTED_EDGE('',*,*,#8158,.F.);
#8877 = PLANE('',#8878);
#8878 = AXIS2_PLACEMENT_3D('',#8879,#8880,#8881);
#8879 = CARTESIAN_POINT('',(-105.,-48.5,0.));
#8880 = DIRECTION('',(-1.,0.,0.));
#8881 = DIRECTION('',(0.,1.,0.));
#8882 = ADVANCED_FACE('',(#8883),#8894,.T.);
#8883 = FACE_BOUND('',#8884,.T.);
#8884 = EDGE_LOOP('',(#8885,#8886,#8887,#8893));
#8885 = ORIENTED_EDGE('',*,*,#8854,.T.);
#8886 = ORIENTED_EDGE('',*,*,#8519,.T.);
#8887 = ORIENTED_EDGE('',*,*,#8888,.F.);
#8888 = EDGE_CURVE('',#8167,#8511,#8889,.T.);
#8889 = LINE('',#8890,#8891);
#8890 = CARTESIAN_POINT('',(-103.,-50.5,0.));
#8891 = VECTOR('',#8892,1.);
#8892 = DIRECTION('',(0.,0.,1.));
#8893 = ORIENTED_EDGE('',*,*,#8175,.F.);
#8894 = PLANE('',#8895);
#8895 = AXIS2_PLACEMENT_3D('',#8896,#8897,#8898);
#8896 = CARTESIAN_POINT('',(-45.5,-50.5,0.));
#8897 = DIRECTION('',(0.,-1.,0.));
#8898 = DIRECTION('',(-1.,0.,0.));
#8899 = ADVANCED_FACE('',(#8900),#8906,.T.);
#8900 = FACE_BOUND('',#8901,.T.);
#8901 = EDGE_LOOP('',(#8902,#8903,#8904,#8905));
#8902 = ORIENTED_EDGE('',*,*,#8888,.T.);
#8903 = ORIENTED_EDGE('',*,*,#8510,.T.);
#8904 = ORIENTED_EDGE('',*,*,#8869,.F.);
#8905 = ORIENTED_EDGE('',*,*,#8166,.F.);
#8906 = CYLINDRICAL_SURFACE('',#8907,1.99999850585);
#8907 = AXIS2_PLACEMENT_3D('',#8908,#8909,#8910);
#8908 = CARTESIAN_POINT('',(-103.0000014941,-48.50000149415,0.));
#8909 = DIRECTION('',(0.,0.,-1.));
#8910 = DIRECTION('',(7.470757491648E-07,-1.,0.));
#8911 = ADVANCED_FACE('',(#8912),#8923,.F.);
#8912 = FACE_BOUND('',#8913,.T.);
#8913 = EDGE_LOOP('',(#8914,#8920,#8921,#8922));
#8914 = ORIENTED_EDGE('',*,*,#8915,.T.);
#8915 = EDGE_CURVE('',#8194,#8538,#8916,.T.);
#8916 = LINE('',#8917,#8918);
#8917 = CARTESIAN_POINT('',(-100.8,-47.5,0.));
#8918 = VECTOR('',#8919,1.);
#8919 = DIRECTION('',(0.,0.,1.));
#8920 = ORIENTED_EDGE('',*,*,#8537,.T.);
#8921 = ORIENTED_EDGE('',*,*,#8915,.F.);
#8922 = ORIENTED_EDGE('',*,*,#8193,.F.);
#8923 = CYLINDRICAL_SURFACE('',#8924,1.7);
#8924 = AXIS2_PLACEMENT_3D('',#8925,#8926,#8927);
#8925 = CARTESIAN_POINT('',(-102.5,-47.5,0.));
#8926 = DIRECTION('',(-0.,-0.,-1.));
#8927 = DIRECTION('',(1.,0.,-0.));
#8928 = ADVANCED_FACE('',(#8929),#8940,.F.);
#8929 = FACE_BOUND('',#8930,.T.);
#8930 = EDGE_LOOP('',(#8931,#8932,#8938,#8939));
#8931 = ORIENTED_EDGE('',*,*,#8204,.T.);
#8932 = ORIENTED_EDGE('',*,*,#8933,.T.);
#8933 = EDGE_CURVE('',#8205,#8549,#8934,.T.);
#8934 = LINE('',#8935,#8936);
#8935 = CARTESIAN_POINT('',(-98.5,-44.12,-4.6E-02));
#8936 = VECTOR('',#8937,1.);
#8937 = DIRECTION('',(0.,0.,1.));
#8938 = ORIENTED_EDGE('',*,*,#8548,.F.);
#8939 = ORIENTED_EDGE('',*,*,#8933,.F.);
#8940 = CYLINDRICAL_SURFACE('',#8941,0.5);
#8941 = AXIS2_PLACEMENT_3D('',#8942,#8943,#8944);
#8942 = CARTESIAN_POINT('',(-98.5,-43.62,-4.6E-02));
#8943 = DIRECTION('',(-0.,-0.,-1.));
#8944 = DIRECTION('',(-0.,-1.,0.));
#8945 = ADVANCED_FACE('',(#8946),#8957,.F.);
#8946 = FACE_BOUND('',#8947,.T.);
#8947 = EDGE_LOOP('',(#8948,#8949,#8955,#8956));
#8948 = ORIENTED_EDGE('',*,*,#8215,.T.);
#8949 = ORIENTED_EDGE('',*,*,#8950,.T.);
#8950 = EDGE_CURVE('',#8216,#8560,#8951,.T.);
#8951 = LINE('',#8952,#8953);
#8952 = CARTESIAN_POINT('',(-98.5,-41.58,-4.6E-02));
#8953 = VECTOR('',#8954,1.);
#8954 = DIRECTION('',(0.,0.,1.));
#8955 = ORIENTED_EDGE('',*,*,#8559,.F.);
#8956 = ORIENTED_EDGE('',*,*,#8950,.F.);
#8957 = CYLINDRICAL_SURFACE('',#8958,0.5);
#8958 = AXIS2_PLACEMENT_3D('',#8959,#8960,#8961);
#8959 = CARTESIAN_POINT('',(-98.5,-41.08,-4.6E-02));
#8960 = DIRECTION('',(-0.,-0.,-1.));
#8961 = DIRECTION('',(-0.,-1.,0.));
#8962 = ADVANCED_FACE('',(#8963),#8974,.F.);
#8963 = FACE_BOUND('',#8964,.T.);
#8964 = EDGE_LOOP('',(#8965,#8966,#8972,#8973));
#8965 = ORIENTED_EDGE('',*,*,#8226,.T.);
#8966 = ORIENTED_EDGE('',*,*,#8967,.T.);
#8967 = EDGE_CURVE('',#8227,#8571,#8968,.T.);
#8968 = LINE('',#8969,#8970);
#8969 = CARTESIAN_POINT('',(-79.,-43.375,-4.6E-02));
#8970 = VECTOR('',#8971,1.);
#8971 = DIRECTION('',(0.,0.,1.));
#8972 = ORIENTED_EDGE('',*,*,#8570,.F.);
#8973 = ORIENTED_EDGE('',*,*,#8967,.F.);
#8974 = CYLINDRICAL_SURFACE('',#8975,0.375);
#8975 = AXIS2_PLACEMENT_3D('',#8976,#8977,#8978);
#8976 = CARTESIAN_POINT('',(-79.,-43.,-4.6E-02));
#8977 = DIRECTION('',(-0.,-0.,-1.));
#8978 = DIRECTION('',(-0.,-1.,0.));
#8979 = ADVANCED_FACE('',(#8980),#8991,.F.);
#8980 = FACE_BOUND('',#8981,.T.);
#8981 = EDGE_LOOP('',(#8982,#8983,#8989,#8990));
#8982 = ORIENTED_EDGE('',*,*,#8237,.T.);
#8983 = ORIENTED_EDGE('',*,*,#8984,.T.);
#8984 = EDGE_CURVE('',#8238,#8582,#8985,.T.);
#8985 = LINE('',#8986,#8987);
#8986 = CARTESIAN_POINT('',(-77.,-43.375,-4.6E-02));
#8987 = VECTOR('',#8988,1.);
#8988 = DIRECTION('',(0.,0.,1.));
#8989 = ORIENTED_EDGE('',*,*,#8581,.F.);
#8990 = ORIENTED_EDGE('',*,*,#8984,.F.);
#8991 = CYLINDRICAL_SURFACE('',#8992,0.375);
#8992 = AXIS2_PLACEMENT_3D('',#8993,#8994,#8995);
#8993 = CARTESIAN_POINT('',(-77.,-43.,-4.6E-02));
#8994 = DIRECTION('',(-0.,-0.,-1.));
#8995 = DIRECTION('',(-0.,-1.,0.));
#8996 = ADVANCED_FACE('',(#8997),#9008,.F.);
#8997 = FACE_BOUND('',#8998,.T.);
#8998 = EDGE_LOOP('',(#8999,#9000,#9006,#9007));
#8999 = ORIENTED_EDGE('',*,*,#8248,.T.);
#9000 = ORIENTED_EDGE('',*,*,#9001,.T.);
#9001 = EDGE_CURVE('',#8249,#8593,#9002,.T.);
#9002 = LINE('',#9003,#9004);
#9003 = CARTESIAN_POINT('',(-98.5,-39.04,-4.6E-02));
#9004 = VECTOR('',#9005,1.);
#9005 = DIRECTION('',(0.,0.,1.));
#9006 = ORIENTED_EDGE('',*,*,#8592,.F.);
#9007 = ORIENTED_EDGE('',*,*,#9001,.F.);
#9008 = CYLINDRICAL_SURFACE('',#9009,0.5);
#9009 = AXIS2_PLACEMENT_3D('',#9010,#9011,#9012);
#9010 = CARTESIAN_POINT('',(-98.5,-38.54,-4.6E-02));
#9011 = DIRECTION('',(-0.,-0.,-1.));
#9012 = DIRECTION('',(-0.,-1.,0.));
#9013 = ADVANCED_FACE('',(#9014),#9025,.F.);
#9014 = FACE_BOUND('',#9015,.T.);
#9015 = EDGE_LOOP('',(#9016,#9017,#9023,#9024));
#9016 = ORIENTED_EDGE('',*,*,#8259,.T.);
#9017 = ORIENTED_EDGE('',*,*,#9018,.T.);
#9018 = EDGE_CURVE('',#8260,#8604,#9019,.T.);
#9019 = LINE('',#9020,#9021);
#9020 = CARTESIAN_POINT('',(-98.5,-36.5,-4.6E-02));
#9021 = VECTOR('',#9022,1.);
#9022 = DIRECTION('',(0.,0.,1.));
#9023 = ORIENTED_EDGE('',*,*,#8603,.F.);
#9024 = ORIENTED_EDGE('',*,*,#9018,.F.);
#9025 = CYLINDRICAL_SURFACE('',#9026,0.5);
#9026 = AXIS2_PLACEMENT_3D('',#9027,#9028,#9029);
#9027 = CARTESIAN_POINT('',(-98.5,-36.,-4.6E-02));
#9028 = DIRECTION('',(-0.,-0.,-1.));
#9029 = DIRECTION('',(-0.,-1.,0.));
#9030 = ADVANCED_FACE('',(#9031),#9042,.F.);
#9031 = FACE_BOUND('',#9032,.T.);
#9032 = EDGE_LOOP('',(#9033,#9034,#9040,#9041));
#9033 = ORIENTED_EDGE('',*,*,#8270,.T.);
#9034 = ORIENTED_EDGE('',*,*,#9035,.T.);
#9035 = EDGE_CURVE('',#8271,#8615,#9036,.T.);
#9036 = LINE('',#9037,#9038);
#9037 = CARTESIAN_POINT('',(-64.5,-45.04,-4.6E-02));
#9038 = VECTOR('',#9039,1.);
#9039 = DIRECTION('',(0.,0.,1.));
#9040 = ORIENTED_EDGE('',*,*,#8614,.F.);
#9041 = ORIENTED_EDGE('',*,*,#9035,.F.);
#9042 = CYLINDRICAL_SURFACE('',#9043,0.5);
#9043 = AXIS2_PLACEMENT_3D('',#9044,#9045,#9046);
#9044 = CARTESIAN_POINT('',(-64.5,-44.54,-4.6E-02));
#9045 = DIRECTION('',(-0.,-0.,-1.));
#9046 = DIRECTION('',(-0.,-1.,0.));
#9047 = ADVANCED_FACE('',(#9048),#9059,.F.);
#9048 = FACE_BOUND('',#9049,.T.);
#9049 = EDGE_LOOP('',(#9050,#9051,#9057,#9058));
#9050 = ORIENTED_EDGE('',*,*,#8281,.T.);
#9051 = ORIENTED_EDGE('',*,*,#9052,.T.);
#9052 = EDGE_CURVE('',#8282,#8626,#9053,.T.);
#9053 = LINE('',#9054,#9055);
#9054 = CARTESIAN_POINT('',(-61.96,-45.04,-4.6E-02));
#9055 = VECTOR('',#9056,1.);
#9056 = DIRECTION('',(0.,0.,1.));
#9057 = ORIENTED_EDGE('',*,*,#8625,.F.);
#9058 = ORIENTED_EDGE('',*,*,#9052,.F.);
#9059 = CYLINDRICAL_SURFACE('',#9060,0.5);
#9060 = AXIS2_PLACEMENT_3D('',#9061,#9062,#9063);
#9061 = CARTESIAN_POINT('',(-61.96,-44.54,-4.6E-02));
#9062 = DIRECTION('',(-0.,-0.,-1.));
#9063 = DIRECTION('',(-0.,-1.,0.));
#9064 = ADVANCED_FACE('',(#9065),#9076,.F.);
#9065 = FACE_BOUND('',#9066,.T.);
#9066 = EDGE_LOOP('',(#9067,#9073,#9074,#9075));
#9067 = ORIENTED_EDGE('',*,*,#9068,.T.);
#9068 = EDGE_CURVE('',#8293,#8637,#9069,.T.);
#9069 = LINE('',#9070,#9071);
#9070 = CARTESIAN_POINT('',(-44.8,-47.5,0.));
#9071 = VECTOR('',#9072,1.);
#9072 = DIRECTION('',(0.,0.,1.));
#9073 = ORIENTED_EDGE('',*,*,#8636,.T.);
#9074 = ORIENTED_EDGE('',*,*,#9068,.F.);
#9075 = ORIENTED_EDGE('',*,*,#8292,.F.);
#9076 = CYLINDRICAL_SURFACE('',#9077,1.7);
#9077 = AXIS2_PLACEMENT_3D('',#9078,#9079,#9080);
#9078 = CARTESIAN_POINT('',(-46.5,-47.5,0.));
#9079 = DIRECTION('',(-0.,-0.,-1.));
#9080 = DIRECTION('',(1.,0.,-0.));
#9081 = ADVANCED_FACE('',(#9082),#9093,.F.);
#9082 = FACE_BOUND('',#9083,.T.);
#9083 = EDGE_LOOP('',(#9084,#9085,#9091,#9092));
#9084 = ORIENTED_EDGE('',*,*,#8303,.T.);
#9085 = ORIENTED_EDGE('',*,*,#9086,.T.);
#9086 = EDGE_CURVE('',#8304,#8648,#9087,.T.);
#9087 = LINE('',#9088,#9089);
#9088 = CARTESIAN_POINT('',(-98.5,-29.04,-4.6E-02));
#9089 = VECTOR('',#9090,1.);
#9090 = DIRECTION('',(0.,0.,1.));
#9091 = ORIENTED_EDGE('',*,*,#8647,.F.);
#9092 = ORIENTED_EDGE('',*,*,#9086,.F.);
#9093 = CYLINDRICAL_SURFACE('',#9094,0.5);
#9094 = AXIS2_PLACEMENT_3D('',#9095,#9096,#9097);
#9095 = CARTESIAN_POINT('',(-98.5,-28.54,-4.6E-02));
#9096 = DIRECTION('',(-0.,-0.,-1.));
#9097 = DIRECTION('',(-0.,-1.,0.));
#9098 = ADVANCED_FACE('',(#9099),#9110,.F.);
#9099 = FACE_BOUND('',#9100,.T.);
#9100 = EDGE_LOOP('',(#9101,#9102,#9108,#9109));
#9101 = ORIENTED_EDGE('',*,*,#8314,.T.);
#9102 = ORIENTED_EDGE('',*,*,#9103,.T.);
#9103 = EDGE_CURVE('',#8315,#8659,#9104,.T.);
#9104 = LINE('',#9105,#9106);
#9105 = CARTESIAN_POINT('',(-98.5,-26.5,-4.6E-02));
#9106 = VECTOR('',#9107,1.);
#9107 = DIRECTION('',(0.,0.,1.));
#9108 = ORIENTED_EDGE('',*,*,#8658,.F.);
#9109 = ORIENTED_EDGE('',*,*,#9103,.F.);
#9110 = CYLINDRICAL_SURFACE('',#9111,0.5);
#9111 = AXIS2_PLACEMENT_3D('',#9112,#9113,#9114);
#9112 = CARTESIAN_POINT('',(-98.5,-26.,-4.6E-02));
#9113 = DIRECTION('',(-0.,-0.,-1.));
#9114 = DIRECTION('',(-0.,-1.,0.));
#9115 = ADVANCED_FACE('',(#9116),#9132,.F.);
#9116 = FACE_BOUND('',#9117,.T.);
#9117 = EDGE_LOOP('',(#9118,#9119,#9125,#9126));
#9118 = ORIENTED_EDGE('',*,*,#8325,.T.);
#9119 = ORIENTED_EDGE('',*,*,#9120,.T.);
#9120 = EDGE_CURVE('',#8328,#8672,#9121,.T.);
#9121 = LINE('',#9122,#9123);
#9122 = CARTESIAN_POINT('',(-76.4525,-28.74,-4.6E-02));
#9123 = VECTOR('',#9124,1.);
#9124 = DIRECTION('',(0.,0.,1.));
#9125 = ORIENTED_EDGE('',*,*,#8669,.F.);
#9126 = ORIENTED_EDGE('',*,*,#9127,.F.);
#9127 = EDGE_CURVE('',#8326,#8670,#9128,.T.);
#9128 = LINE('',#9129,#9130);
#9129 = CARTESIAN_POINT('',(-76.4525,-27.74,-4.6E-02));
#9130 = VECTOR('',#9131,1.);
#9131 = DIRECTION('',(0.,0.,1.));
#9132 = CYLINDRICAL_SURFACE('',#9133,0.5);
#9133 = AXIS2_PLACEMENT_3D('',#9134,#9135,#9136);
#9134 = CARTESIAN_POINT('',(-76.4525,-28.24,-4.6E-02));
#9135 = DIRECTION('',(-0.,-0.,-1.));
#9136 = DIRECTION('',(-0.,-1.,0.));
#9137 = ADVANCED_FACE('',(#9138),#9149,.T.);
#9138 = FACE_BOUND('',#9139,.T.);
#9139 = EDGE_LOOP('',(#9140,#9141,#9142,#9143));
#9140 = ORIENTED_EDGE('',*,*,#8353,.T.);
#9141 = ORIENTED_EDGE('',*,*,#9127,.T.);
#9142 = ORIENTED_EDGE('',*,*,#8697,.F.);
#9143 = ORIENTED_EDGE('',*,*,#9144,.F.);
#9144 = EDGE_CURVE('',#8345,#8689,#9145,.T.);
#9145 = LINE('',#9146,#9147);
#9146 = CARTESIAN_POINT('',(-77.4525,-27.74,-4.6E-02));
#9147 = VECTOR('',#9148,1.);
#9148 = DIRECTION('',(0.,0.,1.));
#9149 = PLANE('',#9150);
#9150 = AXIS2_PLACEMENT_3D('',#9151,#9152,#9153);
#9151 = CARTESIAN_POINT('',(-76.4525,-27.74,-4.6E-02));
#9152 = DIRECTION('',(0.,-1.,0.));
#9153 = DIRECTION('',(-1.,0.,0.));
#9154 = ADVANCED_FACE('',(#9155),#9166,.F.);
#9155 = FACE_BOUND('',#9156,.T.);
#9156 = EDGE_LOOP('',(#9157,#9158,#9159,#9160));
#9157 = ORIENTED_EDGE('',*,*,#8344,.T.);
#9158 = ORIENTED_EDGE('',*,*,#9144,.T.);
#9159 = ORIENTED_EDGE('',*,*,#8688,.F.);
#9160 = ORIENTED_EDGE('',*,*,#9161,.F.);
#9161 = EDGE_CURVE('',#8337,#8681,#9162,.T.);
#9162 = LINE('',#9163,#9164);
#9163 = CARTESIAN_POINT('',(-77.4525,-28.74,-4.6E-02));
#9164 = VECTOR('',#9165,1.);
#9165 = DIRECTION('',(0.,0.,1.));
#9166 = CYLINDRICAL_SURFACE('',#9167,0.5);
#9167 = AXIS2_PLACEMENT_3D('',#9168,#9169,#9170);
#9168 = CARTESIAN_POINT('',(-77.4525,-28.24,-4.6E-02));
#9169 = DIRECTION('',(-0.,0.,-1.));
#9170 = DIRECTION('',(0.,1.,0.));
#9171 = ADVANCED_FACE('',(#9172),#9178,.T.);
#9172 = FACE_BOUND('',#9173,.T.);
#9173 = EDGE_LOOP('',(#9174,#9175,#9176,#9177));
#9174 = ORIENTED_EDGE('',*,*,#8336,.T.);
#9175 = ORIENTED_EDGE('',*,*,#9161,.T.);
#9176 = ORIENTED_EDGE('',*,*,#8680,.F.);
#9177 = ORIENTED_EDGE('',*,*,#9120,.F.);
#9178 = PLANE('',#9179);
#9179 = AXIS2_PLACEMENT_3D('',#9180,#9181,#9182);
#9180 = CARTESIAN_POINT('',(-77.4525,-28.74,-4.6E-02));
#9181 = DIRECTION('',(0.,1.,0.));
#9182 = DIRECTION('',(1.,0.,0.));
#9183 = ADVANCED_FACE('',(#9184),#9200,.F.);
#9184 = FACE_BOUND('',#9185,.T.);
#9185 = EDGE_LOOP('',(#9186,#9187,#9193,#9194));
#9186 = ORIENTED_EDGE('',*,*,#8361,.T.);
#9187 = ORIENTED_EDGE('',*,*,#9188,.T.);
#9188 = EDGE_CURVE('',#8364,#8708,#9189,.T.);
#9189 = LINE('',#9190,#9191);
#9190 = CARTESIAN_POINT('',(-76.4415,-26.84,-4.6E-02));
#9191 = VECTOR('',#9192,1.);
#9192 = DIRECTION('',(0.,0.,1.));
#9193 = ORIENTED_EDGE('',*,*,#8705,.F.);
#9194 = ORIENTED_EDGE('',*,*,#9195,.F.);
#9195 = EDGE_CURVE('',#8362,#8706,#9196,.T.);
#9196 = LINE('',#9197,#9198);
#9197 = CARTESIAN_POINT('',(-76.4415,-25.84,-4.6E-02));
#9198 = VECTOR('',#9199,1.);
#9199 = DIRECTION('',(0.,0.,1.));
#9200 = CYLINDRICAL_SURFACE('',#9201,0.5);
#9201 = AXIS2_PLACEMENT_3D('',#9202,#9203,#9204);
#9202 = CARTESIAN_POINT('',(-76.4415,-26.34,-4.6E-02));
#9203 = DIRECTION('',(-0.,-0.,-1.));
#9204 = DIRECTION('',(-0.,-1.,0.));
#9205 = ADVANCED_FACE('',(#9206),#9217,.T.);
#9206 = FACE_BOUND('',#9207,.T.);
#9207 = EDGE_LOOP('',(#9208,#9209,#9210,#9211));
#9208 = ORIENTED_EDGE('',*,*,#8389,.T.);
#9209 = ORIENTED_EDGE('',*,*,#9195,.T.);
#9210 = ORIENTED_EDGE('',*,*,#8733,.F.);
#9211 = ORIENTED_EDGE('',*,*,#9212,.F.);
#9212 = EDGE_CURVE('',#8381,#8725,#9213,.T.);
#9213 = LINE('',#9214,#9215);
#9214 = CARTESIAN_POINT('',(-77.4415,-25.84,-4.6E-02));
#9215 = VECTOR('',#9216,1.);
#9216 = DIRECTION('',(0.,0.,1.));
#9217 = PLANE('',#9218);
#9218 = AXIS2_PLACEMENT_3D('',#9219,#9220,#9221);
#9219 = CARTESIAN_POINT('',(-76.4415,-25.84,-4.6E-02));
#9220 = DIRECTION('',(0.,-1.,0.));
#9221 = DIRECTION('',(-1.,0.,0.));
#9222 = ADVANCED_FACE('',(#9223),#9234,.F.);
#9223 = FACE_BOUND('',#9224,.T.);
#9224 = EDGE_LOOP('',(#9225,#9226,#9227,#9228));
#9225 = ORIENTED_EDGE('',*,*,#8380,.T.);
#9226 = ORIENTED_EDGE('',*,*,#9212,.T.);
#9227 = ORIENTED_EDGE('',*,*,#8724,.F.);
#9228 = ORIENTED_EDGE('',*,*,#9229,.F.);
#9229 = EDGE_CURVE('',#8373,#8717,#9230,.T.);
#9230 = LINE('',#9231,#9232);
#9231 = CARTESIAN_POINT('',(-77.4415,-26.84,-4.6E-02));
#9232 = VECTOR('',#9233,1.);
#9233 = DIRECTION('',(0.,0.,1.));
#9234 = CYLINDRICAL_SURFACE('',#9235,0.5);
#9235 = AXIS2_PLACEMENT_3D('',#9236,#9237,#9238);
#9236 = CARTESIAN_POINT('',(-77.4415,-26.34,-4.6E-02));
#9237 = DIRECTION('',(-0.,0.,-1.));
#9238 = DIRECTION('',(0.,1.,0.));
#9239 = ADVANCED_FACE('',(#9240),#9246,.T.);
#9240 = FACE_BOUND('',#9241,.T.);
#9241 = EDGE_LOOP('',(#9242,#9243,#9244,#9245));
#9242 = ORIENTED_EDGE('',*,*,#8372,.T.);
#9243 = ORIENTED_EDGE('',*,*,#9229,.T.);
#9244 = ORIENTED_EDGE('',*,*,#8716,.F.);
#9245 = ORIENTED_EDGE('',*,*,#9188,.F.);
#9246 = PLANE('',#9247);
#9247 = AXIS2_PLACEMENT_3D('',#9248,#9249,#9250);
#9248 = CARTESIAN_POINT('',(-77.4415,-26.84,-4.6E-02));
#9249 = DIRECTION('',(0.,1.,0.));
#9250 = DIRECTION('',(1.,0.,0.));
#9251 = ADVANCED_FACE('',(#9252),#9263,.F.);
#9252 = FACE_BOUND('',#9253,.T.);
#9253 = EDGE_LOOP('',(#9254,#9255,#9261,#9262));
#9254 = ORIENTED_EDGE('',*,*,#8397,.T.);
#9255 = ORIENTED_EDGE('',*,*,#9256,.T.);
#9256 = EDGE_CURVE('',#8398,#8742,#9257,.T.);
#9257 = LINE('',#9258,#9259);
#9258 = CARTESIAN_POINT('',(-98.5,-23.96,-4.6E-02));
#9259 = VECTOR('',#9260,1.);
#9260 = DIRECTION('',(0.,0.,1.));
#9261 = ORIENTED_EDGE('',*,*,#8741,.F.);
#9262 = ORIENTED_EDGE('',*,*,#9256,.F.);
#9263 = CYLINDRICAL_SURFACE('',#9264,0.5);
#9264 = AXIS2_PLACEMENT_3D('',#9265,#9266,#9267);
#9265 = CARTESIAN_POINT('',(-98.5,-23.46,-4.6E-02));
#9266 = DIRECTION('',(-0.,-0.,-1.));
#9267 = DIRECTION('',(-0.,-1.,0.));
#9268 = ADVANCED_FACE('',(#9269),#9280,.F.);
#9269 = FACE_BOUND('',#9270,.T.);
#9270 = EDGE_LOOP('',(#9271,#9272,#9278,#9279));
#9271 = ORIENTED_EDGE('',*,*,#8408,.T.);
#9272 = ORIENTED_EDGE('',*,*,#9273,.T.);
#9273 = EDGE_CURVE('',#8409,#8753,#9274,.T.);
#9274 = LINE('',#9275,#9276);
#9275 = CARTESIAN_POINT('',(-98.5,-21.42,-4.6E-02));
#9276 = VECTOR('',#9277,1.);
#9277 = DIRECTION('',(0.,0.,1.));
#9278 = ORIENTED_EDGE('',*,*,#8752,.F.);
#9279 = ORIENTED_EDGE('',*,*,#9273,.F.);
#9280 = CYLINDRICAL_SURFACE('',#9281,0.5);
#9281 = AXIS2_PLACEMENT_3D('',#9282,#9283,#9284);
#9282 = CARTESIAN_POINT('',(-98.5,-20.92,-4.6E-02));
#9283 = DIRECTION('',(-0.,-0.,-1.));
#9284 = DIRECTION('',(-0.,-1.,0.));
#9285 = ADVANCED_FACE('',(#9286),#9297,.F.);
#9286 = FACE_BOUND('',#9287,.T.);
#9287 = EDGE_LOOP('',(#9288,#9294,#9295,#9296));
#9288 = ORIENTED_EDGE('',*,*,#9289,.T.);
#9289 = EDGE_CURVE('',#8420,#8764,#9290,.T.);
#9290 = LINE('',#9291,#9292);
#9291 = CARTESIAN_POINT('',(-100.3,-18.,0.));
#9292 = VECTOR('',#9293,1.);
#9293 = DIRECTION('',(0.,0.,1.));
#9294 = ORIENTED_EDGE('',*,*,#8763,.T.);
#9295 = ORIENTED_EDGE('',*,*,#9289,.F.);
#9296 = ORIENTED_EDGE('',*,*,#8419,.F.);
#9297 = CYLINDRICAL_SURFACE('',#9298,1.7);
#9298 = AXIS2_PLACEMENT_3D('',#9299,#9300,#9301);
#9299 = CARTESIAN_POINT('',(-102.,-18.,0.));
#9300 = DIRECTION('',(-0.,-0.,-1.));
#9301 = DIRECTION('',(1.,0.,-0.));
#9302 = ADVANCED_FACE('',(#9303),#9314,.F.);
#9303 = FACE_BOUND('',#9304,.T.);
#9304 = EDGE_LOOP('',(#9305,#9306,#9312,#9313));
#9305 = ORIENTED_EDGE('',*,*,#8430,.T.);
#9306 = ORIENTED_EDGE('',*,*,#9307,.T.);
#9307 = EDGE_CURVE('',#8431,#8775,#9308,.T.);
#9308 = LINE('',#9309,#9310);
#9309 = CARTESIAN_POINT('',(-48.5,-32.04,-4.6E-02));
#9310 = VECTOR('',#9311,1.);
#9311 = DIRECTION('',(0.,0.,1.));
#9312 = ORIENTED_EDGE('',*,*,#8774,.F.);
#9313 = ORIENTED_EDGE('',*,*,#9307,.F.);
#9314 = CYLINDRICAL_SURFACE('',#9315,0.5);
#9315 = AXIS2_PLACEMENT_3D('',#9316,#9317,#9318);
#9316 = CARTESIAN_POINT('',(-48.5,-31.54,-4.6E-02));
#9317 = DIRECTION('',(-0.,-0.,-1.));
#9318 = DIRECTION('',(-0.,-1.,0.));
#9319 = ADVANCED_FACE('',(#9320),#9331,.F.);
#9320 = FACE_BOUND('',#9321,.T.);
#9321 = EDGE_LOOP('',(#9322,#9323,#9329,#9330));
#9322 = ORIENTED_EDGE('',*,*,#8441,.T.);
#9323 = ORIENTED_EDGE('',*,*,#9324,.T.);
#9324 = EDGE_CURVE('',#8442,#8786,#9325,.T.);
#9325 = LINE('',#9326,#9327);
#9326 = CARTESIAN_POINT('',(-48.5,-29.5,-4.6E-02));
#9327 = VECTOR('',#9328,1.);
#9328 = DIRECTION('',(0.,0.,1.));
#9329 = ORIENTED_EDGE('',*,*,#8785,.F.);
#9330 = ORIENTED_EDGE('',*,*,#9324,.F.);
#9331 = CYLINDRICAL_SURFACE('',#9332,0.5);
#9332 = AXIS2_PLACEMENT_3D('',#9333,#9334,#9335);
#9333 = CARTESIAN_POINT('',(-48.5,-29.,-4.6E-02));
#9334 = DIRECTION('',(-0.,-0.,-1.));
#9335 = DIRECTION('',(-0.,-1.,0.));
#9336 = ADVANCED_FACE('',(#9337),#9348,.F.);
#9337 = FACE_BOUND('',#9338,.T.);
#9338 = EDGE_LOOP('',(#9339,#9340,#9346,#9347));
#9339 = ORIENTED_EDGE('',*,*,#8452,.T.);
#9340 = ORIENTED_EDGE('',*,*,#9341,.T.);
#9341 = EDGE_CURVE('',#8453,#8797,#9342,.T.);
#9342 = LINE('',#9343,#9344);
#9343 = CARTESIAN_POINT('',(-48.5,-26.96,-4.6E-02));
#9344 = VECTOR('',#9345,1.);
#9345 = DIRECTION('',(0.,0.,1.));
#9346 = ORIENTED_EDGE('',*,*,#8796,.F.);
#9347 = ORIENTED_EDGE('',*,*,#9341,.F.);
#9348 = CYLINDRICAL_SURFACE('',#9349,0.5);
#9349 = AXIS2_PLACEMENT_3D('',#9350,#9351,#9352);
#9350 = CARTESIAN_POINT('',(-48.5,-26.46,-4.6E-02));
#9351 = DIRECTION('',(-0.,-0.,-1.));
#9352 = DIRECTION('',(-0.,-1.,0.));
#9353 = ADVANCED_FACE('',(#9354),#9365,.F.);
#9354 = FACE_BOUND('',#9355,.T.);
#9355 = EDGE_LOOP('',(#9356,#9357,#9363,#9364));
#9356 = ORIENTED_EDGE('',*,*,#8463,.T.);
#9357 = ORIENTED_EDGE('',*,*,#9358,.T.);
#9358 = EDGE_CURVE('',#8464,#8808,#9359,.T.);
#9359 = LINE('',#9360,#9361);
#9360 = CARTESIAN_POINT('',(-48.5,-24.42,-4.6E-02));
#9361 = VECTOR('',#9362,1.);
#9362 = DIRECTION('',(0.,0.,1.));
#9363 = ORIENTED_EDGE('',*,*,#8807,.F.);
#9364 = ORIENTED_EDGE('',*,*,#9358,.F.);
#9365 = CYLINDRICAL_SURFACE('',#9366,0.5);
#9366 = AXIS2_PLACEMENT_3D('',#9367,#9368,#9369);
#9367 = CARTESIAN_POINT('',(-48.5,-23.92,-4.6E-02));
#9368 = DIRECTION('',(-0.,-0.,-1.));
#9369 = DIRECTION('',(-0.,-1.,0.));
#9370 = ADVANCED_FACE('',(#9371),#9382,.F.);
#9371 = FACE_BOUND('',#9372,.T.);
#9372 = EDGE_LOOP('',(#9373,#9379,#9380,#9381));
#9373 = ORIENTED_EDGE('',*,*,#9374,.T.);
#9374 = EDGE_CURVE('',#8475,#8819,#9375,.T.);
#9375 = LINE('',#9376,#9377);
#9376 = CARTESIAN_POINT('',(-44.3,-17.5,0.));
#9377 = VECTOR('',#9378,1.);
#9378 = DIRECTION('',(0.,0.,1.));
#9379 = ORIENTED_EDGE('',*,*,#8818,.T.);
#9380 = ORIENTED_EDGE('',*,*,#9374,.F.);
#9381 = ORIENTED_EDGE('',*,*,#8474,.F.);
#9382 = CYLINDRICAL_SURFACE('',#9383,1.7);
#9383 = AXIS2_PLACEMENT_3D('',#9384,#9385,#9386);
#9384 = CARTESIAN_POINT('',(-46.,-17.5,0.));
#9385 = DIRECTION('',(-0.,-0.,-1.));
#9386 = DIRECTION('',(1.,0.,-0.));
#9387 = ( GEOMETRIC_REPRESENTATION_CONTEXT(3) 
GLOBAL_UNCERTAINTY_ASSIGNED_CONTEXT((#9391)) 
GLOBAL_UNIT_ASSIGNED_CONTEXT((#9388,#9389,#9390)) REPRESENTATION_CONTEXT
('Context #1','3D Context with UNIT and UNCERTAINTY') );
#9388 = ( LENGTH_UNIT() NAMED_UNIT(*) SI_UNIT(.MILLI.,.METRE.) );
#9389 = ( NAMED_UNIT(*) PLANE_ANGLE_UNIT() SI_UNIT($,.RADIAN.) );
#9390 = ( NAMED_UNIT(*) SI_UNIT($,.STERADIAN.) SOLID_ANGLE_UNIT() );
#9391 = UNCERTAINTY_MEASURE_WITH_UNIT(LENGTH_MEASURE(1.E-07),#9388,
  'distance_accuracy_value','confusion accuracy');
#9392 = CONTEXT_DEPENDENT_SHAPE_REPRESENTATION(#9393,#9395);
#9393 = ( REPRESENTATION_RELATIONSHIP('','',#8036,#10) 
REPRESENTATION_RELATIONSHIP_WITH_TRANSFORMATION(#9394) 
SHAPE_REPRESENTATION_RELATIONSHIP() );
#9394 = ITEM_DEFINED_TRANSFORMATION('','',#11,#39);
#9395 = PRODUCT_DEFINITION_SHAPE('Placement','Placement of an item',
  #9396);
#9396 = NEXT_ASSEMBLY_USAGE_OCCURRENCE('7','=>[0:1:1:6]','',#5,#8031,$);
#9397 = PRODUCT_RELATED_PRODUCT_CATEGORY('part',$,(#8033));
#9398 = MECHANICAL_DESIGN_GEOMETRIC_PRESENTATION_REPRESENTATION('',(
    #9399),#9387);
#9399 = STYLED_ITEM('color',(#9400),#8037);
#9400 = PRESENTATION_STYLE_ASSIGNMENT((#9401));
#9401 = SURFACE_STYLE_USAGE(.BOTH.,#9402);
#9402 = SURFACE_SIDE_STYLE('',(#9403));
#9403 = SURFACE_STYLE_FILL_AREA(#9404);
#9404 = FILL_AREA_STYLE('',(#9405));
#9405 = FILL_AREA_STYLE_COLOUR('',#9406);
#9406 = COLOUR_RGB('',0.313304153717,0.484529207832,0.410020903123);
#9407 = MECHANICAL_DESIGN_GEOMETRIC_PRESENTATION_REPRESENTATION('',(
    #9408,#9416,#9423,#9430,#9437,#9444,#9451,#9458,#9466,#9473,#9480,
    #9487,#9494,#9501,#9509,#9516,#9523,#9530,#9537,#9544,#9551,#9558,
    #9565,#9572,#9579,#9586),#3646);
#9408 = STYLED_ITEM('color',(#9409),#2858);
#9409 = PRESENTATION_STYLE_ASSIGNMENT((#9410));
#9410 = SURFACE_STYLE_USAGE(.BOTH.,#9411);
#9411 = SURFACE_SIDE_STYLE('',(#9412));
#9412 = SURFACE_STYLE_FILL_AREA(#9413);
#9413 = FILL_AREA_STYLE('',(#9414));
#9414 = FILL_AREA_STYLE_COLOUR('',#9415);
#9415 = COLOUR_RGB('',0.823999987314,0.819999987296,0.781000009244);
#9416 = STYLED_ITEM('color',(#9417),#2898);
#9417 = PRESENTATION_STYLE_ASSIGNMENT((#9418));
#9418 = SURFACE_STYLE_USAGE(.BOTH.,#9419);
#9419 = SURFACE_SIDE_STYLE('',(#9420));
#9420 = SURFACE_STYLE_FILL_AREA(#9421);
#9421 = FILL_AREA_STYLE('',(#9422));
#9422 = FILL_AREA_STYLE_COLOUR('',#9415);
#9423 = STYLED_ITEM('color',(#9424),#2981);
#9424 = PRESENTATION_STYLE_ASSIGNMENT((#9425));
#9425 = SURFACE_STYLE_USAGE(.BOTH.,#9426);
#9426 = SURFACE_SIDE_STYLE('',(#9427));
#9427 = SURFACE_STYLE_FILL_AREA(#9428);
#9428 = FILL_AREA_STYLE('',(#9429));
#9429 = FILL_AREA_STYLE_COLOUR('',#9415);
#9430 = STYLED_ITEM('color',(#9431),#3006);
#9431 = PRESENTATION_STYLE_ASSIGNMENT((#9432));
#9432 = SURFACE_STYLE_USAGE(.BOTH.,#9433);
#9433 = SURFACE_SIDE_STYLE('',(#9434));
#9434 = SURFACE_STYLE_FILL_AREA(#9435);
#9435 = FILL_AREA_STYLE('',(#9436));
#9436 = FILL_AREA_STYLE_COLOUR('',#9415);
#9437 = STYLED_ITEM('color',(#9438),#3031);
#9438 = PRESENTATION_STYLE_ASSIGNMENT((#9439));
#9439 = SURFACE_STYLE_USAGE(.BOTH.,#9440);
#9440 = SURFACE_SIDE_STYLE('',(#9441));
#9441 = SURFACE_STYLE_FILL_AREA(#9442);
#9442 = FILL_AREA_STYLE('',(#9443));
#9443 = FILL_AREA_STYLE_COLOUR('',#9415);
#9444 = STYLED_ITEM('color',(#9445),#3098);
#9445 = PRESENTATION_STYLE_ASSIGNMENT((#9446));
#9446 = SURFACE_STYLE_USAGE(.BOTH.,#9447);
#9447 = SURFACE_SIDE_STYLE('',(#9448));
#9448 = SURFACE_STYLE_FILL_AREA(#9449);
#9449 = FILL_AREA_STYLE('',(#9450));
#9450 = FILL_AREA_STYLE_COLOUR('',#9415);
#9451 = STYLED_ITEM('color',(#9452),#3115);
#9452 = PRESENTATION_STYLE_ASSIGNMENT((#9453));
#9453 = SURFACE_STYLE_USAGE(.BOTH.,#9454);
#9454 = SURFACE_SIDE_STYLE('',(#9455));
#9455 = SURFACE_STYLE_FILL_AREA(#9456);
#9456 = FILL_AREA_STYLE('',(#9457));
#9457 = FILL_AREA_STYLE_COLOUR('',#9415);
#9458 = STYLED_ITEM('color',(#9459),#3132);
#9459 = PRESENTATION_STYLE_ASSIGNMENT((#9460));
#9460 = SURFACE_STYLE_USAGE(.BOTH.,#9461);
#9461 = SURFACE_SIDE_STYLE('',(#9462));
#9462 = SURFACE_STYLE_FILL_AREA(#9463);
#9463 = FILL_AREA_STYLE('',(#9464));
#9464 = FILL_AREA_STYLE_COLOUR('',#9465);
#9465 = COLOUR_RGB('',0.894999966383,0.890999961016,0.813000030345);
#9466 = STYLED_ITEM('color',(#9467),#3181);
#9467 = PRESENTATION_STYLE_ASSIGNMENT((#9468));
#9468 = SURFACE_STYLE_USAGE(.BOTH.,#9469);
#9469 = SURFACE_SIDE_STYLE('',(#9470));
#9470 = SURFACE_STYLE_FILL_AREA(#9471);
#9471 = FILL_AREA_STYLE('',(#9472));
#9472 = FILL_AREA_STYLE_COLOUR('',#9415);
#9473 = STYLED_ITEM('color',(#9474),#3198);
#9474 = PRESENTATION_STYLE_ASSIGNMENT((#9475));
#9475 = SURFACE_STYLE_USAGE(.BOTH.,#9476);
#9476 = SURFACE_SIDE_STYLE('',(#9477));
#9477 = SURFACE_STYLE_FILL_AREA(#9478);
#9478 = FILL_AREA_STYLE('',(#9479));
#9479 = FILL_AREA_STYLE_COLOUR('',#9415);
#9480 = STYLED_ITEM('color',(#9481),#3215);
#9481 = PRESENTATION_STYLE_ASSIGNMENT((#9482));
#9482 = SURFACE_STYLE_USAGE(.BOTH.,#9483);
#9483 = SURFACE_SIDE_STYLE('',(#9484));
#9484 = SURFACE_STYLE_FILL_AREA(#9485);
#9485 = FILL_AREA_STYLE('',(#9486));
#9486 = FILL_AREA_STYLE_COLOUR('',#9465);
#9487 = STYLED_ITEM('color',(#9488),#3264);
#9488 = PRESENTATION_STYLE_ASSIGNMENT((#9489));
#9489 = SURFACE_STYLE_USAGE(.BOTH.,#9490);
#9490 = SURFACE_SIDE_STYLE('',(#9491));
#9491 = SURFACE_STYLE_FILL_AREA(#9492);
#9492 = FILL_AREA_STYLE('',(#9493));
#9493 = FILL_AREA_STYLE_COLOUR('',#9465);
#9494 = STYLED_ITEM('color',(#9495),#3281);
#9495 = PRESENTATION_STYLE_ASSIGNMENT((#9496));
#9496 = SURFACE_STYLE_USAGE(.BOTH.,#9497);
#9497 = SURFACE_SIDE_STYLE('',(#9498));
#9498 = SURFACE_STYLE_FILL_AREA(#9499);
#9499 = FILL_AREA_STYLE('',(#9500));
#9500 = FILL_AREA_STYLE_COLOUR('',#9415);
#9501 = STYLED_ITEM('color',(#9502),#3350);
#9502 = PRESENTATION_STYLE_ASSIGNMENT((#9503));
#9503 = SURFACE_STYLE_USAGE(.BOTH.,#9504);
#9504 = SURFACE_SIDE_STYLE('',(#9505));
#9505 = SURFACE_STYLE_FILL_AREA(#9506);
#9506 = FILL_AREA_STYLE('',(#9507));
#9507 = FILL_AREA_STYLE_COLOUR('',#9508);
#9508 = COLOUR_RGB('',8.200000279077E-02,8.600000121357E-02,
  9.399999706163E-02);
#9509 = STYLED_ITEM('color',(#9510),#3381);
#9510 = PRESENTATION_STYLE_ASSIGNMENT((#9511));
#9511 = SURFACE_STYLE_USAGE(.BOTH.,#9512);
#9512 = SURFACE_SIDE_STYLE('',(#9513));
#9513 = SURFACE_STYLE_FILL_AREA(#9514);
#9514 = FILL_AREA_STYLE('',(#9515));
#9515 = FILL_AREA_STYLE_COLOUR('',#9508);
#9516 = STYLED_ITEM('color',(#9517),#3405);
#9517 = PRESENTATION_STYLE_ASSIGNMENT((#9518));
#9518 = SURFACE_STYLE_USAGE(.BOTH.,#9519);
#9519 = SURFACE_SIDE_STYLE('',(#9520));
#9520 = SURFACE_STYLE_FILL_AREA(#9521);
#9521 = FILL_AREA_STYLE('',(#9522));
#9522 = FILL_AREA_STYLE_COLOUR('',#9415);
#9523 = STYLED_ITEM('color',(#9524),#3474);
#9524 = PRESENTATION_STYLE_ASSIGNMENT((#9525));
#9525 = SURFACE_STYLE_USAGE(.BOTH.,#9526);
#9526 = SURFACE_SIDE_STYLE('',(#9527));
#9527 = SURFACE_STYLE_FILL_AREA(#9528);
#9528 = FILL_AREA_STYLE('',(#9529));
#9529 = FILL_AREA_STYLE_COLOUR('',#9508);
#9530 = STYLED_ITEM('color',(#9531),#3498);
#9531 = PRESENTATION_STYLE_ASSIGNMENT((#9532));
#9532 = SURFACE_STYLE_USAGE(.BOTH.,#9533);
#9533 = SURFACE_SIDE_STYLE('',(#9534));
#9534 = SURFACE_STYLE_FILL_AREA(#9535);
#9535 = FILL_AREA_STYLE('',(#9536));
#9536 = FILL_AREA_STYLE_COLOUR('',#9415);
#9537 = STYLED_ITEM('color',(#9538),#3515);
#9538 = PRESENTATION_STYLE_ASSIGNMENT((#9539));
#9539 = SURFACE_STYLE_USAGE(.BOTH.,#9540);
#9540 = SURFACE_SIDE_STYLE('',(#9541));
#9541 = SURFACE_STYLE_FILL_AREA(#9542);
#9542 = FILL_AREA_STYLE('',(#9543));
#9543 = FILL_AREA_STYLE_COLOUR('',#9415);
#9544 = STYLED_ITEM('color',(#9545),#3532);
#9545 = PRESENTATION_STYLE_ASSIGNMENT((#9546));
#9546 = SURFACE_STYLE_USAGE(.BOTH.,#9547);
#9547 = SURFACE_SIDE_STYLE('',(#9548));
#9548 = SURFACE_STYLE_FILL_AREA(#9549);
#9549 = FILL_AREA_STYLE('',(#9550));
#9550 = FILL_AREA_STYLE_COLOUR('',#9415);
#9551 = STYLED_ITEM('color',(#9552),#3549);
#9552 = PRESENTATION_STYLE_ASSIGNMENT((#9553));
#9553 = SURFACE_STYLE_USAGE(.BOTH.,#9554);
#9554 = SURFACE_SIDE_STYLE('',(#9555));
#9555 = SURFACE_STYLE_FILL_AREA(#9556);
#9556 = FILL_AREA_STYLE('',(#9557));
#9557 = FILL_AREA_STYLE_COLOUR('',#9415);
#9558 = STYLED_ITEM('color',(#9559),#3566);
#9559 = PRESENTATION_STYLE_ASSIGNMENT((#9560));
#9560 = SURFACE_STYLE_USAGE(.BOTH.,#9561);
#9561 = SURFACE_SIDE_STYLE('',(#9562));
#9562 = SURFACE_STYLE_FILL_AREA(#9563);
#9563 = FILL_AREA_STYLE('',(#9564));
#9564 = FILL_AREA_STYLE_COLOUR('',#9415);
#9565 = STYLED_ITEM('color',(#9566),#3583);
#9566 = PRESENTATION_STYLE_ASSIGNMENT((#9567));
#9567 = SURFACE_STYLE_USAGE(.BOTH.,#9568);
#9568 = SURFACE_SIDE_STYLE('',(#9569));
#9569 = SURFACE_STYLE_FILL_AREA(#9570);
#9570 = FILL_AREA_STYLE('',(#9571));
#9571 = FILL_AREA_STYLE_COLOUR('',#9415);
#9572 = STYLED_ITEM('color',(#9573),#3600);
#9573 = PRESENTATION_STYLE_ASSIGNMENT((#9574));
#9574 = SURFACE_STYLE_USAGE(.BOTH.,#9575);
#9575 = SURFACE_SIDE_STYLE('',(#9576));
#9576 = SURFACE_STYLE_FILL_AREA(#9577);
#9577 = FILL_AREA_STYLE('',(#9578));
#9578 = FILL_AREA_STYLE_COLOUR('',#9415);
#9579 = STYLED_ITEM('color',(#9580),#3617);
#9580 = PRESENTATION_STYLE_ASSIGNMENT((#9581));
#9581 = SURFACE_STYLE_USAGE(.BOTH.,#9582);
#9582 = SURFACE_SIDE_STYLE('',(#9583));
#9583 = SURFACE_STYLE_FILL_AREA(#9584);
#9584 = FILL_AREA_STYLE('',(#9585));
#9585 = FILL_AREA_STYLE_COLOUR('',#9508);
#9586 = STYLED_ITEM('color',(#9587),#3634);
#9587 = PRESENTATION_STYLE_ASSIGNMENT((#9588));
#9588 = SURFACE_STYLE_USAGE(.BOTH.,#9589);
#9589 = SURFACE_SIDE_STYLE('',(#9590));
#9590 = SURFACE_STYLE_FILL_AREA(#9591);
#9591 = FILL_AREA_STYLE('',(#9592));
#9592 = FILL_AREA_STYLE_COLOUR('',#9508);
#9593 = MECHANICAL_DESIGN_GEOMETRIC_PRESENTATION_REPRESENTATION('',(
    #9594,#9602,#9609,#9616,#9623,#9630,#9637,#9644,#9651,#9658,#9665,
    #9672,#9679,#9686,#9693,#9700,#9707,#9715,#9722,#9729,#9736,#9743,
    #9750,#9757,#9764,#9771,#9778,#9785,#9792,#9799,#9806,#9813,#9820,
    #9827,#9834,#9841,#9848,#9855,#9862,#9869,#9876,#9883,#9890,#9897,
    #9904,#9911,#9918,#9925,#9932,#9939,#9946,#9953),#5097);
#9594 = STYLED_ITEM('color',(#9595),#3667);
#9595 = PRESENTATION_STYLE_ASSIGNMENT((#9596));
#9596 = SURFACE_STYLE_USAGE(.BOTH.,#9597);
#9597 = SURFACE_SIDE_STYLE('',(#9598));
#9598 = SURFACE_STYLE_FILL_AREA(#9599);
#9599 = FILL_AREA_STYLE('',(#9600));
#9600 = FILL_AREA_STYLE_COLOUR('',#9601);
#9601 = COLOUR_RGB('',0.147999998088,0.144999993226,0.144999993226);
#9602 = STYLED_ITEM('color',(#9603),#3707);
#9603 = PRESENTATION_STYLE_ASSIGNMENT((#9604));
#9604 = SURFACE_STYLE_USAGE(.BOTH.,#9605);
#9605 = SURFACE_SIDE_STYLE('',(#9606));
#9606 = SURFACE_STYLE_FILL_AREA(#9607);
#9607 = FILL_AREA_STYLE('',(#9608));
#9608 = FILL_AREA_STYLE_COLOUR('',#9601);
#9609 = STYLED_ITEM('color',(#9610),#3738);
#9610 = PRESENTATION_STYLE_ASSIGNMENT((#9611));
#9611 = SURFACE_STYLE_USAGE(.BOTH.,#9612);
#9612 = SURFACE_SIDE_STYLE('',(#9613));
#9613 = SURFACE_STYLE_FILL_AREA(#9614);
#9614 = FILL_AREA_STYLE('',(#9615));
#9615 = FILL_AREA_STYLE_COLOUR('',#9601);
#9616 = STYLED_ITEM('color',(#9617),#3769);
#9617 = PRESENTATION_STYLE_ASSIGNMENT((#9618));
#9618 = SURFACE_STYLE_USAGE(.BOTH.,#9619);
#9619 = SURFACE_SIDE_STYLE('',(#9620));
#9620 = SURFACE_STYLE_FILL_AREA(#9621);
#9621 = FILL_AREA_STYLE('',(#9622));
#9622 = FILL_AREA_STYLE_COLOUR('',#9601);
#9623 = STYLED_ITEM('color',(#9624),#3934);
#9624 = PRESENTATION_STYLE_ASSIGNMENT((#9625));
#9625 = SURFACE_STYLE_USAGE(.BOTH.,#9626);
#9626 = SURFACE_SIDE_STYLE('',(#9627));
#9627 = SURFACE_STYLE_FILL_AREA(#9628);
#9628 = FILL_AREA_STYLE('',(#9629));
#9629 = FILL_AREA_STYLE_COLOUR('',#9601);
#9630 = STYLED_ITEM('color',(#9631),#4099);
#9631 = PRESENTATION_STYLE_ASSIGNMENT((#9632));
#9632 = SURFACE_STYLE_USAGE(.BOTH.,#9633);
#9633 = SURFACE_SIDE_STYLE('',(#9634));
#9634 = SURFACE_STYLE_FILL_AREA(#9635);
#9635 = FILL_AREA_STYLE('',(#9636));
#9636 = FILL_AREA_STYLE_COLOUR('',#9601);
#9637 = STYLED_ITEM('color',(#9638),#4116);
#9638 = PRESENTATION_STYLE_ASSIGNMENT((#9639));
#9639 = SURFACE_STYLE_USAGE(.BOTH.,#9640);
#9640 = SURFACE_SIDE_STYLE('',(#9641));
#9641 = SURFACE_STYLE_FILL_AREA(#9642);
#9642 = FILL_AREA_STYLE('',(#9643));
#9643 = FILL_AREA_STYLE_COLOUR('',#9601);
#9644 = STYLED_ITEM('color',(#9645),#4133);
#9645 = PRESENTATION_STYLE_ASSIGNMENT((#9646));
#9646 = SURFACE_STYLE_USAGE(.BOTH.,#9647);
#9647 = SURFACE_SIDE_STYLE('',(#9648));
#9648 = SURFACE_STYLE_FILL_AREA(#9649);
#9649 = FILL_AREA_STYLE('',(#9650));
#9650 = FILL_AREA_STYLE_COLOUR('',#9601);
#9651 = STYLED_ITEM('color',(#9652),#4150);
#9652 = PRESENTATION_STYLE_ASSIGNMENT((#9653));
#9653 = SURFACE_STYLE_USAGE(.BOTH.,#9654);
#9654 = SURFACE_SIDE_STYLE('',(#9655));
#9655 = SURFACE_STYLE_FILL_AREA(#9656);
#9656 = FILL_AREA_STYLE('',(#9657));
#9657 = FILL_AREA_STYLE_COLOUR('',#9601);
#9658 = STYLED_ITEM('color',(#9659),#4167);
#9659 = PRESENTATION_STYLE_ASSIGNMENT((#9660));
#9660 = SURFACE_STYLE_USAGE(.BOTH.,#9661);
#9661 = SURFACE_SIDE_STYLE('',(#9662));
#9662 = SURFACE_STYLE_FILL_AREA(#9663);
#9663 = FILL_AREA_STYLE('',(#9664));
#9664 = FILL_AREA_STYLE_COLOUR('',#9601);
#9665 = STYLED_ITEM('color',(#9666),#4184);
#9666 = PRESENTATION_STYLE_ASSIGNMENT((#9667));
#9667 = SURFACE_STYLE_USAGE(.BOTH.,#9668);
#9668 = SURFACE_SIDE_STYLE('',(#9669));
#9669 = SURFACE_STYLE_FILL_AREA(#9670);
#9670 = FILL_AREA_STYLE('',(#9671));
#9671 = FILL_AREA_STYLE_COLOUR('',#9601);
#9672 = STYLED_ITEM('color',(#9673),#4201);
#9673 = PRESENTATION_STYLE_ASSIGNMENT((#9674));
#9674 = SURFACE_STYLE_USAGE(.BOTH.,#9675);
#9675 = SURFACE_SIDE_STYLE('',(#9676));
#9676 = SURFACE_STYLE_FILL_AREA(#9677);
#9677 = FILL_AREA_STYLE('',(#9678));
#9678 = FILL_AREA_STYLE_COLOUR('',#9601);
#9679 = STYLED_ITEM('color',(#9680),#4218);
#9680 = PRESENTATION_STYLE_ASSIGNMENT((#9681));
#9681 = SURFACE_STYLE_USAGE(.BOTH.,#9682);
#9682 = SURFACE_SIDE_STYLE('',(#9683));
#9683 = SURFACE_STYLE_FILL_AREA(#9684);
#9684 = FILL_AREA_STYLE('',(#9685));
#9685 = FILL_AREA_STYLE_COLOUR('',#9601);
#9686 = STYLED_ITEM('color',(#9687),#4235);
#9687 = PRESENTATION_STYLE_ASSIGNMENT((#9688));
#9688 = SURFACE_STYLE_USAGE(.BOTH.,#9689);
#9689 = SURFACE_SIDE_STYLE('',(#9690));
#9690 = SURFACE_STYLE_FILL_AREA(#9691);
#9691 = FILL_AREA_STYLE('',(#9692));
#9692 = FILL_AREA_STYLE_COLOUR('',#9601);
#9693 = STYLED_ITEM('color',(#9694),#4252);
#9694 = PRESENTATION_STYLE_ASSIGNMENT((#9695));
#9695 = SURFACE_STYLE_USAGE(.BOTH.,#9696);
#9696 = SURFACE_SIDE_STYLE('',(#9697));
#9697 = SURFACE_STYLE_FILL_AREA(#9698);
#9698 = FILL_AREA_STYLE('',(#9699));
#9699 = FILL_AREA_STYLE_COLOUR('',#9601);
#9700 = STYLED_ITEM('color',(#9701),#4269);
#9701 = PRESENTATION_STYLE_ASSIGNMENT((#9702));
#9702 = SURFACE_STYLE_USAGE(.BOTH.,#9703);
#9703 = SURFACE_SIDE_STYLE('',(#9704));
#9704 = SURFACE_STYLE_FILL_AREA(#9705);
#9705 = FILL_AREA_STYLE('',(#9706));
#9706 = FILL_AREA_STYLE_COLOUR('',#9601);
#9707 = STYLED_ITEM('color',(#9708),#4281);
#9708 = PRESENTATION_STYLE_ASSIGNMENT((#9709));
#9709 = SURFACE_STYLE_USAGE(.BOTH.,#9710);
#9710 = SURFACE_SIDE_STYLE('',(#9711));
#9711 = SURFACE_STYLE_FILL_AREA(#9712);
#9712 = FILL_AREA_STYLE('',(#9713));
#9713 = FILL_AREA_STYLE_COLOUR('',#9714);
#9714 = COLOUR_RGB('',0.859000020776,0.737999965183,0.495999988746);
#9715 = STYLED_ITEM('color',(#9716),#4312);
#9716 = PRESENTATION_STYLE_ASSIGNMENT((#9717));
#9717 = SURFACE_STYLE_USAGE(.BOTH.,#9718);
#9718 = SURFACE_SIDE_STYLE('',(#9719));
#9719 = SURFACE_STYLE_FILL_AREA(#9720);
#9720 = FILL_AREA_STYLE('',(#9721));
#9721 = FILL_AREA_STYLE_COLOUR('',#9714);
#9722 = STYLED_ITEM('color',(#9723),#4336);
#9723 = PRESENTATION_STYLE_ASSIGNMENT((#9724));
#9724 = SURFACE_STYLE_USAGE(.BOTH.,#9725);
#9725 = SURFACE_SIDE_STYLE('',(#9726));
#9726 = SURFACE_STYLE_FILL_AREA(#9727);
#9727 = FILL_AREA_STYLE('',(#9728));
#9728 = FILL_AREA_STYLE_COLOUR('',#9714);
#9729 = STYLED_ITEM('color',(#9730),#4360);
#9730 = PRESENTATION_STYLE_ASSIGNMENT((#9731));
#9731 = SURFACE_STYLE_USAGE(.BOTH.,#9732);
#9732 = SURFACE_SIDE_STYLE('',(#9733));
#9733 = SURFACE_STYLE_FILL_AREA(#9734);
#9734 = FILL_AREA_STYLE('',(#9735));
#9735 = FILL_AREA_STYLE_COLOUR('',#9714);
#9736 = STYLED_ITEM('color',(#9737),#4377);
#9737 = PRESENTATION_STYLE_ASSIGNMENT((#9738));
#9738 = SURFACE_STYLE_USAGE(.BOTH.,#9739);
#9739 = SURFACE_SIDE_STYLE('',(#9740));
#9740 = SURFACE_STYLE_FILL_AREA(#9741);
#9741 = FILL_AREA_STYLE('',(#9742));
#9742 = FILL_AREA_STYLE_COLOUR('',#9714);
#9743 = STYLED_ITEM('color',(#9744),#4408);
#9744 = PRESENTATION_STYLE_ASSIGNMENT((#9745));
#9745 = SURFACE_STYLE_USAGE(.BOTH.,#9746);
#9746 = SURFACE_SIDE_STYLE('',(#9747));
#9747 = SURFACE_STYLE_FILL_AREA(#9748);
#9748 = FILL_AREA_STYLE('',(#9749));
#9749 = FILL_AREA_STYLE_COLOUR('',#9714);
#9750 = STYLED_ITEM('color',(#9751),#4432);
#9751 = PRESENTATION_STYLE_ASSIGNMENT((#9752));
#9752 = SURFACE_STYLE_USAGE(.BOTH.,#9753);
#9753 = SURFACE_SIDE_STYLE('',(#9754));
#9754 = SURFACE_STYLE_FILL_AREA(#9755);
#9755 = FILL_AREA_STYLE('',(#9756));
#9756 = FILL_AREA_STYLE_COLOUR('',#9714);
#9757 = STYLED_ITEM('color',(#9758),#4456);
#9758 = PRESENTATION_STYLE_ASSIGNMENT((#9759));
#9759 = SURFACE_STYLE_USAGE(.BOTH.,#9760);
#9760 = SURFACE_SIDE_STYLE('',(#9761));
#9761 = SURFACE_STYLE_FILL_AREA(#9762);
#9762 = FILL_AREA_STYLE('',(#9763));
#9763 = FILL_AREA_STYLE_COLOUR('',#9714);
#9764 = STYLED_ITEM('color',(#9765),#4473);
#9765 = PRESENTATION_STYLE_ASSIGNMENT((#9766));
#9766 = SURFACE_STYLE_USAGE(.BOTH.,#9767);
#9767 = SURFACE_SIDE_STYLE('',(#9768));
#9768 = SURFACE_STYLE_FILL_AREA(#9769);
#9769 = FILL_AREA_STYLE('',(#9770));
#9770 = FILL_AREA_STYLE_COLOUR('',#9714);
#9771 = STYLED_ITEM('color',(#9772),#4504);
#9772 = PRESENTATION_STYLE_ASSIGNMENT((#9773));
#9773 = SURFACE_STYLE_USAGE(.BOTH.,#9774);
#9774 = SURFACE_SIDE_STYLE('',(#9775));
#9775 = SURFACE_STYLE_FILL_AREA(#9776);
#9776 = FILL_AREA_STYLE('',(#9777));
#9777 = FILL_AREA_STYLE_COLOUR('',#9714);
#9778 = STYLED_ITEM('color',(#9779),#4528);
#9779 = PRESENTATION_STYLE_ASSIGNMENT((#9780));
#9780 = SURFACE_STYLE_USAGE(.BOTH.,#9781);
#9781 = SURFACE_SIDE_STYLE('',(#9782));
#9782 = SURFACE_STYLE_FILL_AREA(#9783);
#9783 = FILL_AREA_STYLE('',(#9784));
#9784 = FILL_AREA_STYLE_COLOUR('',#9714);
#9785 = STYLED_ITEM('color',(#9786),#4552);
#9786 = PRESENTATION_STYLE_ASSIGNMENT((#9787));
#9787 = SURFACE_STYLE_USAGE(.BOTH.,#9788);
#9788 = SURFACE_SIDE_STYLE('',(#9789));
#9789 = SURFACE_STYLE_FILL_AREA(#9790);
#9790 = FILL_AREA_STYLE('',(#9791));
#9791 = FILL_AREA_STYLE_COLOUR('',#9714);
#9792 = STYLED_ITEM('color',(#9793),#4569);
#9793 = PRESENTATION_STYLE_ASSIGNMENT((#9794));
#9794 = SURFACE_STYLE_USAGE(.BOTH.,#9795);
#9795 = SURFACE_SIDE_STYLE('',(#9796));
#9796 = SURFACE_STYLE_FILL_AREA(#9797);
#9797 = FILL_AREA_STYLE('',(#9798));
#9798 = FILL_AREA_STYLE_COLOUR('',#9714);
#9799 = STYLED_ITEM('color',(#9800),#4600);
#9800 = PRESENTATION_STYLE_ASSIGNMENT((#9801));
#9801 = SURFACE_STYLE_USAGE(.BOTH.,#9802);
#9802 = SURFACE_SIDE_STYLE('',(#9803));
#9803 = SURFACE_STYLE_FILL_AREA(#9804);
#9804 = FILL_AREA_STYLE('',(#9805));
#9805 = FILL_AREA_STYLE_COLOUR('',#9714);
#9806 = STYLED_ITEM('color',(#9807),#4624);
#9807 = PRESENTATION_STYLE_ASSIGNMENT((#9808));
#9808 = SURFACE_STYLE_USAGE(.BOTH.,#9809);
#9809 = SURFACE_SIDE_STYLE('',(#9810));
#9810 = SURFACE_STYLE_FILL_AREA(#9811);
#9811 = FILL_AREA_STYLE('',(#9812));
#9812 = FILL_AREA_STYLE_COLOUR('',#9714);
#9813 = STYLED_ITEM('color',(#9814),#4648);
#9814 = PRESENTATION_STYLE_ASSIGNMENT((#9815));
#9815 = SURFACE_STYLE_USAGE(.BOTH.,#9816);
#9816 = SURFACE_SIDE_STYLE('',(#9817));
#9817 = SURFACE_STYLE_FILL_AREA(#9818);
#9818 = FILL_AREA_STYLE('',(#9819));
#9819 = FILL_AREA_STYLE_COLOUR('',#9714);
#9820 = STYLED_ITEM('color',(#9821),#4665);
#9821 = PRESENTATION_STYLE_ASSIGNMENT((#9822));
#9822 = SURFACE_STYLE_USAGE(.BOTH.,#9823);
#9823 = SURFACE_SIDE_STYLE('',(#9824));
#9824 = SURFACE_STYLE_FILL_AREA(#9825);
#9825 = FILL_AREA_STYLE('',(#9826));
#9826 = FILL_AREA_STYLE_COLOUR('',#9714);
#9827 = STYLED_ITEM('color',(#9828),#4696);
#9828 = PRESENTATION_STYLE_ASSIGNMENT((#9829));
#9829 = SURFACE_STYLE_USAGE(.BOTH.,#9830);
#9830 = SURFACE_SIDE_STYLE('',(#9831));
#9831 = SURFACE_STYLE_FILL_AREA(#9832);
#9832 = FILL_AREA_STYLE('',(#9833));
#9833 = FILL_AREA_STYLE_COLOUR('',#9714);
#9834 = STYLED_ITEM('color',(#9835),#4720);
#9835 = PRESENTATION_STYLE_ASSIGNMENT((#9836));
#9836 = SURFACE_STYLE_USAGE(.BOTH.,#9837);
#9837 = SURFACE_SIDE_STYLE('',(#9838));
#9838 = SURFACE_STYLE_FILL_AREA(#9839);
#9839 = FILL_AREA_STYLE('',(#9840));
#9840 = FILL_AREA_STYLE_COLOUR('',#9714);
#9841 = STYLED_ITEM('color',(#9842),#4744);
#9842 = PRESENTATION_STYLE_ASSIGNMENT((#9843));
#9843 = SURFACE_STYLE_USAGE(.BOTH.,#9844);
#9844 = SURFACE_SIDE_STYLE('',(#9845));
#9845 = SURFACE_STYLE_FILL_AREA(#9846);
#9846 = FILL_AREA_STYLE('',(#9847));
#9847 = FILL_AREA_STYLE_COLOUR('',#9714);
#9848 = STYLED_ITEM('color',(#9849),#4761);
#9849 = PRESENTATION_STYLE_ASSIGNMENT((#9850));
#9850 = SURFACE_STYLE_USAGE(.BOTH.,#9851);
#9851 = SURFACE_SIDE_STYLE('',(#9852));
#9852 = SURFACE_STYLE_FILL_AREA(#9853);
#9853 = FILL_AREA_STYLE('',(#9854));
#9854 = FILL_AREA_STYLE_COLOUR('',#9714);
#9855 = STYLED_ITEM('color',(#9856),#4792);
#9856 = PRESENTATION_STYLE_ASSIGNMENT((#9857));
#9857 = SURFACE_STYLE_USAGE(.BOTH.,#9858);
#9858 = SURFACE_SIDE_STYLE('',(#9859));
#9859 = SURFACE_STYLE_FILL_AREA(#9860);
#9860 = FILL_AREA_STYLE('',(#9861));
#9861 = FILL_AREA_STYLE_COLOUR('',#9714);
#9862 = STYLED_ITEM('color',(#9863),#4816);
#9863 = PRESENTATION_STYLE_ASSIGNMENT((#9864));
#9864 = SURFACE_STYLE_USAGE(.BOTH.,#9865);
#9865 = SURFACE_SIDE_STYLE('',(#9866));
#9866 = SURFACE_STYLE_FILL_AREA(#9867);
#9867 = FILL_AREA_STYLE('',(#9868));
#9868 = FILL_AREA_STYLE_COLOUR('',#9714);
#9869 = STYLED_ITEM('color',(#9870),#4840);
#9870 = PRESENTATION_STYLE_ASSIGNMENT((#9871));
#9871 = SURFACE_STYLE_USAGE(.BOTH.,#9872);
#9872 = SURFACE_SIDE_STYLE('',(#9873));
#9873 = SURFACE_STYLE_FILL_AREA(#9874);
#9874 = FILL_AREA_STYLE('',(#9875));
#9875 = FILL_AREA_STYLE_COLOUR('',#9714);
#9876 = STYLED_ITEM('color',(#9877),#4857);
#9877 = PRESENTATION_STYLE_ASSIGNMENT((#9878));
#9878 = SURFACE_STYLE_USAGE(.BOTH.,#9879);
#9879 = SURFACE_SIDE_STYLE('',(#9880));
#9880 = SURFACE_STYLE_FILL_AREA(#9881);
#9881 = FILL_AREA_STYLE('',(#9882));
#9882 = FILL_AREA_STYLE_COLOUR('',#9714);
#9883 = STYLED_ITEM('color',(#9884),#4888);
#9884 = PRESENTATION_STYLE_ASSIGNMENT((#9885));
#9885 = SURFACE_STYLE_USAGE(.BOTH.,#9886);
#9886 = SURFACE_SIDE_STYLE('',(#9887));
#9887 = SURFACE_STYLE_FILL_AREA(#9888);
#9888 = FILL_AREA_STYLE('',(#9889));
#9889 = FILL_AREA_STYLE_COLOUR('',#9714);
#9890 = STYLED_ITEM('color',(#9891),#4912);
#9891 = PRESENTATION_STYLE_ASSIGNMENT((#9892));
#9892 = SURFACE_STYLE_USAGE(.BOTH.,#9893);
#9893 = SURFACE_SIDE_STYLE('',(#9894));
#9894 = SURFACE_STYLE_FILL_AREA(#9895);
#9895 = FILL_AREA_STYLE('',(#9896));
#9896 = FILL_AREA_STYLE_COLOUR('',#9714);
#9897 = STYLED_ITEM('color',(#9898),#4936);
#9898 = PRESENTATION_STYLE_ASSIGNMENT((#9899));
#9899 = SURFACE_STYLE_USAGE(.BOTH.,#9900);
#9900 = SURFACE_SIDE_STYLE('',(#9901));
#9901 = SURFACE_STYLE_FILL_AREA(#9902);
#9902 = FILL_AREA_STYLE('',(#9903));
#9903 = FILL_AREA_STYLE_COLOUR('',#9714);
#9904 = STYLED_ITEM('color',(#9905),#4953);
#9905 = PRESENTATION_STYLE_ASSIGNMENT((#9906));
#9906 = SURFACE_STYLE_USAGE(.BOTH.,#9907);
#9907 = SURFACE_SIDE_STYLE('',(#9908));
#9908 = SURFACE_STYLE_FILL_AREA(#9909);
#9909 = FILL_AREA_STYLE('',(#9910));
#9910 = FILL_AREA_STYLE_COLOUR('',#9714);
#9911 = STYLED_ITEM('color',(#9912),#4984);
#9912 = PRESENTATION_STYLE_ASSIGNMENT((#9913));
#9913 = SURFACE_STYLE_USAGE(.BOTH.,#9914);
#9914 = SURFACE_SIDE_STYLE('',(#9915));
#9915 = SURFACE_STYLE_FILL_AREA(#9916);
#9916 = FILL_AREA_STYLE('',(#9917));
#9917 = FILL_AREA_STYLE_COLOUR('',#9714);
#9918 = STYLED_ITEM('color',(#9919),#5008);
#9919 = PRESENTATION_STYLE_ASSIGNMENT((#9920));
#9920 = SURFACE_STYLE_USAGE(.BOTH.,#9921);
#9921 = SURFACE_SIDE_STYLE('',(#9922));
#9922 = SURFACE_STYLE_FILL_AREA(#9923);
#9923 = FILL_AREA_STYLE('',(#9924));
#9924 = FILL_AREA_STYLE_COLOUR('',#9714);
#9925 = STYLED_ITEM('color',(#9926),#5032);
#9926 = PRESENTATION_STYLE_ASSIGNMENT((#9927));
#9927 = SURFACE_STYLE_USAGE(.BOTH.,#9928);
#9928 = SURFACE_SIDE_STYLE('',(#9929));
#9929 = SURFACE_STYLE_FILL_AREA(#9930);
#9930 = FILL_AREA_STYLE('',(#9931));
#9931 = FILL_AREA_STYLE_COLOUR('',#9714);
#9932 = STYLED_ITEM('color',(#9933),#5049);
#9933 = PRESENTATION_STYLE_ASSIGNMENT((#9934));
#9934 = SURFACE_STYLE_USAGE(.BOTH.,#9935);
#9935 = SURFACE_SIDE_STYLE('',(#9936));
#9936 = SURFACE_STYLE_FILL_AREA(#9937);
#9937 = FILL_AREA_STYLE('',(#9938));
#9938 = FILL_AREA_STYLE_COLOUR('',#9714);
#9939 = STYLED_ITEM('color',(#9940),#5061);
#9940 = PRESENTATION_STYLE_ASSIGNMENT((#9941));
#9941 = SURFACE_STYLE_USAGE(.BOTH.,#9942);
#9942 = SURFACE_SIDE_STYLE('',(#9943));
#9943 = SURFACE_STYLE_FILL_AREA(#9944);
#9944 = FILL_AREA_STYLE('',(#9945));
#9945 = FILL_AREA_STYLE_COLOUR('',#9714);
#9946 = STYLED_ITEM('color',(#9947),#5073);
#9947 = PRESENTATION_STYLE_ASSIGNMENT((#9948));
#9948 = SURFACE_STYLE_USAGE(.BOTH.,#9949);
#9949 = SURFACE_SIDE_STYLE('',(#9950));
#9950 = SURFACE_STYLE_FILL_AREA(#9951);
#9951 = FILL_AREA_STYLE('',(#9952));
#9952 = FILL_AREA_STYLE_COLOUR('',#9714);
#9953 = STYLED_ITEM('color',(#9954),#5085);
#9954 = PRESENTATION_STYLE_ASSIGNMENT((#9955));
#9955 = SURFACE_STYLE_USAGE(.BOTH.,#9956);
#9956 = SURFACE_SIDE_STYLE('',(#9957));
#9957 = SURFACE_STYLE_FILL_AREA(#9958);
#9958 = FILL_AREA_STYLE('',(#9959));
#9959 = FILL_AREA_STYLE_COLOUR('',#9714);
#9960 = MECHANICAL_DESIGN_GEOMETRIC_PRESENTATION_REPRESENTATION('',(
    #9961,#9968,#9975,#9982,#9989,#9996,#10003,#10010,#10017,#10024,
    #10031,#10038,#10045,#10052,#10059,#10066,#10073,#10080,#10087,
    #10094,#10101,#10108,#10115,#10122,#10129,#10136,#10143,#10150,
    #10157,#10164,#10171,#10178,#10185,#10192,#10199,#10206,#10213,
    #10220,#10227,#10234,#10241,#10248,#10255,#10262,#10269,#10276,
    #10283,#10290,#10297,#10304,#10311,#10318,#10325,#10332,#10339,
    #10346,#10353,#10360,#10367,#10374,#10381,#10388,#10395,#10402,
    #10409,#10416,#10423,#10430,#10437,#10444,#10451,#10458,#10465,
    #10472,#10479,#10486,#10493,#10500,#10507,#10514,#10521,#10528,
    #10535,#10542,#10549,#10556,#10563,#10570,#10577,#10584,#10591,
    #10598,#10605,#10612,#10619,#10626,#10633,#10640,#10647,#10654),
  #2837);
#9961 = STYLED_ITEM('color',(#9962),#59);
#9962 = PRESENTATION_STYLE_ASSIGNMENT((#9963));
#9963 = SURFACE_STYLE_USAGE(.BOTH.,#9964);
#9964 = SURFACE_SIDE_STYLE('',(#9965));
#9965 = SURFACE_STYLE_FILL_AREA(#9966);
#9966 = FILL_AREA_STYLE('',(#9967));
#9967 = FILL_AREA_STYLE_COLOUR('',#9601);
#9968 = STYLED_ITEM('color',(#9969),#99);
#9969 = PRESENTATION_STYLE_ASSIGNMENT((#9970));
#9970 = SURFACE_STYLE_USAGE(.BOTH.,#9971);
#9971 = SURFACE_SIDE_STYLE('',(#9972));
#9972 = SURFACE_STYLE_FILL_AREA(#9973);
#9973 = FILL_AREA_STYLE('',(#9974));
#9974 = FILL_AREA_STYLE_COLOUR('',#9601);
#9975 = STYLED_ITEM('color',(#9976),#130);
#9976 = PRESENTATION_STYLE_ASSIGNMENT((#9977));
#9977 = SURFACE_STYLE_USAGE(.BOTH.,#9978);
#9978 = SURFACE_SIDE_STYLE('',(#9979));
#9979 = SURFACE_STYLE_FILL_AREA(#9980);
#9980 = FILL_AREA_STYLE('',(#9981));
#9981 = FILL_AREA_STYLE_COLOUR('',#9601);
#9982 = STYLED_ITEM('color',(#9983),#161);
#9983 = PRESENTATION_STYLE_ASSIGNMENT((#9984));
#9984 = SURFACE_STYLE_USAGE(.BOTH.,#9985);
#9985 = SURFACE_SIDE_STYLE('',(#9986));
#9986 = SURFACE_STYLE_FILL_AREA(#9987);
#9987 = FILL_AREA_STYLE('',(#9988));
#9988 = FILL_AREA_STYLE_COLOUR('',#9601);
#9989 = STYLED_ITEM('color',(#9990),#490);
#9990 = PRESENTATION_STYLE_ASSIGNMENT((#9991));
#9991 = SURFACE_STYLE_USAGE(.BOTH.,#9992);
#9992 = SURFACE_SIDE_STYLE('',(#9993));
#9993 = SURFACE_STYLE_FILL_AREA(#9994);
#9994 = FILL_AREA_STYLE('',(#9995));
#9995 = FILL_AREA_STYLE_COLOUR('',#9601);
#9996 = STYLED_ITEM('color',(#9997),#819);
#9997 = PRESENTATION_STYLE_ASSIGNMENT((#9998));
#9998 = SURFACE_STYLE_USAGE(.BOTH.,#9999);
#9999 = SURFACE_SIDE_STYLE('',(#10000));
#10000 = SURFACE_STYLE_FILL_AREA(#10001);
#10001 = FILL_AREA_STYLE('',(#10002));
#10002 = FILL_AREA_STYLE_COLOUR('',#9601);
#10003 = STYLED_ITEM('color',(#10004),#836);
#10004 = PRESENTATION_STYLE_ASSIGNMENT((#10005));
#10005 = SURFACE_STYLE_USAGE(.BOTH.,#10006);
#10006 = SURFACE_SIDE_STYLE('',(#10007));
#10007 = SURFACE_STYLE_FILL_AREA(#10008);
#10008 = FILL_AREA_STYLE('',(#10009));
#10009 = FILL_AREA_STYLE_COLOUR('',#9601);
#10010 = STYLED_ITEM('color',(#10011),#853);
#10011 = PRESENTATION_STYLE_ASSIGNMENT((#10012));
#10012 = SURFACE_STYLE_USAGE(.BOTH.,#10013);
#10013 = SURFACE_SIDE_STYLE('',(#10014));
#10014 = SURFACE_STYLE_FILL_AREA(#10015);
#10015 = FILL_AREA_STYLE('',(#10016));
#10016 = FILL_AREA_STYLE_COLOUR('',#9601);
#10017 = STYLED_ITEM('color',(#10018),#870);
#10018 = PRESENTATION_STYLE_ASSIGNMENT((#10019));
#10019 = SURFACE_STYLE_USAGE(.BOTH.,#10020);
#10020 = SURFACE_SIDE_STYLE('',(#10021));
#10021 = SURFACE_STYLE_FILL_AREA(#10022);
#10022 = FILL_AREA_STYLE('',(#10023));
#10023 = FILL_AREA_STYLE_COLOUR('',#9601);
#10024 = STYLED_ITEM('color',(#10025),#887);
#10025 = PRESENTATION_STYLE_ASSIGNMENT((#10026));
#10026 = SURFACE_STYLE_USAGE(.BOTH.,#10027);
#10027 = SURFACE_SIDE_STYLE('',(#10028));
#10028 = SURFACE_STYLE_FILL_AREA(#10029);
#10029 = FILL_AREA_STYLE('',(#10030));
#10030 = FILL_AREA_STYLE_COLOUR('',#9601);
#10031 = STYLED_ITEM('color',(#10032),#904);
#10032 = PRESENTATION_STYLE_ASSIGNMENT((#10033));
#10033 = SURFACE_STYLE_USAGE(.BOTH.,#10034);
#10034 = SURFACE_SIDE_STYLE('',(#10035));
#10035 = SURFACE_STYLE_FILL_AREA(#10036);
#10036 = FILL_AREA_STYLE('',(#10037));
#10037 = FILL_AREA_STYLE_COLOUR('',#9601);
#10038 = STYLED_ITEM('color',(#10039),#921);
#10039 = PRESENTATION_STYLE_ASSIGNMENT((#10040));
#10040 = SURFACE_STYLE_USAGE(.BOTH.,#10041);
#10041 = SURFACE_SIDE_STYLE('',(#10042));
#10042 = SURFACE_STYLE_FILL_AREA(#10043);
#10043 = FILL_AREA_STYLE('',(#10044));
#10044 = FILL_AREA_STYLE_COLOUR('',#9601);
#10045 = STYLED_ITEM('color',(#10046),#938);
#10046 = PRESENTATION_STYLE_ASSIGNMENT((#10047));
#10047 = SURFACE_STYLE_USAGE(.BOTH.,#10048);
#10048 = SURFACE_SIDE_STYLE('',(#10049));
#10049 = SURFACE_STYLE_FILL_AREA(#10050);
#10050 = FILL_AREA_STYLE('',(#10051));
#10051 = FILL_AREA_STYLE_COLOUR('',#9601);
#10052 = STYLED_ITEM('color',(#10053),#955);
#10053 = PRESENTATION_STYLE_ASSIGNMENT((#10054));
#10054 = SURFACE_STYLE_USAGE(.BOTH.,#10055);
#10055 = SURFACE_SIDE_STYLE('',(#10056));
#10056 = SURFACE_STYLE_FILL_AREA(#10057);
#10057 = FILL_AREA_STYLE('',(#10058));
#10058 = FILL_AREA_STYLE_COLOUR('',#9601);
#10059 = STYLED_ITEM('color',(#10060),#972);
#10060 = PRESENTATION_STYLE_ASSIGNMENT((#10061));
#10061 = SURFACE_STYLE_USAGE(.BOTH.,#10062);
#10062 = SURFACE_SIDE_STYLE('',(#10063));
#10063 = SURFACE_STYLE_FILL_AREA(#10064);
#10064 = FILL_AREA_STYLE('',(#10065));
#10065 = FILL_AREA_STYLE_COLOUR('',#9601);
#10066 = STYLED_ITEM('color',(#10067),#989);
#10067 = PRESENTATION_STYLE_ASSIGNMENT((#10068));
#10068 = SURFACE_STYLE_USAGE(.BOTH.,#10069);
#10069 = SURFACE_SIDE_STYLE('',(#10070));
#10070 = SURFACE_STYLE_FILL_AREA(#10071);
#10071 = FILL_AREA_STYLE('',(#10072));
#10072 = FILL_AREA_STYLE_COLOUR('',#9601);
#10073 = STYLED_ITEM('color',(#10074),#1006);
#10074 = PRESENTATION_STYLE_ASSIGNMENT((#10075));
#10075 = SURFACE_STYLE_USAGE(.BOTH.,#10076);
#10076 = SURFACE_SIDE_STYLE('',(#10077));
#10077 = SURFACE_STYLE_FILL_AREA(#10078);
#10078 = FILL_AREA_STYLE('',(#10079));
#10079 = FILL_AREA_STYLE_COLOUR('',#9601);
#10080 = STYLED_ITEM('color',(#10081),#1023);
#10081 = PRESENTATION_STYLE_ASSIGNMENT((#10082));
#10082 = SURFACE_STYLE_USAGE(.BOTH.,#10083);
#10083 = SURFACE_SIDE_STYLE('',(#10084));
#10084 = SURFACE_STYLE_FILL_AREA(#10085);
#10085 = FILL_AREA_STYLE('',(#10086));
#10086 = FILL_AREA_STYLE_COLOUR('',#9601);
#10087 = STYLED_ITEM('color',(#10088),#1040);
#10088 = PRESENTATION_STYLE_ASSIGNMENT((#10089));
#10089 = SURFACE_STYLE_USAGE(.BOTH.,#10090);
#10090 = SURFACE_SIDE_STYLE('',(#10091));
#10091 = SURFACE_STYLE_FILL_AREA(#10092);
#10092 = FILL_AREA_STYLE('',(#10093));
#10093 = FILL_AREA_STYLE_COLOUR('',#9601);
#10094 = STYLED_ITEM('color',(#10095),#1057);
#10095 = PRESENTATION_STYLE_ASSIGNMENT((#10096));
#10096 = SURFACE_STYLE_USAGE(.BOTH.,#10097);
#10097 = SURFACE_SIDE_STYLE('',(#10098));
#10098 = SURFACE_STYLE_FILL_AREA(#10099);
#10099 = FILL_AREA_STYLE('',(#10100));
#10100 = FILL_AREA_STYLE_COLOUR('',#9601);
#10101 = STYLED_ITEM('color',(#10102),#1074);
#10102 = PRESENTATION_STYLE_ASSIGNMENT((#10103));
#10103 = SURFACE_STYLE_USAGE(.BOTH.,#10104);
#10104 = SURFACE_SIDE_STYLE('',(#10105));
#10105 = SURFACE_STYLE_FILL_AREA(#10106);
#10106 = FILL_AREA_STYLE('',(#10107));
#10107 = FILL_AREA_STYLE_COLOUR('',#9601);
#10108 = STYLED_ITEM('color',(#10109),#1091);
#10109 = PRESENTATION_STYLE_ASSIGNMENT((#10110));
#10110 = SURFACE_STYLE_USAGE(.BOTH.,#10111);
#10111 = SURFACE_SIDE_STYLE('',(#10112));
#10112 = SURFACE_STYLE_FILL_AREA(#10113);
#10113 = FILL_AREA_STYLE('',(#10114));
#10114 = FILL_AREA_STYLE_COLOUR('',#9601);
#10115 = STYLED_ITEM('color',(#10116),#1108);
#10116 = PRESENTATION_STYLE_ASSIGNMENT((#10117));
#10117 = SURFACE_STYLE_USAGE(.BOTH.,#10118);
#10118 = SURFACE_SIDE_STYLE('',(#10119));
#10119 = SURFACE_STYLE_FILL_AREA(#10120);
#10120 = FILL_AREA_STYLE('',(#10121));
#10121 = FILL_AREA_STYLE_COLOUR('',#9601);
#10122 = STYLED_ITEM('color',(#10123),#1125);
#10123 = PRESENTATION_STYLE_ASSIGNMENT((#10124));
#10124 = SURFACE_STYLE_USAGE(.BOTH.,#10125);
#10125 = SURFACE_SIDE_STYLE('',(#10126));
#10126 = SURFACE_STYLE_FILL_AREA(#10127);
#10127 = FILL_AREA_STYLE('',(#10128));
#10128 = FILL_AREA_STYLE_COLOUR('',#9601);
#10129 = STYLED_ITEM('color',(#10130),#1142);
#10130 = PRESENTATION_STYLE_ASSIGNMENT((#10131));
#10131 = SURFACE_STYLE_USAGE(.BOTH.,#10132);
#10132 = SURFACE_SIDE_STYLE('',(#10133));
#10133 = SURFACE_STYLE_FILL_AREA(#10134);
#10134 = FILL_AREA_STYLE('',(#10135));
#10135 = FILL_AREA_STYLE_COLOUR('',#9601);
#10136 = STYLED_ITEM('color',(#10137),#1159);
#10137 = PRESENTATION_STYLE_ASSIGNMENT((#10138));
#10138 = SURFACE_STYLE_USAGE(.BOTH.,#10139);
#10139 = SURFACE_SIDE_STYLE('',(#10140));
#10140 = SURFACE_STYLE_FILL_AREA(#10141);
#10141 = FILL_AREA_STYLE('',(#10142));
#10142 = FILL_AREA_STYLE_COLOUR('',#9601);
#10143 = STYLED_ITEM('color',(#10144),#1176);
#10144 = PRESENTATION_STYLE_ASSIGNMENT((#10145));
#10145 = SURFACE_STYLE_USAGE(.BOTH.,#10146);
#10146 = SURFACE_SIDE_STYLE('',(#10147));
#10147 = SURFACE_STYLE_FILL_AREA(#10148);
#10148 = FILL_AREA_STYLE('',(#10149));
#10149 = FILL_AREA_STYLE_COLOUR('',#9601);
#10150 = STYLED_ITEM('color',(#10151),#1193);
#10151 = PRESENTATION_STYLE_ASSIGNMENT((#10152));
#10152 = SURFACE_STYLE_USAGE(.BOTH.,#10153);
#10153 = SURFACE_SIDE_STYLE('',(#10154));
#10154 = SURFACE_STYLE_FILL_AREA(#10155);
#10155 = FILL_AREA_STYLE('',(#10156));
#10156 = FILL_AREA_STYLE_COLOUR('',#9601);
#10157 = STYLED_ITEM('color',(#10158),#1205);
#10158 = PRESENTATION_STYLE_ASSIGNMENT((#10159));
#10159 = SURFACE_STYLE_USAGE(.BOTH.,#10160);
#10160 = SURFACE_SIDE_STYLE('',(#10161));
#10161 = SURFACE_STYLE_FILL_AREA(#10162);
#10162 = FILL_AREA_STYLE('',(#10163));
#10163 = FILL_AREA_STYLE_COLOUR('',#9714);
#10164 = STYLED_ITEM('color',(#10165),#1236);
#10165 = PRESENTATION_STYLE_ASSIGNMENT((#10166));
#10166 = SURFACE_STYLE_USAGE(.BOTH.,#10167);
#10167 = SURFACE_SIDE_STYLE('',(#10168));
#10168 = SURFACE_STYLE_FILL_AREA(#10169);
#10169 = FILL_AREA_STYLE('',(#10170));
#10170 = FILL_AREA_STYLE_COLOUR('',#9714);
#10171 = STYLED_ITEM('color',(#10172),#1260);
#10172 = PRESENTATION_STYLE_ASSIGNMENT((#10173));
#10173 = SURFACE_STYLE_USAGE(.BOTH.,#10174);
#10174 = SURFACE_SIDE_STYLE('',(#10175));
#10175 = SURFACE_STYLE_FILL_AREA(#10176);
#10176 = FILL_AREA_STYLE('',(#10177));
#10177 = FILL_AREA_STYLE_COLOUR('',#9714);
#10178 = STYLED_ITEM('color',(#10179),#1284);
#10179 = PRESENTATION_STYLE_ASSIGNMENT((#10180));
#10180 = SURFACE_STYLE_USAGE(.BOTH.,#10181);
#10181 = SURFACE_SIDE_STYLE('',(#10182));
#10182 = SURFACE_STYLE_FILL_AREA(#10183);
#10183 = FILL_AREA_STYLE('',(#10184));
#10184 = FILL_AREA_STYLE_COLOUR('',#9714);
#10185 = STYLED_ITEM('color',(#10186),#1301);
#10186 = PRESENTATION_STYLE_ASSIGNMENT((#10187));
#10187 = SURFACE_STYLE_USAGE(.BOTH.,#10188);
#10188 = SURFACE_SIDE_STYLE('',(#10189));
#10189 = SURFACE_STYLE_FILL_AREA(#10190);
#10190 = FILL_AREA_STYLE('',(#10191));
#10191 = FILL_AREA_STYLE_COLOUR('',#9714);
#10192 = STYLED_ITEM('color',(#10193),#1332);
#10193 = PRESENTATION_STYLE_ASSIGNMENT((#10194));
#10194 = SURFACE_STYLE_USAGE(.BOTH.,#10195);
#10195 = SURFACE_SIDE_STYLE('',(#10196));
#10196 = SURFACE_STYLE_FILL_AREA(#10197);
#10197 = FILL_AREA_STYLE('',(#10198));
#10198 = FILL_AREA_STYLE_COLOUR('',#9714);
#10199 = STYLED_ITEM('color',(#10200),#1356);
#10200 = PRESENTATION_STYLE_ASSIGNMENT((#10201));
#10201 = SURFACE_STYLE_USAGE(.BOTH.,#10202);
#10202 = SURFACE_SIDE_STYLE('',(#10203));
#10203 = SURFACE_STYLE_FILL_AREA(#10204);
#10204 = FILL_AREA_STYLE('',(#10205));
#10205 = FILL_AREA_STYLE_COLOUR('',#9714);
#10206 = STYLED_ITEM('color',(#10207),#1380);
#10207 = PRESENTATION_STYLE_ASSIGNMENT((#10208));
#10208 = SURFACE_STYLE_USAGE(.BOTH.,#10209);
#10209 = SURFACE_SIDE_STYLE('',(#10210));
#10210 = SURFACE_STYLE_FILL_AREA(#10211);
#10211 = FILL_AREA_STYLE('',(#10212));
#10212 = FILL_AREA_STYLE_COLOUR('',#9714);
#10213 = STYLED_ITEM('color',(#10214),#1397);
#10214 = PRESENTATION_STYLE_ASSIGNMENT((#10215));
#10215 = SURFACE_STYLE_USAGE(.BOTH.,#10216);
#10216 = SURFACE_SIDE_STYLE('',(#10217));
#10217 = SURFACE_STYLE_FILL_AREA(#10218);
#10218 = FILL_AREA_STYLE('',(#10219));
#10219 = FILL_AREA_STYLE_COLOUR('',#9714);
#10220 = STYLED_ITEM('color',(#10221),#1428);
#10221 = PRESENTATION_STYLE_ASSIGNMENT((#10222));
#10222 = SURFACE_STYLE_USAGE(.BOTH.,#10223);
#10223 = SURFACE_SIDE_STYLE('',(#10224));
#10224 = SURFACE_STYLE_FILL_AREA(#10225);
#10225 = FILL_AREA_STYLE('',(#10226));
#10226 = FILL_AREA_STYLE_COLOUR('',#9714);
#10227 = STYLED_ITEM('color',(#10228),#1452);
#10228 = PRESENTATION_STYLE_ASSIGNMENT((#10229));
#10229 = SURFACE_STYLE_USAGE(.BOTH.,#10230);
#10230 = SURFACE_SIDE_STYLE('',(#10231));
#10231 = SURFACE_STYLE_FILL_AREA(#10232);
#10232 = FILL_AREA_STYLE('',(#10233));
#10233 = FILL_AREA_STYLE_COLOUR('',#9714);
#10234 = STYLED_ITEM('color',(#10235),#1476);
#10235 = PRESENTATION_STYLE_ASSIGNMENT((#10236));
#10236 = SURFACE_STYLE_USAGE(.BOTH.,#10237);
#10237 = SURFACE_SIDE_STYLE('',(#10238));
#10238 = SURFACE_STYLE_FILL_AREA(#10239);
#10239 = FILL_AREA_STYLE('',(#10240));
#10240 = FILL_AREA_STYLE_COLOUR('',#9714);
#10241 = STYLED_ITEM('color',(#10242),#1493);
#10242 = PRESENTATION_STYLE_ASSIGNMENT((#10243));
#10243 = SURFACE_STYLE_USAGE(.BOTH.,#10244);
#10244 = SURFACE_SIDE_STYLE('',(#10245));
#10245 = SURFACE_STYLE_FILL_AREA(#10246);
#10246 = FILL_AREA_STYLE('',(#10247));
#10247 = FILL_AREA_STYLE_COLOUR('',#9714);
#10248 = STYLED_ITEM('color',(#10249),#1524);
#10249 = PRESENTATION_STYLE_ASSIGNMENT((#10250));
#10250 = SURFACE_STYLE_USAGE(.BOTH.,#10251);
#10251 = SURFACE_SIDE_STYLE('',(#10252));
#10252 = SURFACE_STYLE_FILL_AREA(#10253);
#10253 = FILL_AREA_STYLE('',(#10254));
#10254 = FILL_AREA_STYLE_COLOUR('',#9714);
#10255 = STYLED_ITEM('color',(#10256),#1548);
#10256 = PRESENTATION_STYLE_ASSIGNMENT((#10257));
#10257 = SURFACE_STYLE_USAGE(.BOTH.,#10258);
#10258 = SURFACE_SIDE_STYLE('',(#10259));
#10259 = SURFACE_STYLE_FILL_AREA(#10260);
#10260 = FILL_AREA_STYLE('',(#10261));
#10261 = FILL_AREA_STYLE_COLOUR('',#9714);
#10262 = STYLED_ITEM('color',(#10263),#1572);
#10263 = PRESENTATION_STYLE_ASSIGNMENT((#10264));
#10264 = SURFACE_STYLE_USAGE(.BOTH.,#10265);
#10265 = SURFACE_SIDE_STYLE('',(#10266));
#10266 = SURFACE_STYLE_FILL_AREA(#10267);
#10267 = FILL_AREA_STYLE('',(#10268));
#10268 = FILL_AREA_STYLE_COLOUR('',#9714);
#10269 = STYLED_ITEM('color',(#10270),#1589);
#10270 = PRESENTATION_STYLE_ASSIGNMENT((#10271));
#10271 = SURFACE_STYLE_USAGE(.BOTH.,#10272);
#10272 = SURFACE_SIDE_STYLE('',(#10273));
#10273 = SURFACE_STYLE_FILL_AREA(#10274);
#10274 = FILL_AREA_STYLE('',(#10275));
#10275 = FILL_AREA_STYLE_COLOUR('',#9714);
#10276 = STYLED_ITEM('color',(#10277),#1620);
#10277 = PRESENTATION_STYLE_ASSIGNMENT((#10278));
#10278 = SURFACE_STYLE_USAGE(.BOTH.,#10279);
#10279 = SURFACE_SIDE_STYLE('',(#10280));
#10280 = SURFACE_STYLE_FILL_AREA(#10281);
#10281 = FILL_AREA_STYLE('',(#10282));
#10282 = FILL_AREA_STYLE_COLOUR('',#9714);
#10283 = STYLED_ITEM('color',(#10284),#1644);
#10284 = PRESENTATION_STYLE_ASSIGNMENT((#10285));
#10285 = SURFACE_STYLE_USAGE(.BOTH.,#10286);
#10286 = SURFACE_SIDE_STYLE('',(#10287));
#10287 = SURFACE_STYLE_FILL_AREA(#10288);
#10288 = FILL_AREA_STYLE('',(#10289));
#10289 = FILL_AREA_STYLE_COLOUR('',#9714);
#10290 = STYLED_ITEM('color',(#10291),#1668);
#10291 = PRESENTATION_STYLE_ASSIGNMENT((#10292));
#10292 = SURFACE_STYLE_USAGE(.BOTH.,#10293);
#10293 = SURFACE_SIDE_STYLE('',(#10294));
#10294 = SURFACE_STYLE_FILL_AREA(#10295);
#10295 = FILL_AREA_STYLE('',(#10296));
#10296 = FILL_AREA_STYLE_COLOUR('',#9714);
#10297 = STYLED_ITEM('color',(#10298),#1685);
#10298 = PRESENTATION_STYLE_ASSIGNMENT((#10299));
#10299 = SURFACE_STYLE_USAGE(.BOTH.,#10300);
#10300 = SURFACE_SIDE_STYLE('',(#10301));
#10301 = SURFACE_STYLE_FILL_AREA(#10302);
#10302 = FILL_AREA_STYLE('',(#10303));
#10303 = FILL_AREA_STYLE_COLOUR('',#9714);
#10304 = STYLED_ITEM('color',(#10305),#1716);
#10305 = PRESENTATION_STYLE_ASSIGNMENT((#10306));
#10306 = SURFACE_STYLE_USAGE(.BOTH.,#10307);
#10307 = SURFACE_SIDE_STYLE('',(#10308));
#10308 = SURFACE_STYLE_FILL_AREA(#10309);
#10309 = FILL_AREA_STYLE('',(#10310));
#10310 = FILL_AREA_STYLE_COLOUR('',#9714);
#10311 = STYLED_ITEM('color',(#10312),#1740);
#10312 = PRESENTATION_STYLE_ASSIGNMENT((#10313));
#10313 = SURFACE_STYLE_USAGE(.BOTH.,#10314);
#10314 = SURFACE_SIDE_STYLE('',(#10315));
#10315 = SURFACE_STYLE_FILL_AREA(#10316);
#10316 = FILL_AREA_STYLE('',(#10317));
#10317 = FILL_AREA_STYLE_COLOUR('',#9714);
#10318 = STYLED_ITEM('color',(#10319),#1764);
#10319 = PRESENTATION_STYLE_ASSIGNMENT((#10320));
#10320 = SURFACE_STYLE_USAGE(.BOTH.,#10321);
#10321 = SURFACE_SIDE_STYLE('',(#10322));
#10322 = SURFACE_STYLE_FILL_AREA(#10323);
#10323 = FILL_AREA_STYLE('',(#10324));
#10324 = FILL_AREA_STYLE_COLOUR('',#9714);
#10325 = STYLED_ITEM('color',(#10326),#1781);
#10326 = PRESENTATION_STYLE_ASSIGNMENT((#10327));
#10327 = SURFACE_STYLE_USAGE(.BOTH.,#10328);
#10328 = SURFACE_SIDE_STYLE('',(#10329));
#10329 = SURFACE_STYLE_FILL_AREA(#10330);
#10330 = FILL_AREA_STYLE('',(#10331));
#10331 = FILL_AREA_STYLE_COLOUR('',#9714);
#10332 = STYLED_ITEM('color',(#10333),#1812);
#10333 = PRESENTATION_STYLE_ASSIGNMENT((#10334));
#10334 = SURFACE_STYLE_USAGE(.BOTH.,#10335);
#10335 = SURFACE_SIDE_STYLE('',(#10336));
#10336 = SURFACE_STYLE_FILL_AREA(#10337);
#10337 = FILL_AREA_STYLE('',(#10338));
#10338 = FILL_AREA_STYLE_COLOUR('',#9714);
#10339 = STYLED_ITEM('color',(#10340),#1836);
#10340 = PRESENTATION_STYLE_ASSIGNMENT((#10341));
#10341 = SURFACE_STYLE_USAGE(.BOTH.,#10342);
#10342 = SURFACE_SIDE_STYLE('',(#10343));
#10343 = SURFACE_STYLE_FILL_AREA(#10344);
#10344 = FILL_AREA_STYLE('',(#10345));
#10345 = FILL_AREA_STYLE_COLOUR('',#9714);
#10346 = STYLED_ITEM('color',(#10347),#1860);
#10347 = PRESENTATION_STYLE_ASSIGNMENT((#10348));
#10348 = SURFACE_STYLE_USAGE(.BOTH.,#10349);
#10349 = SURFACE_SIDE_STYLE('',(#10350));
#10350 = SURFACE_STYLE_FILL_AREA(#10351);
#10351 = FILL_AREA_STYLE('',(#10352));
#10352 = FILL_AREA_STYLE_COLOUR('',#9714);
#10353 = STYLED_ITEM('color',(#10354),#1877);
#10354 = PRESENTATION_STYLE_ASSIGNMENT((#10355));
#10355 = SURFACE_STYLE_USAGE(.BOTH.,#10356);
#10356 = SURFACE_SIDE_STYLE('',(#10357));
#10357 = SURFACE_STYLE_FILL_AREA(#10358);
#10358 = FILL_AREA_STYLE('',(#10359));
#10359 = FILL_AREA_STYLE_COLOUR('',#9714);
#10360 = STYLED_ITEM('color',(#10361),#1908);
#10361 = PRESENTATION_STYLE_ASSIGNMENT((#10362));
#10362 = SURFACE_STYLE_USAGE(.BOTH.,#10363);
#10363 = SURFACE_SIDE_STYLE('',(#10364));
#10364 = SURFACE_STYLE_FILL_AREA(#10365);
#10365 = FILL_AREA_STYLE('',(#10366));
#10366 = FILL_AREA_STYLE_COLOUR('',#9714);
#10367 = STYLED_ITEM('color',(#10368),#1932);
#10368 = PRESENTATION_STYLE_ASSIGNMENT((#10369));
#10369 = SURFACE_STYLE_USAGE(.BOTH.,#10370);
#10370 = SURFACE_SIDE_STYLE('',(#10371));
#10371 = SURFACE_STYLE_FILL_AREA(#10372);
#10372 = FILL_AREA_STYLE('',(#10373));
#10373 = FILL_AREA_STYLE_COLOUR('',#9714);
#10374 = STYLED_ITEM('color',(#10375),#1956);
#10375 = PRESENTATION_STYLE_ASSIGNMENT((#10376));
#10376 = SURFACE_STYLE_USAGE(.BOTH.,#10377);
#10377 = SURFACE_SIDE_STYLE('',(#10378));
#10378 = SURFACE_STYLE_FILL_AREA(#10379);
#10379 = FILL_AREA_STYLE('',(#10380));
#10380 = FILL_AREA_STYLE_COLOUR('',#9714);
#10381 = STYLED_ITEM('color',(#10382),#1973);
#10382 = PRESENTATION_STYLE_ASSIGNMENT((#10383));
#10383 = SURFACE_STYLE_USAGE(.BOTH.,#10384);
#10384 = SURFACE_SIDE_STYLE('',(#10385));
#10385 = SURFACE_STYLE_FILL_AREA(#10386);
#10386 = FILL_AREA_STYLE('',(#10387));
#10387 = FILL_AREA_STYLE_COLOUR('',#9714);
#10388 = STYLED_ITEM('color',(#10389),#2004);
#10389 = PRESENTATION_STYLE_ASSIGNMENT((#10390));
#10390 = SURFACE_STYLE_USAGE(.BOTH.,#10391);
#10391 = SURFACE_SIDE_STYLE('',(#10392));
#10392 = SURFACE_STYLE_FILL_AREA(#10393);
#10393 = FILL_AREA_STYLE('',(#10394));
#10394 = FILL_AREA_STYLE_COLOUR('',#9714);
#10395 = STYLED_ITEM('color',(#10396),#2028);
#10396 = PRESENTATION_STYLE_ASSIGNMENT((#10397));
#10397 = SURFACE_STYLE_USAGE(.BOTH.,#10398);
#10398 = SURFACE_SIDE_STYLE('',(#10399));
#10399 = SURFACE_STYLE_FILL_AREA(#10400);
#10400 = FILL_AREA_STYLE('',(#10401));
#10401 = FILL_AREA_STYLE_COLOUR('',#9714);
#10402 = STYLED_ITEM('color',(#10403),#2052);
#10403 = PRESENTATION_STYLE_ASSIGNMENT((#10404));
#10404 = SURFACE_STYLE_USAGE(.BOTH.,#10405);
#10405 = SURFACE_SIDE_STYLE('',(#10406));
#10406 = SURFACE_STYLE_FILL_AREA(#10407);
#10407 = FILL_AREA_STYLE('',(#10408));
#10408 = FILL_AREA_STYLE_COLOUR('',#9714);
#10409 = STYLED_ITEM('color',(#10410),#2069);
#10410 = PRESENTATION_STYLE_ASSIGNMENT((#10411));
#10411 = SURFACE_STYLE_USAGE(.BOTH.,#10412);
#10412 = SURFACE_SIDE_STYLE('',(#10413));
#10413 = SURFACE_STYLE_FILL_AREA(#10414);
#10414 = FILL_AREA_STYLE('',(#10415));
#10415 = FILL_AREA_STYLE_COLOUR('',#9714);
#10416 = STYLED_ITEM('color',(#10417),#2100);
#10417 = PRESENTATION_STYLE_ASSIGNMENT((#10418));
#10418 = SURFACE_STYLE_USAGE(.BOTH.,#10419);
#10419 = SURFACE_SIDE_STYLE('',(#10420));
#10420 = SURFACE_STYLE_FILL_AREA(#10421);
#10421 = FILL_AREA_STYLE('',(#10422));
#10422 = FILL_AREA_STYLE_COLOUR('',#9714);
#10423 = STYLED_ITEM('color',(#10424),#2124);
#10424 = PRESENTATION_STYLE_ASSIGNMENT((#10425));
#10425 = SURFACE_STYLE_USAGE(.BOTH.,#10426);
#10426 = SURFACE_SIDE_STYLE('',(#10427));
#10427 = SURFACE_STYLE_FILL_AREA(#10428);
#10428 = FILL_AREA_STYLE('',(#10429));
#10429 = FILL_AREA_STYLE_COLOUR('',#9714);
#10430 = STYLED_ITEM('color',(#10431),#2148);
#10431 = PRESENTATION_STYLE_ASSIGNMENT((#10432));
#10432 = SURFACE_STYLE_USAGE(.BOTH.,#10433);
#10433 = SURFACE_SIDE_STYLE('',(#10434));
#10434 = SURFACE_STYLE_FILL_AREA(#10435);
#10435 = FILL_AREA_STYLE('',(#10436));
#10436 = FILL_AREA_STYLE_COLOUR('',#9714);
#10437 = STYLED_ITEM('color',(#10438),#2165);
#10438 = PRESENTATION_STYLE_ASSIGNMENT((#10439));
#10439 = SURFACE_STYLE_USAGE(.BOTH.,#10440);
#10440 = SURFACE_SIDE_STYLE('',(#10441));
#10441 = SURFACE_STYLE_FILL_AREA(#10442);
#10442 = FILL_AREA_STYLE('',(#10443));
#10443 = FILL_AREA_STYLE_COLOUR('',#9714);
#10444 = STYLED_ITEM('color',(#10445),#2196);
#10445 = PRESENTATION_STYLE_ASSIGNMENT((#10446));
#10446 = SURFACE_STYLE_USAGE(.BOTH.,#10447);
#10447 = SURFACE_SIDE_STYLE('',(#10448));
#10448 = SURFACE_STYLE_FILL_AREA(#10449);
#10449 = FILL_AREA_STYLE('',(#10450));
#10450 = FILL_AREA_STYLE_COLOUR('',#9714);
#10451 = STYLED_ITEM('color',(#10452),#2220);
#10452 = PRESENTATION_STYLE_ASSIGNMENT((#10453));
#10453 = SURFACE_STYLE_USAGE(.BOTH.,#10454);
#10454 = SURFACE_SIDE_STYLE('',(#10455));
#10455 = SURFACE_STYLE_FILL_AREA(#10456);
#10456 = FILL_AREA_STYLE('',(#10457));
#10457 = FILL_AREA_STYLE_COLOUR('',#9714);
#10458 = STYLED_ITEM('color',(#10459),#2244);
#10459 = PRESENTATION_STYLE_ASSIGNMENT((#10460));
#10460 = SURFACE_STYLE_USAGE(.BOTH.,#10461);
#10461 = SURFACE_SIDE_STYLE('',(#10462));
#10462 = SURFACE_STYLE_FILL_AREA(#10463);
#10463 = FILL_AREA_STYLE('',(#10464));
#10464 = FILL_AREA_STYLE_COLOUR('',#9714);
#10465 = STYLED_ITEM('color',(#10466),#2261);
#10466 = PRESENTATION_STYLE_ASSIGNMENT((#10467));
#10467 = SURFACE_STYLE_USAGE(.BOTH.,#10468);
#10468 = SURFACE_SIDE_STYLE('',(#10469));
#10469 = SURFACE_STYLE_FILL_AREA(#10470);
#10470 = FILL_AREA_STYLE('',(#10471));
#10471 = FILL_AREA_STYLE_COLOUR('',#9714);
#10472 = STYLED_ITEM('color',(#10473),#2292);
#10473 = PRESENTATION_STYLE_ASSIGNMENT((#10474));
#10474 = SURFACE_STYLE_USAGE(.BOTH.,#10475);
#10475 = SURFACE_SIDE_STYLE('',(#10476));
#10476 = SURFACE_STYLE_FILL_AREA(#10477);
#10477 = FILL_AREA_STYLE('',(#10478));
#10478 = FILL_AREA_STYLE_COLOUR('',#9714);
#10479 = STYLED_ITEM('color',(#10480),#2316);
#10480 = PRESENTATION_STYLE_ASSIGNMENT((#10481));
#10481 = SURFACE_STYLE_USAGE(.BOTH.,#10482);
#10482 = SURFACE_SIDE_STYLE('',(#10483));
#10483 = SURFACE_STYLE_FILL_AREA(#10484);
#10484 = FILL_AREA_STYLE('',(#10485));
#10485 = FILL_AREA_STYLE_COLOUR('',#9714);
#10486 = STYLED_ITEM('color',(#10487),#2340);
#10487 = PRESENTATION_STYLE_ASSIGNMENT((#10488));
#10488 = SURFACE_STYLE_USAGE(.BOTH.,#10489);
#10489 = SURFACE_SIDE_STYLE('',(#10490));
#10490 = SURFACE_STYLE_FILL_AREA(#10491);
#10491 = FILL_AREA_STYLE('',(#10492));
#10492 = FILL_AREA_STYLE_COLOUR('',#9714);
#10493 = STYLED_ITEM('color',(#10494),#2357);
#10494 = PRESENTATION_STYLE_ASSIGNMENT((#10495));
#10495 = SURFACE_STYLE_USAGE(.BOTH.,#10496);
#10496 = SURFACE_SIDE_STYLE('',(#10497));
#10497 = SURFACE_STYLE_FILL_AREA(#10498);
#10498 = FILL_AREA_STYLE('',(#10499));
#10499 = FILL_AREA_STYLE_COLOUR('',#9714);
#10500 = STYLED_ITEM('color',(#10501),#2388);
#10501 = PRESENTATION_STYLE_ASSIGNMENT((#10502));
#10502 = SURFACE_STYLE_USAGE(.BOTH.,#10503);
#10503 = SURFACE_SIDE_STYLE('',(#10504));
#10504 = SURFACE_STYLE_FILL_AREA(#10505);
#10505 = FILL_AREA_STYLE('',(#10506));
#10506 = FILL_AREA_STYLE_COLOUR('',#9714);
#10507 = STYLED_ITEM('color',(#10508),#2412);
#10508 = PRESENTATION_STYLE_ASSIGNMENT((#10509));
#10509 = SURFACE_STYLE_USAGE(.BOTH.,#10510);
#10510 = SURFACE_SIDE_STYLE('',(#10511));
#10511 = SURFACE_STYLE_FILL_AREA(#10512);
#10512 = FILL_AREA_STYLE('',(#10513));
#10513 = FILL_AREA_STYLE_COLOUR('',#9714);
#10514 = STYLED_ITEM('color',(#10515),#2436);
#10515 = PRESENTATION_STYLE_ASSIGNMENT((#10516));
#10516 = SURFACE_STYLE_USAGE(.BOTH.,#10517);
#10517 = SURFACE_SIDE_STYLE('',(#10518));
#10518 = SURFACE_STYLE_FILL_AREA(#10519);
#10519 = FILL_AREA_STYLE('',(#10520));
#10520 = FILL_AREA_STYLE_COLOUR('',#9714);
#10521 = STYLED_ITEM('color',(#10522),#2453);
#10522 = PRESENTATION_STYLE_ASSIGNMENT((#10523));
#10523 = SURFACE_STYLE_USAGE(.BOTH.,#10524);
#10524 = SURFACE_SIDE_STYLE('',(#10525));
#10525 = SURFACE_STYLE_FILL_AREA(#10526);
#10526 = FILL_AREA_STYLE('',(#10527));
#10527 = FILL_AREA_STYLE_COLOUR('',#9714);
#10528 = STYLED_ITEM('color',(#10529),#2484);
#10529 = PRESENTATION_STYLE_ASSIGNMENT((#10530));
#10530 = SURFACE_STYLE_USAGE(.BOTH.,#10531);
#10531 = SURFACE_SIDE_STYLE('',(#10532));
#10532 = SURFACE_STYLE_FILL_AREA(#10533);
#10533 = FILL_AREA_STYLE('',(#10534));
#10534 = FILL_AREA_STYLE_COLOUR('',#9714);
#10535 = STYLED_ITEM('color',(#10536),#2508);
#10536 = PRESENTATION_STYLE_ASSIGNMENT((#10537));
#10537 = SURFACE_STYLE_USAGE(.BOTH.,#10538);
#10538 = SURFACE_SIDE_STYLE('',(#10539));
#10539 = SURFACE_STYLE_FILL_AREA(#10540);
#10540 = FILL_AREA_STYLE('',(#10541));
#10541 = FILL_AREA_STYLE_COLOUR('',#9714);
#10542 = STYLED_ITEM('color',(#10543),#2532);
#10543 = PRESENTATION_STYLE_ASSIGNMENT((#10544));
#10544 = SURFACE_STYLE_USAGE(.BOTH.,#10545);
#10545 = SURFACE_SIDE_STYLE('',(#10546));
#10546 = SURFACE_STYLE_FILL_AREA(#10547);
#10547 = FILL_AREA_STYLE('',(#10548));
#10548 = FILL_AREA_STYLE_COLOUR('',#9714);
#10549 = STYLED_ITEM('color',(#10550),#2549);
#10550 = PRESENTATION_STYLE_ASSIGNMENT((#10551));
#10551 = SURFACE_STYLE_USAGE(.BOTH.,#10552);
#10552 = SURFACE_SIDE_STYLE('',(#10553));
#10553 = SURFACE_STYLE_FILL_AREA(#10554);
#10554 = FILL_AREA_STYLE('',(#10555));
#10555 = FILL_AREA_STYLE_COLOUR('',#9714);
#10556 = STYLED_ITEM('color',(#10557),#2580);
#10557 = PRESENTATION_STYLE_ASSIGNMENT((#10558));
#10558 = SURFACE_STYLE_USAGE(.BOTH.,#10559);
#10559 = SURFACE_SIDE_STYLE('',(#10560));
#10560 = SURFACE_STYLE_FILL_AREA(#10561);
#10561 = FILL_AREA_STYLE('',(#10562));
#10562 = FILL_AREA_STYLE_COLOUR('',#9714);
#10563 = STYLED_ITEM('color',(#10564),#2604);
#10564 = PRESENTATION_STYLE_ASSIGNMENT((#10565));
#10565 = SURFACE_STYLE_USAGE(.BOTH.,#10566);
#10566 = SURFACE_SIDE_STYLE('',(#10567));
#10567 = SURFACE_STYLE_FILL_AREA(#10568);
#10568 = FILL_AREA_STYLE('',(#10569));
#10569 = FILL_AREA_STYLE_COLOUR('',#9714);
#10570 = STYLED_ITEM('color',(#10571),#2628);
#10571 = PRESENTATION_STYLE_ASSIGNMENT((#10572));
#10572 = SURFACE_STYLE_USAGE(.BOTH.,#10573);
#10573 = SURFACE_SIDE_STYLE('',(#10574));
#10574 = SURFACE_STYLE_FILL_AREA(#10575);
#10575 = FILL_AREA_STYLE('',(#10576));
#10576 = FILL_AREA_STYLE_COLOUR('',#9714);
#10577 = STYLED_ITEM('color',(#10578),#2645);
#10578 = PRESENTATION_STYLE_ASSIGNMENT((#10579));
#10579 = SURFACE_STYLE_USAGE(.BOTH.,#10580);
#10580 = SURFACE_SIDE_STYLE('',(#10581));
#10581 = SURFACE_STYLE_FILL_AREA(#10582);
#10582 = FILL_AREA_STYLE('',(#10583));
#10583 = FILL_AREA_STYLE_COLOUR('',#9714);
#10584 = STYLED_ITEM('color',(#10585),#2676);
#10585 = PRESENTATION_STYLE_ASSIGNMENT((#10586));
#10586 = SURFACE_STYLE_USAGE(.BOTH.,#10587);
#10587 = SURFACE_SIDE_STYLE('',(#10588));
#10588 = SURFACE_STYLE_FILL_AREA(#10589);
#10589 = FILL_AREA_STYLE('',(#10590));
#10590 = FILL_AREA_STYLE_COLOUR('',#9714);
#10591 = STYLED_ITEM('color',(#10592),#2700);
#10592 = PRESENTATION_STYLE_ASSIGNMENT((#10593));
#10593 = SURFACE_STYLE_USAGE(.BOTH.,#10594);
#10594 = SURFACE_SIDE_STYLE('',(#10595));
#10595 = SURFACE_STYLE_FILL_AREA(#10596);
#10596 = FILL_AREA_STYLE('',(#10597));
#10597 = FILL_AREA_STYLE_COLOUR('',#9714);
#10598 = STYLED_ITEM('color',(#10599),#2724);
#10599 = PRESENTATION_STYLE_ASSIGNMENT((#10600));
#10600 = SURFACE_STYLE_USAGE(.BOTH.,#10601);
#10601 = SURFACE_SIDE_STYLE('',(#10602));
#10602 = SURFACE_STYLE_FILL_AREA(#10603);
#10603 = FILL_AREA_STYLE('',(#10604));
#10604 = FILL_AREA_STYLE_COLOUR('',#9714);
#10605 = STYLED_ITEM('color',(#10606),#2741);
#10606 = PRESENTATION_STYLE_ASSIGNMENT((#10607));
#10607 = SURFACE_STYLE_USAGE(.BOTH.,#10608);
#10608 = SURFACE_SIDE_STYLE('',(#10609));
#10609 = SURFACE_STYLE_FILL_AREA(#10610);
#10610 = FILL_AREA_STYLE('',(#10611));
#10611 = FILL_AREA_STYLE_COLOUR('',#9714);
#10612 = STYLED_ITEM('color',(#10613),#2753);
#10613 = PRESENTATION_STYLE_ASSIGNMENT((#10614));
#10614 = SURFACE_STYLE_USAGE(.BOTH.,#10615);
#10615 = SURFACE_SIDE_STYLE('',(#10616));
#10616 = SURFACE_STYLE_FILL_AREA(#10617);
#10617 = FILL_AREA_STYLE('',(#10618));
#10618 = FILL_AREA_STYLE_COLOUR('',#9714);
#10619 = STYLED_ITEM('color',(#10620),#2765);
#10620 = PRESENTATION_STYLE_ASSIGNMENT((#10621));
#10621 = SURFACE_STYLE_USAGE(.BOTH.,#10622);
#10622 = SURFACE_SIDE_STYLE('',(#10623));
#10623 = SURFACE_STYLE_FILL_AREA(#10624);
#10624 = FILL_AREA_STYLE('',(#10625));
#10625 = FILL_AREA_STYLE_COLOUR('',#9714);
#10626 = STYLED_ITEM('color',(#10627),#2777);
#10627 = PRESENTATION_STYLE_ASSIGNMENT((#10628));
#10628 = SURFACE_STYLE_USAGE(.BOTH.,#10629);
#10629 = SURFACE_SIDE_STYLE('',(#10630));
#10630 = SURFACE_STYLE_FILL_AREA(#10631);
#10631 = FILL_AREA_STYLE('',(#10632));
#10632 = FILL_AREA_STYLE_COLOUR('',#9714);
#10633 = STYLED_ITEM('color',(#10634),#2789);
#10634 = PRESENTATION_STYLE_ASSIGNMENT((#10635));
#10635 = SURFACE_STYLE_USAGE(.BOTH.,#10636);
#10636 = SURFACE_SIDE_STYLE('',(#10637));
#10637 = SURFACE_STYLE_FILL_AREA(#10638);
#10638 = FILL_AREA_STYLE('',(#10639));
#10639 = FILL_AREA_STYLE_COLOUR('',#9714);
#10640 = STYLED_ITEM('color',(#10641),#2801);
#10641 = PRESENTATION_STYLE_ASSIGNMENT((#10642));
#10642 = SURFACE_STYLE_USAGE(.BOTH.,#10643);
#10643 = SURFACE_SIDE_STYLE('',(#10644));
#10644 = SURFACE_STYLE_FILL_AREA(#10645);
#10645 = FILL_AREA_STYLE('',(#10646));
#10646 = FILL_AREA_STYLE_COLOUR('',#9714);
#10647 = STYLED_ITEM('color',(#10648),#2813);
#10648 = PRESENTATION_STYLE_ASSIGNMENT((#10649));
#10649 = SURFACE_STYLE_USAGE(.BOTH.,#10650);
#10650 = SURFACE_SIDE_STYLE('',(#10651));
#10651 = SURFACE_STYLE_FILL_AREA(#10652);
#10652 = FILL_AREA_STYLE('',(#10653));
#10653 = FILL_AREA_STYLE_COLOUR('',#9714);
#10654 = STYLED_ITEM('color',(#10655),#2825);
#10655 = PRESENTATION_STYLE_ASSIGNMENT((#10656));
#10656 = SURFACE_STYLE_USAGE(.BOTH.,#10657);
#10657 = SURFACE_SIDE_STYLE('',(#10658));
#10658 = SURFACE_STYLE_FILL_AREA(#10659);
#10659 = FILL_AREA_STYLE('',(#10660));
#10660 = FILL_AREA_STYLE_COLOUR('',#9714);
#10661 = MECHANICAL_DESIGN_GEOMETRIC_PRESENTATION_REPRESENTATION('',(
    #10662,#10670,#10677,#10684,#10691,#10698,#10705,#10712,#10719,
    #10726,#10733,#10740,#10747,#10754,#10761,#10768,#10775,#10782,
    #10789,#10796,#10803,#10810,#10817,#10824,#10831,#10838,#10845,
    #10852,#10859,#10866,#10873,#10880,#10887,#10894,#10901,#10908,
    #10915,#10922,#10929,#10936,#10943,#10950,#10957,#10964,#10972,
    #10979,#10986,#10993,#11000,#11007,#11014,#11021,#11028,#11035,
    #11042,#11049,#11056,#11063,#11070,#11077,#11084,#11091,#11098,
    #11105,#11112,#11119,#11126,#11133,#11140,#11147,#11154,#11161,
    #11168,#11175,#11182,#11189,#11196,#11203,#11210,#11217,#11224,
    #11231,#11238,#11245,#11252,#11259,#11266,#11273,#11280,#11287,
    #11294,#11301,#11308),#8013);
#10662 = STYLED_ITEM('color',(#10663),#5123);
#10663 = PRESENTATION_STYLE_ASSIGNMENT((#10664));
#10664 = SURFACE_STYLE_USAGE(.BOTH.,#10665);
#10665 = SURFACE_SIDE_STYLE('',(#10666));
#10666 = SURFACE_STYLE_FILL_AREA(#10667);
#10667 = FILL_AREA_STYLE('',(#10668));
#10668 = FILL_AREA_STYLE_COLOUR('',#10669);
#10669 = COLOUR_RGB('',0.894117649055,0.890196087049,0.811764731185);
#10670 = STYLED_ITEM('color',(#10671),#5163);
#10671 = PRESENTATION_STYLE_ASSIGNMENT((#10672));
#10672 = SURFACE_STYLE_USAGE(.BOTH.,#10673);
#10673 = SURFACE_SIDE_STYLE('',(#10674));
#10674 = SURFACE_STYLE_FILL_AREA(#10675);
#10675 = FILL_AREA_STYLE('',(#10676));
#10676 = FILL_AREA_STYLE_COLOUR('',#10669);
#10677 = STYLED_ITEM('color',(#10678),#5227);
#10678 = PRESENTATION_STYLE_ASSIGNMENT((#10679));
#10679 = SURFACE_STYLE_USAGE(.BOTH.,#10680);
#10680 = SURFACE_SIDE_STYLE('',(#10681));
#10681 = SURFACE_STYLE_FILL_AREA(#10682);
#10682 = FILL_AREA_STYLE('',(#10683));
#10683 = FILL_AREA_STYLE_COLOUR('',#10669);
#10684 = STYLED_ITEM('color',(#10685),#5315);
#10685 = PRESENTATION_STYLE_ASSIGNMENT((#10686));
#10686 = SURFACE_STYLE_USAGE(.BOTH.,#10687);
#10687 = SURFACE_SIDE_STYLE('',(#10688));
#10688 = SURFACE_STYLE_FILL_AREA(#10689);
#10689 = FILL_AREA_STYLE('',(#10690));
#10690 = FILL_AREA_STYLE_COLOUR('',#10669);
#10691 = STYLED_ITEM('color',(#10692),#5355);
#10692 = PRESENTATION_STYLE_ASSIGNMENT((#10693));
#10693 = SURFACE_STYLE_USAGE(.BOTH.,#10694);
#10694 = SURFACE_SIDE_STYLE('',(#10695));
#10695 = SURFACE_STYLE_FILL_AREA(#10696);
#10696 = FILL_AREA_STYLE('',(#10697));
#10697 = FILL_AREA_STYLE_COLOUR('',#10669);
#10698 = STYLED_ITEM('color',(#10699),#5566);
#10699 = PRESENTATION_STYLE_ASSIGNMENT((#10700));
#10700 = SURFACE_STYLE_USAGE(.BOTH.,#10701);
#10701 = SURFACE_SIDE_STYLE('',(#10702));
#10702 = SURFACE_STYLE_FILL_AREA(#10703);
#10703 = FILL_AREA_STYLE('',(#10704));
#10704 = FILL_AREA_STYLE_COLOUR('',#10669);
#10705 = STYLED_ITEM('color',(#10706),#5606);
#10706 = PRESENTATION_STYLE_ASSIGNMENT((#10707));
#10707 = SURFACE_STYLE_USAGE(.BOTH.,#10708);
#10708 = SURFACE_SIDE_STYLE('',(#10709));
#10709 = SURFACE_STYLE_FILL_AREA(#10710);
#10710 = FILL_AREA_STYLE('',(#10711));
#10711 = FILL_AREA_STYLE_COLOUR('',#10669);
#10712 = STYLED_ITEM('color',(#10713),#5630);
#10713 = PRESENTATION_STYLE_ASSIGNMENT((#10714));
#10714 = SURFACE_STYLE_USAGE(.BOTH.,#10715);
#10715 = SURFACE_SIDE_STYLE('',(#10716));
#10716 = SURFACE_STYLE_FILL_AREA(#10717);
#10717 = FILL_AREA_STYLE('',(#10718));
#10718 = FILL_AREA_STYLE_COLOUR('',#10669);
#10719 = STYLED_ITEM('color',(#10720),#5655);
#10720 = PRESENTATION_STYLE_ASSIGNMENT((#10721));
#10721 = SURFACE_STYLE_USAGE(.BOTH.,#10722);
#10722 = SURFACE_SIDE_STYLE('',(#10723));
#10723 = SURFACE_STYLE_FILL_AREA(#10724);
#10724 = FILL_AREA_STYLE('',(#10725));
#10725 = FILL_AREA_STYLE_COLOUR('',#10669);
#10726 = STYLED_ITEM('color',(#10727),#5679);
#10727 = PRESENTATION_STYLE_ASSIGNMENT((#10728));
#10728 = SURFACE_STYLE_USAGE(.BOTH.,#10729);
#10729 = SURFACE_SIDE_STYLE('',(#10730));
#10730 = SURFACE_STYLE_FILL_AREA(#10731);
#10731 = FILL_AREA_STYLE('',(#10732));
#10732 = FILL_AREA_STYLE_COLOUR('',#10669);
#10733 = STYLED_ITEM('color',(#10734),#5728);
#10734 = PRESENTATION_STYLE_ASSIGNMENT((#10735));
#10735 = SURFACE_STYLE_USAGE(.BOTH.,#10736);
#10736 = SURFACE_SIDE_STYLE('',(#10737));
#10737 = SURFACE_STYLE_FILL_AREA(#10738);
#10738 = FILL_AREA_STYLE('',(#10739));
#10739 = FILL_AREA_STYLE_COLOUR('',#10669);
#10740 = STYLED_ITEM('color',(#10741),#5750);
#10741 = PRESENTATION_STYLE_ASSIGNMENT((#10742));
#10742 = SURFACE_STYLE_USAGE(.BOTH.,#10743);
#10743 = SURFACE_SIDE_STYLE('',(#10744));
#10744 = SURFACE_STYLE_FILL_AREA(#10745);
#10745 = FILL_AREA_STYLE('',(#10746));
#10746 = FILL_AREA_STYLE_COLOUR('',#10669);
#10747 = STYLED_ITEM('color',(#10748),#5783);
#10748 = PRESENTATION_STYLE_ASSIGNMENT((#10749));
#10749 = SURFACE_STYLE_USAGE(.BOTH.,#10750);
#10750 = SURFACE_SIDE_STYLE('',(#10751));
#10751 = SURFACE_STYLE_FILL_AREA(#10752);
#10752 = FILL_AREA_STYLE('',(#10753));
#10753 = FILL_AREA_STYLE_COLOUR('',#10669);
#10754 = STYLED_ITEM('color',(#10755),#5807);
#10755 = PRESENTATION_STYLE_ASSIGNMENT((#10756));
#10756 = SURFACE_STYLE_USAGE(.BOTH.,#10757);
#10757 = SURFACE_SIDE_STYLE('',(#10758));
#10758 = SURFACE_STYLE_FILL_AREA(#10759);
#10759 = FILL_AREA_STYLE('',(#10760));
#10760 = FILL_AREA_STYLE_COLOUR('',#10669);
#10761 = STYLED_ITEM('color',(#10762),#5838);
#10762 = PRESENTATION_STYLE_ASSIGNMENT((#10763));
#10763 = SURFACE_STYLE_USAGE(.BOTH.,#10764);
#10764 = SURFACE_SIDE_STYLE('',(#10765));
#10765 = SURFACE_STYLE_FILL_AREA(#10766);
#10766 = FILL_AREA_STYLE('',(#10767));
#10767 = FILL_AREA_STYLE_COLOUR('',#10669);
#10768 = STYLED_ITEM('color',(#10769),#5855);
#10769 = PRESENTATION_STYLE_ASSIGNMENT((#10770));
#10770 = SURFACE_STYLE_USAGE(.BOTH.,#10771);
#10771 = SURFACE_SIDE_STYLE('',(#10772));
#10772 = SURFACE_STYLE_FILL_AREA(#10773);
#10773 = FILL_AREA_STYLE('',(#10774));
#10774 = FILL_AREA_STYLE_COLOUR('',#10669);
#10775 = STYLED_ITEM('color',(#10776),#5888);
#10776 = PRESENTATION_STYLE_ASSIGNMENT((#10777));
#10777 = SURFACE_STYLE_USAGE(.BOTH.,#10778);
#10778 = SURFACE_SIDE_STYLE('',(#10779));
#10779 = SURFACE_STYLE_FILL_AREA(#10780);
#10780 = FILL_AREA_STYLE('',(#10781));
#10781 = FILL_AREA_STYLE_COLOUR('',#10669);
#10782 = STYLED_ITEM('color',(#10783),#5905);
#10783 = PRESENTATION_STYLE_ASSIGNMENT((#10784));
#10784 = SURFACE_STYLE_USAGE(.BOTH.,#10785);
#10785 = SURFACE_SIDE_STYLE('',(#10786));
#10786 = SURFACE_STYLE_FILL_AREA(#10787);
#10787 = FILL_AREA_STYLE('',(#10788));
#10788 = FILL_AREA_STYLE_COLOUR('',#10669);
#10789 = STYLED_ITEM('color',(#10790),#5948);
#10790 = PRESENTATION_STYLE_ASSIGNMENT((#10791));
#10791 = SURFACE_STYLE_USAGE(.BOTH.,#10792);
#10792 = SURFACE_SIDE_STYLE('',(#10793));
#10793 = SURFACE_STYLE_FILL_AREA(#10794);
#10794 = FILL_AREA_STYLE('',(#10795));
#10795 = FILL_AREA_STYLE_COLOUR('',#10669);
#10796 = STYLED_ITEM('color',(#10797),#5965);
#10797 = PRESENTATION_STYLE_ASSIGNMENT((#10798));
#10798 = SURFACE_STYLE_USAGE(.BOTH.,#10799);
#10799 = SURFACE_SIDE_STYLE('',(#10800));
#10800 = SURFACE_STYLE_FILL_AREA(#10801);
#10801 = FILL_AREA_STYLE('',(#10802));
#10802 = FILL_AREA_STYLE_COLOUR('',#10669);
#10803 = STYLED_ITEM('color',(#10804),#6011);
#10804 = PRESENTATION_STYLE_ASSIGNMENT((#10805));
#10805 = SURFACE_STYLE_USAGE(.BOTH.,#10806);
#10806 = SURFACE_SIDE_STYLE('',(#10807));
#10807 = SURFACE_STYLE_FILL_AREA(#10808);
#10808 = FILL_AREA_STYLE('',(#10809));
#10809 = FILL_AREA_STYLE_COLOUR('',#10669);
#10810 = STYLED_ITEM('color',(#10811),#6028);
#10811 = PRESENTATION_STYLE_ASSIGNMENT((#10812));
#10812 = SURFACE_STYLE_USAGE(.BOTH.,#10813);
#10813 = SURFACE_SIDE_STYLE('',(#10814));
#10814 = SURFACE_STYLE_FILL_AREA(#10815);
#10815 = FILL_AREA_STYLE('',(#10816));
#10816 = FILL_AREA_STYLE_COLOUR('',#10669);
#10817 = STYLED_ITEM('color',(#10818),#6091);
#10818 = PRESENTATION_STYLE_ASSIGNMENT((#10819));
#10819 = SURFACE_STYLE_USAGE(.BOTH.,#10820);
#10820 = SURFACE_SIDE_STYLE('',(#10821));
#10821 = SURFACE_STYLE_FILL_AREA(#10822);
#10822 = FILL_AREA_STYLE('',(#10823));
#10823 = FILL_AREA_STYLE_COLOUR('',#10669);
#10824 = STYLED_ITEM('color',(#10825),#6115);
#10825 = PRESENTATION_STYLE_ASSIGNMENT((#10826));
#10826 = SURFACE_STYLE_USAGE(.BOTH.,#10827);
#10827 = SURFACE_SIDE_STYLE('',(#10828));
#10828 = SURFACE_STYLE_FILL_AREA(#10829);
#10829 = FILL_AREA_STYLE('',(#10830));
#10830 = FILL_AREA_STYLE_COLOUR('',#10669);
#10831 = STYLED_ITEM('color',(#10832),#6162);
#10832 = PRESENTATION_STYLE_ASSIGNMENT((#10833));
#10833 = SURFACE_STYLE_USAGE(.BOTH.,#10834);
#10834 = SURFACE_SIDE_STYLE('',(#10835));
#10835 = SURFACE_STYLE_FILL_AREA(#10836);
#10836 = FILL_AREA_STYLE('',(#10837));
#10837 = FILL_AREA_STYLE_COLOUR('',#10669);
#10838 = STYLED_ITEM('color',(#10839),#6186);
#10839 = PRESENTATION_STYLE_ASSIGNMENT((#10840));
#10840 = SURFACE_STYLE_USAGE(.BOTH.,#10841);
#10841 = SURFACE_SIDE_STYLE('',(#10842));
#10842 = SURFACE_STYLE_FILL_AREA(#10843);
#10843 = FILL_AREA_STYLE('',(#10844));
#10844 = FILL_AREA_STYLE_COLOUR('',#10669);
#10845 = STYLED_ITEM('color',(#10846),#6210);
#10846 = PRESENTATION_STYLE_ASSIGNMENT((#10847));
#10847 = SURFACE_STYLE_USAGE(.BOTH.,#10848);
#10848 = SURFACE_SIDE_STYLE('',(#10849));
#10849 = SURFACE_STYLE_FILL_AREA(#10850);
#10850 = FILL_AREA_STYLE('',(#10851));
#10851 = FILL_AREA_STYLE_COLOUR('',#10669);
#10852 = STYLED_ITEM('color',(#10853),#6227);
#10853 = PRESENTATION_STYLE_ASSIGNMENT((#10854));
#10854 = SURFACE_STYLE_USAGE(.BOTH.,#10855);
#10855 = SURFACE_SIDE_STYLE('',(#10856));
#10856 = SURFACE_STYLE_FILL_AREA(#10857);
#10857 = FILL_AREA_STYLE('',(#10858));
#10858 = FILL_AREA_STYLE_COLOUR('',#10669);
#10859 = STYLED_ITEM('color',(#10860),#6244);
#10860 = PRESENTATION_STYLE_ASSIGNMENT((#10861));
#10861 = SURFACE_STYLE_USAGE(.BOTH.,#10862);
#10862 = SURFACE_SIDE_STYLE('',(#10863));
#10863 = SURFACE_STYLE_FILL_AREA(#10864);
#10864 = FILL_AREA_STYLE('',(#10865));
#10865 = FILL_AREA_STYLE_COLOUR('',#10669);
#10866 = STYLED_ITEM('color',(#10867),#6268);
#10867 = PRESENTATION_STYLE_ASSIGNMENT((#10868));
#10868 = SURFACE_STYLE_USAGE(.BOTH.,#10869);
#10869 = SURFACE_SIDE_STYLE('',(#10870));
#10870 = SURFACE_STYLE_FILL_AREA(#10871);
#10871 = FILL_AREA_STYLE('',(#10872));
#10872 = FILL_AREA_STYLE_COLOUR('',#10669);
#10873 = STYLED_ITEM('color',(#10874),#6292);
#10874 = PRESENTATION_STYLE_ASSIGNMENT((#10875));
#10875 = SURFACE_STYLE_USAGE(.BOTH.,#10876);
#10876 = SURFACE_SIDE_STYLE('',(#10877));
#10877 = SURFACE_STYLE_FILL_AREA(#10878);
#10878 = FILL_AREA_STYLE('',(#10879));
#10879 = FILL_AREA_STYLE_COLOUR('',#10669);
#10880 = STYLED_ITEM('color',(#10881),#6309);
#10881 = PRESENTATION_STYLE_ASSIGNMENT((#10882));
#10882 = SURFACE_STYLE_USAGE(.BOTH.,#10883);
#10883 = SURFACE_SIDE_STYLE('',(#10884));
#10884 = SURFACE_STYLE_FILL_AREA(#10885);
#10885 = FILL_AREA_STYLE('',(#10886));
#10886 = FILL_AREA_STYLE_COLOUR('',#10669);
#10887 = STYLED_ITEM('color',(#10888),#6340);
#10888 = PRESENTATION_STYLE_ASSIGNMENT((#10889));
#10889 = SURFACE_STYLE_USAGE(.BOTH.,#10890);
#10890 = SURFACE_SIDE_STYLE('',(#10891));
#10891 = SURFACE_STYLE_FILL_AREA(#10892);
#10892 = FILL_AREA_STYLE('',(#10893));
#10893 = FILL_AREA_STYLE_COLOUR('',#10669);
#10894 = STYLED_ITEM('color',(#10895),#6364);
#10895 = PRESENTATION_STYLE_ASSIGNMENT((#10896));
#10896 = SURFACE_STYLE_USAGE(.BOTH.,#10897);
#10897 = SURFACE_SIDE_STYLE('',(#10898));
#10898 = SURFACE_STYLE_FILL_AREA(#10899);
#10899 = FILL_AREA_STYLE('',(#10900));
#10900 = FILL_AREA_STYLE_COLOUR('',#10669);
#10901 = STYLED_ITEM('color',(#10902),#6388);
#10902 = PRESENTATION_STYLE_ASSIGNMENT((#10903));
#10903 = SURFACE_STYLE_USAGE(.BOTH.,#10904);
#10904 = SURFACE_SIDE_STYLE('',(#10905));
#10905 = SURFACE_STYLE_FILL_AREA(#10906);
#10906 = FILL_AREA_STYLE('',(#10907));
#10907 = FILL_AREA_STYLE_COLOUR('',#10669);
#10908 = STYLED_ITEM('color',(#10909),#6405);
#10909 = PRESENTATION_STYLE_ASSIGNMENT((#10910));
#10910 = SURFACE_STYLE_USAGE(.BOTH.,#10911);
#10911 = SURFACE_SIDE_STYLE('',(#10912));
#10912 = SURFACE_STYLE_FILL_AREA(#10913);
#10913 = FILL_AREA_STYLE('',(#10914));
#10914 = FILL_AREA_STYLE_COLOUR('',#10669);
#10915 = STYLED_ITEM('color',(#10916),#6440);
#10916 = PRESENTATION_STYLE_ASSIGNMENT((#10917));
#10917 = SURFACE_STYLE_USAGE(.BOTH.,#10918);
#10918 = SURFACE_SIDE_STYLE('',(#10919));
#10919 = SURFACE_STYLE_FILL_AREA(#10920);
#10920 = FILL_AREA_STYLE('',(#10921));
#10921 = FILL_AREA_STYLE_COLOUR('',#10669);
#10922 = STYLED_ITEM('color',(#10923),#6480);
#10923 = PRESENTATION_STYLE_ASSIGNMENT((#10924));
#10924 = SURFACE_STYLE_USAGE(.BOTH.,#10925);
#10925 = SURFACE_SIDE_STYLE('',(#10926));
#10926 = SURFACE_STYLE_FILL_AREA(#10927);
#10927 = FILL_AREA_STYLE('',(#10928));
#10928 = FILL_AREA_STYLE_COLOUR('',#10669);
#10929 = STYLED_ITEM('color',(#10930),#6504);
#10930 = PRESENTATION_STYLE_ASSIGNMENT((#10931));
#10931 = SURFACE_STYLE_USAGE(.BOTH.,#10932);
#10932 = SURFACE_SIDE_STYLE('',(#10933));
#10933 = SURFACE_STYLE_FILL_AREA(#10934);
#10934 = FILL_AREA_STYLE('',(#10935));
#10935 = FILL_AREA_STYLE_COLOUR('',#10669);
#10936 = STYLED_ITEM('color',(#10937),#6545);
#10937 = PRESENTATION_STYLE_ASSIGNMENT((#10938));
#10938 = SURFACE_STYLE_USAGE(.BOTH.,#10939);
#10939 = SURFACE_SIDE_STYLE('',(#10940));
#10940 = SURFACE_STYLE_FILL_AREA(#10941);
#10941 = FILL_AREA_STYLE('',(#10942));
#10942 = FILL_AREA_STYLE_COLOUR('',#10669);
#10943 = STYLED_ITEM('color',(#10944),#6594);
#10944 = PRESENTATION_STYLE_ASSIGNMENT((#10945));
#10945 = SURFACE_STYLE_USAGE(.BOTH.,#10946);
#10946 = SURFACE_SIDE_STYLE('',(#10947));
#10947 = SURFACE_STYLE_FILL_AREA(#10948);
#10948 = FILL_AREA_STYLE('',(#10949));
#10949 = FILL_AREA_STYLE_COLOUR('',#10669);
#10950 = STYLED_ITEM('color',(#10951),#6640);
#10951 = PRESENTATION_STYLE_ASSIGNMENT((#10952));
#10952 = SURFACE_STYLE_USAGE(.BOTH.,#10953);
#10953 = SURFACE_SIDE_STYLE('',(#10954));
#10954 = SURFACE_STYLE_FILL_AREA(#10955);
#10955 = FILL_AREA_STYLE('',(#10956));
#10956 = FILL_AREA_STYLE_COLOUR('',#10669);
#10957 = STYLED_ITEM('color',(#10958),#6657);
#10958 = PRESENTATION_STYLE_ASSIGNMENT((#10959));
#10959 = SURFACE_STYLE_USAGE(.BOTH.,#10960);
#10960 = SURFACE_SIDE_STYLE('',(#10961));
#10961 = SURFACE_STYLE_FILL_AREA(#10962);
#10962 = FILL_AREA_STYLE('',(#10963));
#10963 = FILL_AREA_STYLE_COLOUR('',#10669);
#10964 = STYLED_ITEM('color',(#10965),#6669);
#10965 = PRESENTATION_STYLE_ASSIGNMENT((#10966));
#10966 = SURFACE_STYLE_USAGE(.BOTH.,#10967);
#10967 = SURFACE_SIDE_STYLE('',(#10968));
#10968 = SURFACE_STYLE_FILL_AREA(#10969);
#10969 = FILL_AREA_STYLE('',(#10970));
#10970 = FILL_AREA_STYLE_COLOUR('',#10971);
#10971 = COLOUR_RGB('',0.823529417451,0.819607860991,0.780392170416);
#10972 = STYLED_ITEM('color',(#10973),#6700);
#10973 = PRESENTATION_STYLE_ASSIGNMENT((#10974));
#10974 = SURFACE_STYLE_USAGE(.BOTH.,#10975);
#10975 = SURFACE_SIDE_STYLE('',(#10976));
#10976 = SURFACE_STYLE_FILL_AREA(#10977);
#10977 = FILL_AREA_STYLE('',(#10978));
#10978 = FILL_AREA_STYLE_COLOUR('',#10971);
#10979 = STYLED_ITEM('color',(#10980),#6756);
#10980 = PRESENTATION_STYLE_ASSIGNMENT((#10981));
#10981 = SURFACE_STYLE_USAGE(.BOTH.,#10982);
#10982 = SURFACE_SIDE_STYLE('',(#10983));
#10983 = SURFACE_STYLE_FILL_AREA(#10984);
#10984 = FILL_AREA_STYLE('',(#10985));
#10985 = FILL_AREA_STYLE_COLOUR('',#10971);
#10986 = STYLED_ITEM('color',(#10987),#6780);
#10987 = PRESENTATION_STYLE_ASSIGNMENT((#10988));
#10988 = SURFACE_STYLE_USAGE(.BOTH.,#10989);
#10989 = SURFACE_SIDE_STYLE('',(#10990));
#10990 = SURFACE_STYLE_FILL_AREA(#10991);
#10991 = FILL_AREA_STYLE('',(#10992));
#10992 = FILL_AREA_STYLE_COLOUR('',#10971);
#10993 = STYLED_ITEM('color',(#10994),#6829);
#10994 = PRESENTATION_STYLE_ASSIGNMENT((#10995));
#10995 = SURFACE_STYLE_USAGE(.BOTH.,#10996);
#10996 = SURFACE_SIDE_STYLE('',(#10997));
#10997 = SURFACE_STYLE_FILL_AREA(#10998);
#10998 = FILL_AREA_STYLE('',(#10999));
#10999 = FILL_AREA_STYLE_COLOUR('',#10669);
#11000 = STYLED_ITEM('color',(#11001),#6841);
#11001 = PRESENTATION_STYLE_ASSIGNMENT((#11002));
#11002 = SURFACE_STYLE_USAGE(.BOTH.,#11003);
#11003 = SURFACE_SIDE_STYLE('',(#11004));
#11004 = SURFACE_STYLE_FILL_AREA(#11005);
#11005 = FILL_AREA_STYLE('',(#11006));
#11006 = FILL_AREA_STYLE_COLOUR('',#10669);
#11007 = STYLED_ITEM('color',(#11008),#6944);
#11008 = PRESENTATION_STYLE_ASSIGNMENT((#11009));
#11009 = SURFACE_STYLE_USAGE(.BOTH.,#11010);
#11010 = SURFACE_SIDE_STYLE('',(#11011));
#11011 = SURFACE_STYLE_FILL_AREA(#11012);
#11012 = FILL_AREA_STYLE('',(#11013));
#11013 = FILL_AREA_STYLE_COLOUR('',#10669);
#11014 = STYLED_ITEM('color',(#11015),#6968);
#11015 = PRESENTATION_STYLE_ASSIGNMENT((#11016));
#11016 = SURFACE_STYLE_USAGE(.BOTH.,#11017);
#11017 = SURFACE_SIDE_STYLE('',(#11018));
#11018 = SURFACE_STYLE_FILL_AREA(#11019);
#11019 = FILL_AREA_STYLE('',(#11020));
#11020 = FILL_AREA_STYLE_COLOUR('',#10669);
#11021 = STYLED_ITEM('color',(#11022),#6992);
#11022 = PRESENTATION_STYLE_ASSIGNMENT((#11023));
#11023 = SURFACE_STYLE_USAGE(.BOTH.,#11024);
#11024 = SURFACE_SIDE_STYLE('',(#11025));
#11025 = SURFACE_STYLE_FILL_AREA(#11026);
#11026 = FILL_AREA_STYLE('',(#11027));
#11027 = FILL_AREA_STYLE_COLOUR('',#10669);
#11028 = STYLED_ITEM('color',(#11029),#7009);
#11029 = PRESENTATION_STYLE_ASSIGNMENT((#11030));
#11030 = SURFACE_STYLE_USAGE(.BOTH.,#11031);
#11031 = SURFACE_SIDE_STYLE('',(#11032));
#11032 = SURFACE_STYLE_FILL_AREA(#11033);
#11033 = FILL_AREA_STYLE('',(#11034));
#11034 = FILL_AREA_STYLE_COLOUR('',#10971);
#11035 = STYLED_ITEM('color',(#11036),#7040);
#11036 = PRESENTATION_STYLE_ASSIGNMENT((#11037));
#11037 = SURFACE_STYLE_USAGE(.BOTH.,#11038);
#11038 = SURFACE_SIDE_STYLE('',(#11039));
#11039 = SURFACE_STYLE_FILL_AREA(#11040);
#11040 = FILL_AREA_STYLE('',(#11041));
#11041 = FILL_AREA_STYLE_COLOUR('',#10971);
#11042 = STYLED_ITEM('color',(#11043),#7096);
#11043 = PRESENTATION_STYLE_ASSIGNMENT((#11044));
#11044 = SURFACE_STYLE_USAGE(.BOTH.,#11045);
#11045 = SURFACE_SIDE_STYLE('',(#11046));
#11046 = SURFACE_STYLE_FILL_AREA(#11047);
#11047 = FILL_AREA_STYLE('',(#11048));
#11048 = FILL_AREA_STYLE_COLOUR('',#10971);
#11049 = STYLED_ITEM('color',(#11050),#7120);
#11050 = PRESENTATION_STYLE_ASSIGNMENT((#11051));
#11051 = SURFACE_STYLE_USAGE(.BOTH.,#11052);
#11052 = SURFACE_SIDE_STYLE('',(#11053));
#11053 = SURFACE_STYLE_FILL_AREA(#11054);
#11054 = FILL_AREA_STYLE('',(#11055));
#11055 = FILL_AREA_STYLE_COLOUR('',#10971);
#11056 = STYLED_ITEM('color',(#11057),#7169);
#11057 = PRESENTATION_STYLE_ASSIGNMENT((#11058));
#11058 = SURFACE_STYLE_USAGE(.BOTH.,#11059);
#11059 = SURFACE_SIDE_STYLE('',(#11060));
#11060 = SURFACE_STYLE_FILL_AREA(#11061);
#11061 = FILL_AREA_STYLE('',(#11062));
#11062 = FILL_AREA_STYLE_COLOUR('',#10971);
#11063 = STYLED_ITEM('color',(#11064),#7186);
#11064 = PRESENTATION_STYLE_ASSIGNMENT((#11065));
#11065 = SURFACE_STYLE_USAGE(.BOTH.,#11066);
#11066 = SURFACE_SIDE_STYLE('',(#11067));
#11067 = SURFACE_STYLE_FILL_AREA(#11068);
#11068 = FILL_AREA_STYLE('',(#11069));
#11069 = FILL_AREA_STYLE_COLOUR('',#10971);
#11070 = STYLED_ITEM('color',(#11071),#7233);
#11071 = PRESENTATION_STYLE_ASSIGNMENT((#11072));
#11072 = SURFACE_STYLE_USAGE(.BOTH.,#11073);
#11073 = SURFACE_SIDE_STYLE('',(#11074));
#11074 = SURFACE_STYLE_FILL_AREA(#11075);
#11075 = FILL_AREA_STYLE('',(#11076));
#11076 = FILL_AREA_STYLE_COLOUR('',#10971);
#11077 = STYLED_ITEM('color',(#11078),#7259);
#11078 = PRESENTATION_STYLE_ASSIGNMENT((#11079));
#11079 = SURFACE_STYLE_USAGE(.BOTH.,#11080);
#11080 = SURFACE_SIDE_STYLE('',(#11081));
#11081 = SURFACE_STYLE_FILL_AREA(#11082);
#11082 = FILL_AREA_STYLE('',(#11083));
#11083 = FILL_AREA_STYLE_COLOUR('',#10971);
#11084 = STYLED_ITEM('color',(#11085),#7276);
#11085 = PRESENTATION_STYLE_ASSIGNMENT((#11086));
#11086 = SURFACE_STYLE_USAGE(.BOTH.,#11087);
#11087 = SURFACE_SIDE_STYLE('',(#11088));
#11088 = SURFACE_STYLE_FILL_AREA(#11089);
#11089 = FILL_AREA_STYLE('',(#11090));
#11090 = FILL_AREA_STYLE_COLOUR('',#10971);
#11091 = STYLED_ITEM('color',(#11092),#7302);
#11092 = PRESENTATION_STYLE_ASSIGNMENT((#11093));
#11093 = SURFACE_STYLE_USAGE(.BOTH.,#11094);
#11094 = SURFACE_SIDE_STYLE('',(#11095));
#11095 = SURFACE_STYLE_FILL_AREA(#11096);
#11096 = FILL_AREA_STYLE('',(#11097));
#11097 = FILL_AREA_STYLE_COLOUR('',#10971);
#11098 = STYLED_ITEM('color',(#11099),#7335);
#11099 = PRESENTATION_STYLE_ASSIGNMENT((#11100));
#11100 = SURFACE_STYLE_USAGE(.BOTH.,#11101);
#11101 = SURFACE_SIDE_STYLE('',(#11102));
#11102 = SURFACE_STYLE_FILL_AREA(#11103);
#11103 = FILL_AREA_STYLE('',(#11104));
#11104 = FILL_AREA_STYLE_COLOUR('',#10669);
#11105 = STYLED_ITEM('color',(#11106),#7347);
#11106 = PRESENTATION_STYLE_ASSIGNMENT((#11107));
#11107 = SURFACE_STYLE_USAGE(.BOTH.,#11108);
#11108 = SURFACE_SIDE_STYLE('',(#11109));
#11109 = SURFACE_STYLE_FILL_AREA(#11110);
#11110 = FILL_AREA_STYLE('',(#11111));
#11111 = FILL_AREA_STYLE_COLOUR('',#10971);
#11112 = STYLED_ITEM('color',(#11113),#7378);
#11113 = PRESENTATION_STYLE_ASSIGNMENT((#11114));
#11114 = SURFACE_STYLE_USAGE(.BOTH.,#11115);
#11115 = SURFACE_SIDE_STYLE('',(#11116));
#11116 = SURFACE_STYLE_FILL_AREA(#11117);
#11117 = FILL_AREA_STYLE('',(#11118));
#11118 = FILL_AREA_STYLE_COLOUR('',#10971);
#11119 = STYLED_ITEM('color',(#11120),#7402);
#11120 = PRESENTATION_STYLE_ASSIGNMENT((#11121));
#11121 = SURFACE_STYLE_USAGE(.BOTH.,#11122);
#11122 = SURFACE_SIDE_STYLE('',(#11123));
#11123 = SURFACE_STYLE_FILL_AREA(#11124);
#11124 = FILL_AREA_STYLE('',(#11125));
#11125 = FILL_AREA_STYLE_COLOUR('',#10971);
#11126 = STYLED_ITEM('color',(#11127),#7426);
#11127 = PRESENTATION_STYLE_ASSIGNMENT((#11128));
#11128 = SURFACE_STYLE_USAGE(.BOTH.,#11129);
#11129 = SURFACE_SIDE_STYLE('',(#11130));
#11130 = SURFACE_STYLE_FILL_AREA(#11131);
#11131 = FILL_AREA_STYLE('',(#11132));
#11132 = FILL_AREA_STYLE_COLOUR('',#10971);
#11133 = STYLED_ITEM('color',(#11134),#7443);
#11134 = PRESENTATION_STYLE_ASSIGNMENT((#11135));
#11135 = SURFACE_STYLE_USAGE(.BOTH.,#11136);
#11136 = SURFACE_SIDE_STYLE('',(#11137));
#11137 = SURFACE_STYLE_FILL_AREA(#11138);
#11138 = FILL_AREA_STYLE('',(#11139));
#11139 = FILL_AREA_STYLE_COLOUR('',#10971);
#11140 = STYLED_ITEM('color',(#11141),#7474);
#11141 = PRESENTATION_STYLE_ASSIGNMENT((#11142));
#11142 = SURFACE_STYLE_USAGE(.BOTH.,#11143);
#11143 = SURFACE_SIDE_STYLE('',(#11144));
#11144 = SURFACE_STYLE_FILL_AREA(#11145);
#11145 = FILL_AREA_STYLE('',(#11146));
#11146 = FILL_AREA_STYLE_COLOUR('',#10971);
#11147 = STYLED_ITEM('color',(#11148),#7498);
#11148 = PRESENTATION_STYLE_ASSIGNMENT((#11149));
#11149 = SURFACE_STYLE_USAGE(.BOTH.,#11150);
#11150 = SURFACE_SIDE_STYLE('',(#11151));
#11151 = SURFACE_STYLE_FILL_AREA(#11152);
#11152 = FILL_AREA_STYLE('',(#11153));
#11153 = FILL_AREA_STYLE_COLOUR('',#10971);
#11154 = STYLED_ITEM('color',(#11155),#7522);
#11155 = PRESENTATION_STYLE_ASSIGNMENT((#11156));
#11156 = SURFACE_STYLE_USAGE(.BOTH.,#11157);
#11157 = SURFACE_SIDE_STYLE('',(#11158));
#11158 = SURFACE_STYLE_FILL_AREA(#11159);
#11159 = FILL_AREA_STYLE('',(#11160));
#11160 = FILL_AREA_STYLE_COLOUR('',#10971);
#11161 = STYLED_ITEM('color',(#11162),#7539);
#11162 = PRESENTATION_STYLE_ASSIGNMENT((#11163));
#11163 = SURFACE_STYLE_USAGE(.BOTH.,#11164);
#11164 = SURFACE_SIDE_STYLE('',(#11165));
#11165 = SURFACE_STYLE_FILL_AREA(#11166);
#11166 = FILL_AREA_STYLE('',(#11167));
#11167 = FILL_AREA_STYLE_COLOUR('',#10971);
#11168 = STYLED_ITEM('color',(#11169),#7556);
#11169 = PRESENTATION_STYLE_ASSIGNMENT((#11170));
#11170 = SURFACE_STYLE_USAGE(.BOTH.,#11171);
#11171 = SURFACE_SIDE_STYLE('',(#11172));
#11172 = SURFACE_STYLE_FILL_AREA(#11173);
#11173 = FILL_AREA_STYLE('',(#11174));
#11174 = FILL_AREA_STYLE_COLOUR('',#10971);
#11175 = STYLED_ITEM('color',(#11176),#7603);
#11176 = PRESENTATION_STYLE_ASSIGNMENT((#11177));
#11177 = SURFACE_STYLE_USAGE(.BOTH.,#11178);
#11178 = SURFACE_SIDE_STYLE('',(#11179));
#11179 = SURFACE_STYLE_FILL_AREA(#11180);
#11180 = FILL_AREA_STYLE('',(#11181));
#11181 = FILL_AREA_STYLE_COLOUR('',#10971);
#11182 = STYLED_ITEM('color',(#11183),#7629);
#11183 = PRESENTATION_STYLE_ASSIGNMENT((#11184));
#11184 = SURFACE_STYLE_USAGE(.BOTH.,#11185);
#11185 = SURFACE_SIDE_STYLE('',(#11186));
#11186 = SURFACE_STYLE_FILL_AREA(#11187);
#11187 = FILL_AREA_STYLE('',(#11188));
#11188 = FILL_AREA_STYLE_COLOUR('',#10971);
#11189 = STYLED_ITEM('color',(#11190),#7646);
#11190 = PRESENTATION_STYLE_ASSIGNMENT((#11191));
#11191 = SURFACE_STYLE_USAGE(.BOTH.,#11192);
#11192 = SURFACE_SIDE_STYLE('',(#11193));
#11193 = SURFACE_STYLE_FILL_AREA(#11194);
#11194 = FILL_AREA_STYLE('',(#11195));
#11195 = FILL_AREA_STYLE_COLOUR('',#10971);
#11196 = STYLED_ITEM('color',(#11197),#7672);
#11197 = PRESENTATION_STYLE_ASSIGNMENT((#11198));
#11198 = SURFACE_STYLE_USAGE(.BOTH.,#11199);
#11199 = SURFACE_SIDE_STYLE('',(#11200));
#11200 = SURFACE_STYLE_FILL_AREA(#11201);
#11201 = FILL_AREA_STYLE('',(#11202));
#11202 = FILL_AREA_STYLE_COLOUR('',#10971);
#11203 = STYLED_ITEM('color',(#11204),#7705);
#11204 = PRESENTATION_STYLE_ASSIGNMENT((#11205));
#11205 = SURFACE_STYLE_USAGE(.BOTH.,#11206);
#11206 = SURFACE_SIDE_STYLE('',(#11207));
#11207 = SURFACE_STYLE_FILL_AREA(#11208);
#11208 = FILL_AREA_STYLE('',(#11209));
#11209 = FILL_AREA_STYLE_COLOUR('',#10971);
#11210 = STYLED_ITEM('color',(#11211),#7722);
#11211 = PRESENTATION_STYLE_ASSIGNMENT((#11212));
#11212 = SURFACE_STYLE_USAGE(.BOTH.,#11213);
#11213 = SURFACE_SIDE_STYLE('',(#11214));
#11214 = SURFACE_STYLE_FILL_AREA(#11215);
#11215 = FILL_AREA_STYLE('',(#11216));
#11216 = FILL_AREA_STYLE_COLOUR('',#10971);
#11217 = STYLED_ITEM('color',(#11218),#7739);
#11218 = PRESENTATION_STYLE_ASSIGNMENT((#11219));
#11219 = SURFACE_STYLE_USAGE(.BOTH.,#11220);
#11220 = SURFACE_SIDE_STYLE('',(#11221));
#11221 = SURFACE_STYLE_FILL_AREA(#11222);
#11222 = FILL_AREA_STYLE('',(#11223));
#11223 = FILL_AREA_STYLE_COLOUR('',#10971);
#11224 = STYLED_ITEM('color',(#11225),#7751);
#11225 = PRESENTATION_STYLE_ASSIGNMENT((#11226));
#11226 = SURFACE_STYLE_USAGE(.BOTH.,#11227);
#11227 = SURFACE_SIDE_STYLE('',(#11228));
#11228 = SURFACE_STYLE_FILL_AREA(#11229);
#11229 = FILL_AREA_STYLE('',(#11230));
#11230 = FILL_AREA_STYLE_COLOUR('',#10971);
#11231 = STYLED_ITEM('color',(#11232),#7782);
#11232 = PRESENTATION_STYLE_ASSIGNMENT((#11233));
#11233 = SURFACE_STYLE_USAGE(.BOTH.,#11234);
#11234 = SURFACE_SIDE_STYLE('',(#11235));
#11235 = SURFACE_STYLE_FILL_AREA(#11236);
#11236 = FILL_AREA_STYLE('',(#11237));
#11237 = FILL_AREA_STYLE_COLOUR('',#10971);
#11238 = STYLED_ITEM('color',(#11239),#7806);
#11239 = PRESENTATION_STYLE_ASSIGNMENT((#11240));
#11240 = SURFACE_STYLE_USAGE(.BOTH.,#11241);
#11241 = SURFACE_SIDE_STYLE('',(#11242));
#11242 = SURFACE_STYLE_FILL_AREA(#11243);
#11243 = FILL_AREA_STYLE('',(#11244));
#11244 = FILL_AREA_STYLE_COLOUR('',#10971);
#11245 = STYLED_ITEM('color',(#11246),#7830);
#11246 = PRESENTATION_STYLE_ASSIGNMENT((#11247));
#11247 = SURFACE_STYLE_USAGE(.BOTH.,#11248);
#11248 = SURFACE_SIDE_STYLE('',(#11249));
#11249 = SURFACE_STYLE_FILL_AREA(#11250);
#11250 = FILL_AREA_STYLE('',(#11251));
#11251 = FILL_AREA_STYLE_COLOUR('',#10971);
#11252 = STYLED_ITEM('color',(#11253),#7847);
#11253 = PRESENTATION_STYLE_ASSIGNMENT((#11254));
#11254 = SURFACE_STYLE_USAGE(.BOTH.,#11255);
#11255 = SURFACE_SIDE_STYLE('',(#11256));
#11256 = SURFACE_STYLE_FILL_AREA(#11257);
#11257 = FILL_AREA_STYLE('',(#11258));
#11258 = FILL_AREA_STYLE_COLOUR('',#10971);
#11259 = STYLED_ITEM('color',(#11260),#7878);
#11260 = PRESENTATION_STYLE_ASSIGNMENT((#11261));
#11261 = SURFACE_STYLE_USAGE(.BOTH.,#11262);
#11262 = SURFACE_SIDE_STYLE('',(#11263));
#11263 = SURFACE_STYLE_FILL_AREA(#11264);
#11264 = FILL_AREA_STYLE('',(#11265));
#11265 = FILL_AREA_STYLE_COLOUR('',#10971);
#11266 = STYLED_ITEM('color',(#11267),#7902);
#11267 = PRESENTATION_STYLE_ASSIGNMENT((#11268));
#11268 = SURFACE_STYLE_USAGE(.BOTH.,#11269);
#11269 = SURFACE_SIDE_STYLE('',(#11270));
#11270 = SURFACE_STYLE_FILL_AREA(#11271);
#11271 = FILL_AREA_STYLE('',(#11272));
#11272 = FILL_AREA_STYLE_COLOUR('',#10971);
#11273 = STYLED_ITEM('color',(#11274),#7926);
#11274 = PRESENTATION_STYLE_ASSIGNMENT((#11275));
#11275 = SURFACE_STYLE_USAGE(.BOTH.,#11276);
#11276 = SURFACE_SIDE_STYLE('',(#11277));
#11277 = SURFACE_STYLE_FILL_AREA(#11278);
#11278 = FILL_AREA_STYLE('',(#11279));
#11279 = FILL_AREA_STYLE_COLOUR('',#10971);
#11280 = STYLED_ITEM('color',(#11281),#7943);
#11281 = PRESENTATION_STYLE_ASSIGNMENT((#11282));
#11282 = SURFACE_STYLE_USAGE(.BOTH.,#11283);
#11283 = SURFACE_SIDE_STYLE('',(#11284));
#11284 = SURFACE_STYLE_FILL_AREA(#11285);
#11285 = FILL_AREA_STYLE('',(#11286));
#11286 = FILL_AREA_STYLE_COLOUR('',#10971);
#11287 = STYLED_ITEM('color',(#11288),#7960);
#11288 = PRESENTATION_STYLE_ASSIGNMENT((#11289));
#11289 = SURFACE_STYLE_USAGE(.BOTH.,#11290);
#11290 = SURFACE_SIDE_STYLE('',(#11291));
#11291 = SURFACE_STYLE_FILL_AREA(#11292);
#11292 = FILL_AREA_STYLE('',(#11293));
#11293 = FILL_AREA_STYLE_COLOUR('',#10971);
#11294 = STYLED_ITEM('color',(#11295),#7977);
#11295 = PRESENTATION_STYLE_ASSIGNMENT((#11296));
#11296 = SURFACE_STYLE_USAGE(.BOTH.,#11297);
#11297 = SURFACE_SIDE_STYLE('',(#11298));
#11298 = SURFACE_STYLE_FILL_AREA(#11299);
#11299 = FILL_AREA_STYLE('',(#11300));
#11300 = FILL_AREA_STYLE_COLOUR('',#10971);
#11301 = STYLED_ITEM('color',(#11302),#7989);
#11302 = PRESENTATION_STYLE_ASSIGNMENT((#11303));
#11303 = SURFACE_STYLE_USAGE(.BOTH.,#11304);
#11304 = SURFACE_SIDE_STYLE('',(#11305));
#11305 = SURFACE_STYLE_FILL_AREA(#11306);
#11306 = FILL_AREA_STYLE('',(#11307));
#11307 = FILL_AREA_STYLE_COLOUR('',#10971);
#11308 = STYLED_ITEM('color',(#11309),#8001);
#11309 = PRESENTATION_STYLE_ASSIGNMENT((#11310));
#11310 = SURFACE_STYLE_USAGE(.BOTH.,#11311);
#11311 = SURFACE_SIDE_STYLE('',(#11312));
#11312 = SURFACE_STYLE_FILL_AREA(#11313);
#11313 = FILL_AREA_STYLE('',(#11314));
#11314 = FILL_AREA_STYLE_COLOUR('',#10971);
ENDSEC;
END-ISO-10303-21;
